PathFileType	4	(X/Y/Z)	SB25.trc
DataRate	CameraRate	NumFrames	NumMarkers	Units	OrigDataRate	OrigDataStartFrame	OrigNumFrames
60.0	60.0	531	25	m	60.0	1	531
Frame#	Time	R.ASIS			L.ASIS			V.Sacral			R.Knee.Lat			R.Knee.Med			L.Knee.Lat			L.Knee.Med			R.Ankle.Lat			R.Ankle.Med			L.Ankle.Lat			L.Ankle.Med			R.Shank.Front			L.Shank.Front			R.Heel			L.Heel			R.Toe.Tip			L.Toe.Tip			R.Midfoot.Lat			L.Midfoot.Lat			R.Toe.Med			L.Toe.Med			Sternum			Top.Head			R.Acromium			L.Acromium		
		X1	Y1	Z1	X2	Y2	Z2	X3	Y3	Z3	X4	Y4	Z4	X5	Y5	Z5	X6	Y6	Z6	X7	Y7	Z7	X8	Y8	Z8	X9	Y9	Z9	X10	Y10	Z10	X11	Y11	Z11	X12	Y12	Z12	X13	Y13	Z13	X14	Y14	Z14	X15	Y15	Z15	X16	Y16	Z16	X17	Y17	Z17	X18	Y18	Z18	X19	Y19	Z19	X20	Y20	Z20	X21	Y21	Z21	X22	Y22	Z22	X23	Y23	Z23	X24	Y24	Z24	X25	Y25	Z25

1	0.000000	0.741474	0.543703	0.158428	0.740542	0.551361	-0.159542	0.660134	0.706431	0.002101	0.496714	0.166557	0.113788	0.499428	0.174215	0.028794	0.809685	0.191445	-0.165484	0.809578	0.187616	-0.079761	0.106580	0.026802	0.041091	0.112213	0.032546	-0.019186	0.429349	0.024888	-0.072365	0.441758	0.026802	-0.011253	0.491605	0.111038	0.061749	0.806972	0.134011	-0.115635	0.000000	0.000000	-0.000000	0.330485	-0.011487	-0.025543	0.206279	-0.166557	0.011372	0.545420	-0.168471	-0.065167	0.110543	-0.151241	0.052042	0.447809	-0.151241	-0.098123	0.120660	-0.147412	-0.039313	0.462615	-0.153156	-0.005412	1.132448	0.390547	0.002216	1.520186	0.428836	-0.026976	1.173429	0.484355	0.157082	1.143715	0.426922	-0.188628
2	0.016667	0.761184	0.551361	0.158324	0.755038	0.553275	-0.161106	0.670354	0.708345	0.000745	0.503806	0.172300	0.118585	0.505581	0.176129	0.031923	0.813022	0.185701	-0.167361	0.812916	0.183787	-0.081638	0.114610	0.026802	0.047557	0.120973	0.032546	-0.015327	0.432895	0.024888	-0.069966	0.445304	0.026802	-0.008854	0.498697	0.112952	0.066546	0.811978	0.128268	-0.118451	0.007821	0.005743	0.002190	0.333092	-0.009572	-0.024813	0.205548	-0.166557	0.013979	0.544482	-0.168471	-0.066835	0.111481	-0.151241	0.053710	0.448747	-0.151241	-0.096455	0.121599	-0.147412	-0.037645	0.462615	-0.155070	-0.005412	1.158102	0.415435	0.000965	1.540209	0.469039	-0.038238	1.197206	0.516901	0.152494	1.162278	0.447981	-0.194677
3	0.033333	0.785900	0.559018	0.155405	0.773810	0.557104	-0.162878	0.684850	0.708345	-0.000819	0.516841	0.174215	0.122236	0.518616	0.178044	0.035574	0.821573	0.181872	-0.167778	0.822406	0.178044	-0.080386	0.126916	0.026802	0.053815	0.134217	0.032546	-0.007401	0.437171	0.026802	-0.070175	0.451248	0.026802	-0.010001	0.511733	0.114867	0.070197	0.818861	0.122525	-0.117929	0.019919	0.013401	0.004172	0.338306	-0.005743	-0.023352	0.203880	-0.166557	0.014918	0.544482	-0.168471	-0.066835	0.111481	-0.153156	0.053710	0.448747	-0.149327	-0.096455	0.124206	-0.145498	-0.036915	0.462615	-0.153156	-0.005412	1.188032	0.444152	-0.000494	1.566177	0.516901	-0.050648	1.221714	0.553275	0.145299	1.185117	0.476697	-0.200933
4	0.050000	0.814162	0.564762	0.154884	0.797796	0.560933	-0.163190	0.702891	0.708345	0.000016	0.537490	0.174215	0.123800	0.537596	0.179958	0.038077	0.829395	0.174215	-0.165588	0.830227	0.172300	-0.078196	0.147043	0.026802	0.062262	0.153406	0.032546	-0.000622	0.444054	0.026802	-0.069653	0.456462	0.028717	-0.008541	0.532381	0.116781	0.071761	0.825014	0.116781	-0.114801	0.039837	0.026802	0.008344	0.340913	-0.001914	-0.022622	0.206487	-0.166557	0.015648	0.544482	-0.168471	-0.066835	0.111481	-0.151241	0.053710	0.448747	-0.149327	-0.096455	0.128482	-0.139755	-0.037123	0.462615	-0.153156	-0.005412	1.219423	0.472868	-0.007168	1.592874	0.570505	-0.065664	1.251436	0.587735	0.139564	1.211293	0.507328	-0.209067
5	0.066667	0.847638	0.568591	0.155823	0.825327	0.566676	-0.161104	0.726147	0.708345	0.002311	0.565752	0.174215	0.123280	0.563251	0.179958	0.036826	0.836486	0.168471	-0.160791	0.837318	0.166557	-0.073399	0.174991	0.026802	0.072900	0.178017	0.030631	0.011893	0.446661	0.028717	-0.068923	0.459070	0.028717	-0.007811	0.558974	0.114867	0.072179	0.831166	0.111038	-0.111672	0.067577	0.042118	0.014706	0.345189	0.000000	-0.022831	0.205548	-0.166557	0.013979	0.544482	-0.168471	-0.066835	0.111273	-0.145498	0.049434	0.448747	-0.147412	-0.096455	0.133488	-0.132097	-0.039939	0.462615	-0.153156	-0.005412	1.255611	0.501585	-0.020933	1.620302	0.627939	-0.083288	1.283556	0.616452	0.130283	1.240806	0.545617	-0.219078
6	0.083333	0.883721	0.574334	0.157493	0.858803	0.572420	-0.160165	0.754617	0.708345	0.006066	0.599019	0.172300	0.119943	0.597457	0.179958	0.035158	0.841909	0.160814	-0.155055	0.844410	0.158899	-0.068601	0.208154	0.024888	0.084998	0.210241	0.028717	0.022322	0.450937	0.028717	-0.069132	0.461677	0.028717	-0.007081	0.593180	0.114867	0.070511	0.836589	0.105295	-0.105936	0.105746	0.061262	0.023988	0.347796	0.001914	-0.022101	0.205340	-0.166557	0.009703	0.544482	-0.166557	-0.066835	0.113671	-0.132097	0.045889	0.448747	-0.147412	-0.096455	0.143708	-0.116781	-0.041294	0.462615	-0.153156	-0.005412	1.294197	0.532216	-0.038244	1.647730	0.689201	-0.100912	1.318284	0.645169	0.121732	1.272718	0.587735	-0.232634
7	0.100000	0.920534	0.578163	0.156555	0.891341	0.580077	-0.160894	0.783088	0.708345	0.009821	0.643445	0.166557	0.116920	0.639276	0.176129	0.031405	0.848062	0.156985	-0.151926	0.850563	0.155070	-0.065473	0.248930	0.028717	0.095011	0.249348	0.032546	0.033273	0.455212	0.028717	-0.069340	0.465953	0.030631	-0.007289	0.634061	0.111038	0.065089	0.842742	0.099551	-0.102807	0.151736	0.082321	0.035461	0.351133	0.005743	-0.023978	0.212223	-0.166557	0.010225	0.544482	-0.166557	-0.066835	0.133381	-0.112952	0.045785	0.450416	-0.145498	-0.097393	0.166025	-0.097637	-0.040668	0.464284	-0.153156	-0.006351	1.331323	0.562847	-0.050340	1.672759	0.744720	-0.114990	1.349674	0.675800	0.115059	1.304839	0.629853	-0.241915
8	0.116667	0.959016	0.581992	0.154679	0.921271	0.585821	-0.162353	0.811558	0.706431	0.013576	0.696215	0.158899	0.109204	0.692045	0.170386	0.023689	0.854006	0.153156	-0.153073	0.859114	0.151241	-0.065890	0.298257	0.040203	0.104606	0.294400	0.045947	0.043077	0.460427	0.030631	-0.067880	0.470228	0.030631	-0.007498	0.684223	0.107209	0.056643	0.847018	0.095722	-0.103016	0.205548	0.103380	0.049124	0.354679	0.007658	-0.021579	0.222443	-0.181872	0.008869	0.544482	-0.166557	-0.066835	0.168943	-0.088065	0.054337	0.450416	-0.145498	-0.097393	0.201587	-0.072749	-0.032116	0.465222	-0.153156	-0.004682	1.364382	0.597307	-0.057952	1.696536	0.794495	-0.119578	1.377727	0.710260	0.110262	1.332892	0.666227	-0.246712
9	0.133333	0.996559	0.587735	0.151134	0.951201	0.593478	-0.163812	0.839089	0.706431	0.015662	0.760872	0.151241	0.099194	0.750759	0.164642	0.014826	0.859012	0.151241	-0.155889	0.864120	0.149327	-0.068705	0.357075	0.057433	0.115453	0.348942	0.065091	0.054133	0.466371	0.030631	-0.069027	0.477111	0.030631	-0.006976	0.742936	0.099551	0.047780	0.853692	0.091893	-0.106770	0.262905	0.126353	0.065185	0.360623	0.011487	-0.022726	0.239546	-0.160814	0.008036	0.545212	-0.166557	-0.069442	0.217540	-0.063177	0.066540	0.451354	-0.145498	-0.095725	0.248515	-0.047861	-0.018974	0.465222	-0.151241	-0.004682	1.400257	0.633682	-0.060559	1.721461	0.840442	-0.118222	1.403382	0.746634	0.109011	1.361884	0.704516	-0.249840
10	0.150000	1.034102	0.593478	0.147589	0.982800	0.601136	-0.166210	0.869958	0.706431	0.015871	0.834082	0.145498	0.088767	0.818024	0.160814	0.005546	0.863079	0.151241	-0.160373	0.871524	0.147412	-0.075066	0.424443	0.078492	0.125884	0.414642	0.088065	0.065501	0.472315	0.030631	-0.070174	0.483056	0.028717	-0.008123	0.809263	0.097637	0.036832	0.858490	0.091893	-0.113861	0.331212	0.151241	0.077284	0.367506	0.015316	-0.022205	0.278445	-0.128268	0.014711	0.545212	-0.168471	-0.069442	0.280842	-0.038289	0.081454	0.451354	-0.145498	-0.095725	0.308271	-0.022973	-0.006459	0.466891	-0.151241	-0.005621	1.433733	0.668142	-0.059619	1.747324	0.880645	-0.115197	1.427368	0.783009	0.108699	1.394421	0.738976	-0.250569
11	0.166667	1.073314	0.601136	0.143106	1.016068	0.606880	-0.169547	0.900827	0.706431	0.016081	0.916781	0.143584	0.079592	0.894779	0.156985	-0.002482	0.868607	0.153156	-0.170072	0.879659	0.147412	-0.084035	0.503701	0.107209	0.134020	0.492231	0.118696	0.074576	0.477321	0.030631	-0.072990	0.492337	0.028717	-0.011147	0.884349	0.099551	0.029742	0.864955	0.091893	-0.121891	0.408071	0.179958	0.088966	0.374389	0.017230	-0.021683	0.347899	-0.097637	0.032754	0.544273	-0.166557	-0.071111	0.358848	-0.007658	0.099080	0.451354	-0.145498	-0.095725	0.381063	0.005743	0.009707	0.468560	-0.151241	-0.006559	1.465749	0.702602	-0.053466	1.772457	0.918934	-0.109565	1.448955	0.819383	0.111933	1.428836	0.771522	-0.247961
12	0.183333	1.111796	0.610709	0.141229	1.052881	0.612623	-0.170485	0.933364	0.706431	0.015351	1.006364	0.147412	0.070938	0.978417	0.160814	-0.009989	0.872465	0.156985	-0.178832	0.888524	0.147412	-0.095611	0.593179	0.141669	0.140800	0.580040	0.153156	0.082295	0.486603	0.030631	-0.076014	0.500680	0.026802	-0.015840	0.967987	0.105295	0.022235	0.871213	0.093808	-0.134197	0.495150	0.212504	0.099292	0.382941	0.021059	-0.022100	0.440818	-0.070835	0.057368	0.543335	-0.166557	-0.072780	0.448951	0.022973	0.118688	0.451354	-0.145498	-0.095725	0.467620	0.034460	0.026917	0.471167	-0.151241	-0.005829	1.499642	0.735148	-0.043975	1.800405	0.951480	-0.098927	1.469812	0.855758	0.117773	1.465127	0.804068	-0.242016
13	0.200000	1.152885	0.620281	0.140083	1.093970	0.618366	-0.171631	0.970908	0.708345	0.011807	1.100222	0.158899	0.062076	1.067269	0.170386	-0.016036	0.878201	0.164642	-0.184254	0.895928	0.153156	-0.101972	0.685055	0.168471	0.144035	0.671916	0.178044	0.085530	0.496614	0.030631	-0.081645	0.510692	0.024888	-0.021471	1.055171	0.116781	0.017127	0.879348	0.099551	-0.143165	0.582959	0.233562	0.107011	0.394829	0.028717	-0.024394	0.544687	-0.053605	0.078019	0.542396	-0.166557	-0.074448	0.550004	0.042118	0.134334	0.451354	-0.143584	-0.095725	0.561791	0.049776	0.042040	0.472835	-0.149327	-0.006768	1.534473	0.767693	-0.032815	1.830023	0.982111	-0.089228	1.493276	0.888303	0.124344	1.504965	0.834699	-0.233672
14	0.216667	1.193244	0.633682	0.141544	1.141942	0.626024	-0.172255	1.011058	0.712174	0.008992	1.196165	0.181872	0.060826	1.161544	0.187616	-0.016347	0.883937	0.178044	-0.189677	0.902603	0.162728	-0.105726	0.779330	0.185701	0.143725	0.765253	0.193359	0.083551	0.504749	0.032546	-0.090614	0.520495	0.026802	-0.031378	1.150385	0.137840	0.018485	0.887691	0.111038	-0.147858	0.668683	0.237391	0.107118	0.405050	0.038289	-0.025750	0.663782	-0.051690	0.094499	0.549071	-0.189530	-0.078202	0.657732	0.045947	0.146225	0.446349	-0.139755	-0.092909	0.666911	0.049776	0.053201	0.475443	-0.141669	-0.006038	1.573580	0.796410	-0.021864	1.864646	1.006999	-0.082344	1.522685	0.917020	0.129767	1.551685	0.861501	-0.224806
15	0.233333	1.232872	0.648997	0.145612	1.196066	0.633682	-0.169751	1.054546	0.717918	0.004300	1.293256	0.210589	0.065521	1.259365	0.212504	-0.014259	0.890820	0.195274	-0.189156	0.911154	0.179958	-0.106143	0.875274	0.195274	0.142475	0.862865	0.199102	0.081363	0.515282	0.036374	-0.103128	0.531028	0.028717	-0.043893	1.251751	0.164642	0.022972	0.896972	0.126353	-0.150882	0.757744	0.227819	0.105347	0.417668	0.049776	-0.030651	0.795495	-0.059348	0.106078	0.544795	-0.187616	-0.077994	0.776410	0.040203	0.154153	0.443950	-0.134011	-0.089363	0.781313	0.040203	0.061338	0.480657	-0.132097	-0.004578	1.613626	0.825127	-0.009245	1.904483	1.028058	-0.074000	1.555639	0.943822	0.137589	1.600282	0.884474	-0.212604
16	0.250000	1.275838	0.664313	0.147803	1.253528	0.639425	-0.169124	1.102100	0.723661	-0.004876	1.382734	0.243135	0.072302	1.350511	0.241220	-0.008416	0.912616	0.212504	-0.181646	0.930343	0.199102	-0.099364	0.966733	0.193359	0.137159	0.954325	0.195274	0.076047	0.536036	0.042118	-0.116997	0.547506	0.034460	-0.057554	1.345504	0.193359	0.029544	0.916891	0.143584	-0.146710	0.849203	0.206760	0.100030	0.441967	0.065091	-0.042122	0.931276	-0.070835	0.113172	0.541666	-0.166557	-0.071841	0.895609	0.026802	0.155199	0.451771	-0.124439	-0.087173	0.901452	0.024888	0.064052	0.491816	-0.118696	-0.004265	1.657009	0.851929	0.001498	1.943590	1.056775	-0.063049	1.589532	0.966796	0.147080	1.648879	0.909362	-0.200401
17	0.266667	1.321203	0.681543	0.146448	1.319542	0.643254	-0.168914	1.155391	0.731319	-0.019475	1.464599	0.275680	0.081168	1.438320	0.269937	-0.000697	0.948594	0.225905	-0.164543	0.957040	0.220161	-0.079236	1.054647	0.176129	0.129444	1.043907	0.178044	0.067393	0.571076	0.044032	-0.136707	0.577541	0.038289	-0.074447	1.435921	0.220161	0.037993	0.947863	0.162728	-0.126791	0.941184	0.170386	0.087831	0.481075	0.082321	-0.066315	1.072376	-0.084236	0.106292	0.540414	-0.199102	-0.062351	1.020336	0.001914	0.146546	0.470334	-0.111038	-0.093221	1.029516	0.000000	0.053522	0.505373	-0.101466	-0.007497	1.704668	0.878731	0.012032	1.982906	1.093149	-0.047822	1.628640	0.984026	0.158031	1.698207	0.939993	-0.190806
18	0.283333	1.365629	0.698773	0.143425	1.388892	0.648997	-0.170581	1.212019	0.737062	-0.035951	1.537182	0.306311	0.093059	1.518516	0.298654	0.009108	0.990726	0.239306	-0.144310	0.990619	0.245049	-0.058586	1.145898	0.151241	0.119851	1.139434	0.151241	0.057592	0.623429	0.042118	-0.152974	0.621341	0.042118	-0.090298	1.521331	0.248878	0.049258	0.989473	0.181872	-0.099675	1.038901	0.124439	0.070209	0.530925	0.097637	-0.098747	1.216605	-0.099551	0.093260	0.526544	-0.189530	-0.047960	1.145585	-0.026802	0.131010	0.499848	-0.093808	-0.103232	1.159978	-0.024888	0.039447	0.528003	-0.078492	-0.018030	1.753265	0.903619	0.024234	2.021491	1.135267	-0.029988	1.670354	0.999341	0.169712	1.746804	0.972539	-0.178603
19	0.300000	1.411724	0.714089	0.139463	1.452299	0.656655	-0.171101	1.267917	0.744720	-0.049820	1.598606	0.329285	0.104636	1.584217	0.317798	0.020476	1.045267	0.250793	-0.133254	1.038278	0.264194	-0.048052	1.226929	0.128268	0.111615	1.224740	0.128268	0.049147	0.684958	0.047861	-0.156831	0.673380	0.053605	-0.095407	1.592037	0.268023	0.057811	1.041825	0.195274	-0.080798	1.124729	0.082321	0.054880	0.590160	0.120610	-0.114493	1.334657	-0.114867	0.088361	0.534052	-0.153156	-0.034611	1.250602	-0.049776	0.122461	0.538330	-0.067006	-0.105109	1.270210	-0.045947	0.032358	0.564816	-0.047861	-0.018967	1.802592	0.926592	0.033830	2.060077	1.175470	-0.012155	1.711130	1.010828	0.179725	1.796131	0.997427	-0.169008
20	0.316667	1.461156	0.725575	0.133624	1.506945	0.668142	-0.175480	1.319956	0.756206	-0.054929	1.644388	0.335028	0.111833	1.633335	0.325456	0.025796	1.112219	0.252707	-0.131376	1.104291	0.268023	-0.047842	1.289188	0.109123	0.105150	1.288668	0.107209	0.041744	0.738561	0.070835	-0.147444	0.731259	0.078492	-0.086228	1.644702	0.275680	0.065529	1.107108	0.197188	-0.077981	1.191994	0.051690	0.045600	0.655652	0.155070	-0.107400	1.414853	-0.126353	0.098166	0.572325	-0.101466	-0.005618	1.325375	-0.067006	0.126530	0.584737	-0.024888	-0.085085	1.347590	-0.063177	0.037157	0.617168	-0.003829	-0.000090	1.850043	0.939993	0.040088	2.096994	1.209930	0.006618	1.752636	1.022315	0.187130	1.845250	1.012742	-0.163688
21	0.333333	1.512465	0.735148	0.131123	1.556377	0.683457	-0.181319	1.368658	0.767693	-0.058161	1.677134	0.333114	0.115379	1.668689	0.323541	0.030073	1.192520	0.248878	-0.137005	1.189807	0.260365	-0.052012	1.334344	0.088065	0.099520	1.336431	0.086150	0.036844	0.801132	0.105295	-0.129923	0.795499	0.116781	-0.069645	1.682662	0.271851	0.070536	1.184071	0.193359	-0.081734	1.244033	0.026802	0.040492	0.726984	0.199102	-0.086020	1.471272	-0.139755	0.112559	0.634062	-0.049776	0.029945	1.377101	-0.080407	0.132580	0.645535	0.024888	-0.051190	1.404530	-0.082321	0.044667	0.686309	0.045947	0.029112	1.899161	0.951480	0.045408	2.132242	1.240561	0.026329	1.793203	1.029972	0.192867	1.895307	1.022315	-0.156699
22	0.350000	1.562835	0.742805	0.126952	1.605079	0.698773	-0.184551	1.416630	0.775351	-0.058785	1.703935	0.323541	0.120073	1.698827	0.315884	0.032889	1.281372	0.241220	-0.143052	1.281266	0.250793	-0.057328	1.369489	0.070835	0.099521	1.371576	0.067006	0.036844	0.877261	0.141669	-0.115634	0.876843	0.153156	-0.053896	1.712071	0.262279	0.075960	1.268648	0.187616	-0.087572	1.280847	0.005743	0.039554	0.809474	0.237391	-0.064326	1.510379	-0.149327	0.123510	0.712484	-0.007658	0.056122	1.416000	-0.095722	0.139255	0.719682	0.068920	-0.024804	1.443429	-0.099551	0.051342	0.767131	0.088065	0.051744	1.945673	0.961052	0.049998	2.167282	1.263535	0.041764	1.836377	1.035716	0.199333	1.941819	1.031887	-0.152110
23	0.366667	1.611746	0.746634	0.127996	1.657326	0.708345	-0.185384	1.466270	0.777265	-0.060348	1.721977	0.304397	0.120907	1.719476	0.298654	0.034454	1.378046	0.231648	-0.146908	1.380547	0.239306	-0.060455	1.390346	0.049776	0.105361	1.392433	0.047861	0.042685	0.966217	0.178044	-0.101970	0.970074	0.185701	-0.040441	1.731781	0.246964	0.075856	1.361776	0.181872	-0.093827	1.300974	-0.015316	0.048001	0.909067	0.271851	-0.043467	1.537181	-0.158899	0.128203	0.801232	0.024888	0.065510	1.435918	-0.116781	0.143427	0.811245	0.105295	-0.010410	1.464286	-0.120610	0.057182	0.861301	0.116781	0.066867	1.990516	0.970624	0.055526	2.208267	1.278850	0.056052	1.877883	1.035716	0.206739	1.983325	1.041459	-0.144705
24	0.383333	1.660656	0.748549	0.129040	1.708844	0.717918	-0.183610	1.515181	0.779180	-0.059305	1.730528	0.281424	0.120490	1.730635	0.277595	0.034767	1.481603	0.223990	-0.150243	1.488379	0.229734	-0.063998	1.400253	0.030631	0.115164	1.398064	0.030631	0.052697	1.071546	0.210589	-0.086533	1.078011	0.214418	-0.024274	1.742001	0.223990	0.074500	1.462517	0.174215	-0.102167	1.307543	-0.030631	0.059682	1.017420	0.302483	-0.018748	1.545002	-0.164642	0.130393	0.904997	0.047861	0.066451	1.441341	-0.137840	0.149163	0.917096	0.135926	-0.001856	1.466163	-0.139755	0.060520	0.967152	0.139755	0.075421	2.035359	0.978282	0.061054	2.251650	1.286508	0.066795	1.921996	1.031887	0.214874	2.024831	1.051031	-0.137299
25	0.400000	1.707898	0.746634	0.131023	1.760361	0.721746	-0.181836	1.564091	0.775351	-0.058261	1.737411	0.262279	0.121012	1.741793	0.258450	0.035080	1.595379	0.216332	-0.154933	1.600487	0.223990	-0.067750	1.405676	0.017230	0.120900	1.403487	0.015316	0.058432	1.183550	0.233562	-0.074851	1.193351	0.233562	-0.014469	1.749822	0.202931	0.076691	1.572226	0.170386	-0.102374	1.310359	-0.042118	0.064688	1.125148	0.319713	-0.006857	1.547610	-0.166557	0.131123	1.018774	0.059348	0.061761	1.443218	-0.153156	0.152500	1.029413	0.151241	-0.001332	1.467102	-0.155070	0.062188	1.077800	0.151241	0.076884	2.080202	0.984026	0.066582	2.291487	1.294166	0.075139	1.967778	1.029972	0.222071	2.065398	1.060603	-0.131563
26	0.416667	1.753471	0.740891	0.133944	1.813756	0.719832	-0.176724	1.613001	0.769608	-0.057217	1.747110	0.245049	0.126539	1.754099	0.243135	0.041337	1.718124	0.214418	-0.151489	1.719687	0.220161	-0.066704	1.405467	0.011487	0.116624	1.405886	0.011487	0.054887	1.302749	0.245049	-0.073805	1.313489	0.246964	-0.011754	1.758791	0.185701	0.084825	1.690904	0.172300	-0.094445	1.314426	-0.045947	0.060203	1.232980	0.325456	-0.010401	1.549487	-0.168471	0.134461	1.139225	0.057433	0.053316	1.444887	-0.156985	0.151561	1.147257	0.151241	-0.010507	1.471378	-0.160814	0.061980	1.191577	0.155070	0.072193	2.126714	0.985940	0.071172	2.328717	1.303738	0.082752	2.012621	1.029972	0.227599	2.107634	1.064432	-0.126764
27	0.433333	1.797376	0.735148	0.137804	1.867150	0.712174	-0.171613	1.663580	0.761950	-0.057111	1.757017	0.231648	0.136343	1.764006	0.225905	0.051141	1.847231	0.220161	-0.140640	1.841180	0.227819	-0.053770	1.404112	0.011487	0.106404	1.408806	0.009572	0.044458	1.427685	0.243135	-0.078182	1.434149	0.250793	-0.015923	1.766091	0.170386	0.093898	1.816674	0.179958	-0.081719	1.314740	-0.047861	0.049045	1.342794	0.319713	-0.026041	1.547818	-0.168471	0.135399	1.272295	0.042118	0.039971	1.443010	-0.155070	0.148224	1.277719	0.135926	-0.024583	1.471378	-0.160814	0.061980	1.311819	0.147412	0.059473	2.171557	0.984026	0.076700	2.363131	1.311396	0.085360	2.059133	1.031887	0.232189	2.148932	1.068261	-0.123635
28	0.450000	1.843887	0.727490	0.142393	1.920545	0.706431	-0.166502	1.715098	0.754292	-0.055337	1.765255	0.220161	0.147084	1.774851	0.214418	0.062612	1.972270	0.239306	-0.125307	1.958398	0.245049	-0.040627	1.406302	0.013401	0.098583	1.413603	0.011487	0.037367	1.548866	0.231648	-0.089234	1.552723	0.241220	-0.027705	1.774329	0.158899	0.104640	1.941504	0.195274	-0.070662	1.317660	-0.045947	0.038616	1.455007	0.296739	-0.045227	1.545419	-0.168471	0.138945	1.422990	0.015316	0.018908	1.440403	-0.153156	0.147494	1.420593	0.105295	-0.047835	1.473046	-0.160814	0.061041	1.443742	0.122525	0.040183	2.221198	0.984026	0.075137	2.405889	1.315225	0.083276	2.110650	1.033801	0.233963	2.192628	1.070176	-0.124051
29	0.466667	1.894675	0.721746	0.146774	1.973940	0.702602	-0.161391	1.764947	0.748549	-0.052624	1.769426	0.214418	0.162310	1.785906	0.204846	0.078360	2.095432	0.271851	-0.113312	2.078953	0.275680	-0.029361	1.408701	0.017230	0.095037	1.420278	0.011487	0.033613	1.673906	0.208675	-0.109046	1.670880	0.220161	-0.048038	1.778500	0.151241	0.119866	2.065397	0.225905	-0.061273	1.322457	-0.044032	0.031525	1.573686	0.252707	-0.072443	1.543959	-0.168471	0.144159	1.600590	-0.026802	-0.012895	1.439464	-0.151241	0.145825	1.580152	0.057433	-0.080473	1.474715	-0.160814	0.060103	1.591413	0.076578	0.009839	2.273028	0.984026	0.065752	2.457511	1.313310	0.069615	2.169572	1.037630	0.229376	2.234238	1.068261	-0.132080
30	0.483333	1.949738	0.716003	0.150947	2.029003	0.700687	-0.157218	1.820010	0.742805	-0.048452	1.772659	0.212504	0.175868	1.796960	0.199102	0.094107	2.210773	0.315884	-0.103506	2.191687	0.315884	-0.020286	1.412768	0.019144	0.090553	1.429559	0.011487	0.030589	1.813233	0.179958	-0.134697	1.803325	0.189530	-0.074211	1.785278	0.145498	0.135822	2.189289	0.266108	-0.051885	1.328923	-0.038289	0.023495	1.699769	0.191445	-0.106021	1.539892	-0.168471	0.148643	1.795816	-0.076578	-0.052415	1.435918	-0.149327	0.143427	1.758274	0.005743	-0.119159	1.477322	-0.160814	0.060833	1.756708	0.022973	-0.028222	2.326319	0.984026	0.051153	2.514869	1.309482	0.050532	2.235169	1.041459	0.221034	2.275640	1.064432	-0.144385
31	0.500000	2.012414	0.712174	0.153034	2.083858	0.702602	-0.157321	1.876012	0.738976	-0.042610	1.787363	0.216332	0.178579	1.814271	0.201017	0.097549	2.312870	0.361830	-0.101627	2.294722	0.359916	-0.016738	1.428411	0.024888	0.094933	1.445202	0.015316	0.034969	1.957254	0.149327	-0.152005	1.943069	0.155070	-0.091311	1.799461	0.147412	0.145416	2.304213	0.308226	-0.050631	1.343419	-0.026802	0.021931	1.838158	0.132097	-0.133341	1.540830	-0.168471	0.150312	1.997194	-0.107209	-0.088807	1.437587	-0.147412	0.142488	1.947033	-0.030631	-0.150650	1.481598	-0.158899	0.060624	1.934308	-0.021059	-0.060025	2.386284	0.985940	0.032800	2.575564	1.307567	0.029572	2.304832	1.049117	0.208209	2.320380	1.066347	-0.158567
32	0.516667	2.086979	0.710260	0.152827	2.141111	0.708345	-0.160970	1.940774	0.740891	-0.032910	1.817085	0.225905	0.172844	1.840447	0.208675	0.089416	2.402452	0.405863	-0.110280	2.385973	0.402034	-0.026330	1.453961	0.034460	0.109117	1.469084	0.022973	0.050091	2.102629	0.120610	-0.159093	2.088445	0.122525	-0.098399	1.828453	0.156985	0.142289	2.408291	0.350344	-0.060848	1.366883	-0.003829	0.028501	2.000220	0.078492	-0.149814	1.540830	-0.168471	0.150312	2.212546	-0.103380	-0.119879	1.440194	-0.143584	0.143218	2.148099	-0.045947	-0.175882	1.486812	-0.155070	0.062084	2.135373	-0.045947	-0.085258	2.447710	0.997427	0.009233	2.642413	1.309482	0.011740	2.378563	1.058689	0.190899	2.372732	1.075919	-0.174834
33	0.533333	2.170826	0.714089	0.149596	2.199094	0.719832	-0.167226	2.009811	0.746634	-0.023419	1.857757	0.239306	0.163147	1.874236	0.225905	0.079196	2.482127	0.446066	-0.128737	2.470862	0.438408	-0.043327	1.492755	0.044032	0.131227	1.501725	0.034460	0.069072	2.253011	0.099551	-0.168997	2.245709	0.095722	-0.107781	1.866518	0.172300	0.131861	2.503192	0.392462	-0.083476	1.401923	0.028717	0.043937	2.174587	0.030631	-0.160030	1.543438	-0.168471	0.151042	2.431444	-0.080407	-0.148553	1.447807	-0.134011	0.141133	2.350102	-0.042118	-0.199447	1.493695	-0.141669	0.062606	2.339984	-0.053605	-0.108092	2.513202	1.010828	-0.018819	2.710929	1.315225	-0.007030	2.456362	1.070176	0.169105	2.425814	1.091235	-0.193709
34	0.550000	2.252065	0.719832	0.145635	2.258016	0.731319	-0.171813	2.077910	0.752378	-0.015596	1.909588	0.254621	0.153762	1.920853	0.245049	0.068351	2.553251	0.469039	-0.146777	2.546262	0.461382	-0.061575	1.543021	0.057433	0.142491	1.547715	0.047861	0.080545	2.388688	0.089979	-0.181613	2.386601	0.082321	-0.118937	1.916471	0.187616	0.119139	2.586205	0.423093	-0.103810	1.450312	0.063177	0.051863	2.323300	-0.005743	-0.168996	1.556370	-0.166557	0.134982	2.609462	-0.061262	-0.171805	1.467830	-0.112952	0.129870	2.511225	-0.036374	-0.217589	1.516325	-0.118696	0.052074	2.507990	-0.051690	-0.125712	2.580572	1.024229	-0.043533	2.781115	1.322883	-0.026738	2.533430	1.081662	0.149918	2.484111	1.100807	-0.211124
35	0.566667	2.326630	0.729404	0.145428	2.324030	0.746634	-0.171603	2.148408	0.763864	-0.011318	1.974246	0.268023	0.143752	1.982903	0.260365	0.057611	2.614155	0.472868	-0.163462	2.607166	0.461382	-0.078260	1.604550	0.074663	0.138633	1.607576	0.067006	0.077626	2.489429	0.074663	-0.189953	2.489949	0.068920	-0.126547	1.978314	0.199102	0.104123	2.653053	0.428836	-0.121642	1.512780	0.101466	0.049675	2.434678	-0.032546	-0.170140	1.573265	-0.178044	0.094728	2.727098	-0.053605	-0.185255	1.504331	-0.084236	0.104947	2.622186	-0.038289	-0.227285	1.552826	-0.086150	0.027150	2.625834	-0.053605	-0.134887	2.648358	1.035716	-0.059696	2.852760	1.330540	-0.051661	2.609768	1.095064	0.133338	2.545014	1.102721	-0.227808
36	0.583333	2.401195	0.744720	0.145222	2.391712	0.761950	-0.172331	2.218905	0.775351	-0.007041	2.049854	0.277595	0.129779	2.056843	0.275680	0.044577	2.666507	0.461382	-0.179729	2.661187	0.447981	-0.095466	1.676821	0.093808	0.126538	1.677239	0.089979	0.064800	2.563055	0.053605	-0.191829	2.562637	0.049776	-0.130091	2.051315	0.212504	0.089420	2.708742	0.417349	-0.139787	1.589535	0.143584	0.041647	2.517064	-0.053605	-0.168157	1.591725	-0.149327	0.033825	2.808129	-0.055519	-0.193492	1.553242	-0.045947	0.070846	2.701757	-0.049776	-0.230307	1.603406	-0.044032	-0.007889	2.708742	-0.059348	-0.139787	2.717292	1.045288	-0.069914	2.926074	1.340113	-0.077522	2.682769	1.110379	0.118635	2.607795	1.100807	-0.241155
37	0.600000	2.474821	0.756206	0.143346	2.461062	0.773436	-0.173998	2.290133	0.784923	-0.005371	2.136829	0.281424	0.120395	2.143818	0.281424	0.035193	2.715522	0.444152	-0.194120	2.711870	0.426922	-0.110795	1.756496	0.116781	0.108081	1.756915	0.114867	0.046343	2.615094	0.032546	-0.196938	2.617283	0.028717	-0.134470	2.136413	0.218247	0.076699	2.758696	0.396290	-0.152508	1.680577	0.183787	0.027779	2.573588	-0.074663	-0.169198	1.633649	-0.099551	-0.020507	2.860898	-0.065091	-0.201208	1.619987	-0.001914	0.033304	2.755465	-0.067006	-0.236355	1.673696	0.001914	-0.043032	2.766726	-0.074663	-0.146042	2.786956	1.054860	-0.082740	2.993444	1.349685	-0.102237	2.755770	1.121866	0.103932	2.671515	1.098892	-0.252834
38	0.616667	2.549386	0.765779	0.143139	2.530413	0.777265	-0.175665	2.363029	0.788752	-0.004639	2.236110	0.275680	0.117269	2.244767	0.275680	0.031129	2.761408	0.417349	-0.202357	2.759634	0.403948	-0.115695	1.844306	0.147412	0.080656	1.848062	0.147412	0.017041	2.646485	0.011487	-0.203611	2.648673	0.007658	-0.141144	2.233086	0.214418	0.072843	2.804791	0.369488	-0.156470	1.788619	0.225905	-0.006634	2.597365	-0.091893	-0.173786	1.713326	-0.047861	-0.074109	2.882590	-0.095722	-0.213409	1.707693	0.047861	-0.013831	2.777157	-0.097637	-0.248556	1.768493	0.047861	-0.085370	2.789356	-0.105295	-0.156575	2.854742	1.058689	-0.098903	3.055808	1.361172	-0.124136	2.827832	1.135267	0.087561	2.733357	1.095064	-0.267850
39	0.633333	2.622074	0.771522	0.139595	2.602371	0.777265	-0.176602	2.434987	0.790666	-0.005576	2.348426	0.264194	0.117793	2.359691	0.264194	0.032383	2.800829	0.382889	-0.202565	2.803330	0.373317	-0.116111	1.946195	0.183787	0.043115	1.957772	0.183787	-0.018310	2.656288	-0.009572	-0.213518	2.656808	-0.013401	-0.150112	2.340189	0.206760	0.071907	2.843272	0.335028	-0.158346	1.910009	0.268023	-0.048554	2.595279	-0.105295	-0.181399	1.815319	0.003829	-0.127084	2.876750	-0.137840	-0.227696	1.811355	0.099551	-0.067745	2.771525	-0.134011	-0.258567	1.879455	0.093808	-0.130211	2.785393	-0.143584	-0.167525	2.922529	1.062518	-0.115066	3.113896	1.372658	-0.145826	2.894680	1.146754	0.069729	2.796138	1.089320	-0.281197
40	0.650000	2.697369	0.773436	0.136781	2.670783	0.775351	-0.179938	2.506006	0.788752	-0.008182	2.466687	0.252707	0.117170	2.480559	0.254621	0.032490	2.834305	0.348429	-0.201626	2.841081	0.342686	-0.115380	2.063726	0.218247	0.009954	2.077911	0.218247	-0.050740	2.658686	-0.026802	-0.217064	2.659936	-0.032546	-0.156265	2.453965	0.199102	0.067216	2.874871	0.298654	-0.160744	2.033485	0.304397	-0.082861	2.590795	-0.118696	-0.185467	1.927428	0.047861	-0.165980	2.869450	-0.168471	-0.236769	1.926801	0.143584	-0.108518	2.765164	-0.158899	-0.265972	1.997717	0.132097	-0.165979	2.779032	-0.170386	-0.174929	2.988647	1.064432	-0.130290	3.170732	1.384145	-0.158026	2.961737	1.154411	0.056174	2.857250	1.085491	-0.293606
41	0.666667	2.772455	0.765779	0.129691	2.737318	0.771522	-0.186611	2.577964	0.781094	-0.009118	2.589746	0.239306	0.109456	2.603618	0.241220	0.024775	2.861419	0.315884	-0.208091	2.868196	0.310140	-0.121846	2.188558	0.248878	-0.014133	2.205350	0.248878	-0.074097	2.651804	-0.042118	-0.217586	2.653992	-0.045947	-0.155118	2.572540	0.189530	0.055435	2.896772	0.264194	-0.168670	2.161863	0.338857	-0.104550	2.589857	-0.135926	-0.187135	2.042978	0.086150	-0.187044	2.870180	-0.176129	-0.239377	2.048295	0.181872	-0.130729	2.764226	-0.166557	-0.267641	2.119211	0.168471	-0.188189	2.779762	-0.178044	-0.177537	3.050698	1.068261	-0.141030	3.222041	1.393717	-0.160528	3.023788	1.160155	0.045434	2.915233	1.081662	-0.299862
42	0.683333	2.847542	0.756206	0.122602	2.802184	0.765779	-0.192345	2.647315	0.773436	-0.010785	2.719478	0.225905	0.097987	2.730743	0.231648	0.012577	2.882381	0.285253	-0.217685	2.886551	0.277595	-0.132170	2.322358	0.277595	-0.030086	2.339150	0.279509	-0.090050	2.638246	-0.051690	-0.214353	2.642103	-0.057433	-0.152824	2.698727	0.181872	0.041568	2.912519	0.229734	-0.179724	2.293994	0.367574	-0.119564	2.585581	-0.153156	-0.186927	2.166036	0.116781	-0.194758	2.871119	-0.172300	-0.237708	2.175629	0.212504	-0.138652	2.764226	-0.164642	-0.267641	2.243730	0.199102	-0.201118	2.778094	-0.176129	-0.176598	3.111080	1.072090	-0.150832	3.271890	1.401375	-0.157815	3.082501	1.162069	0.036571	2.974885	1.079748	-0.307056
43	0.700000	2.918352	0.748549	0.115720	2.867051	0.760035	-0.198079	2.716665	0.765779	-0.012452	2.854217	0.222076	0.083703	2.860267	0.231648	-0.003168	2.901466	0.262279	-0.230616	2.909911	0.252707	-0.145309	2.453968	0.294825	-0.038217	2.469821	0.298654	-0.099850	2.632302	-0.055519	-0.213206	2.636159	-0.059348	-0.151677	2.827312	0.183787	0.024155	2.929205	0.202931	-0.189109	2.417052	0.382889	-0.127279	2.583912	-0.158899	-0.185988	2.300670	0.126353	-0.193608	2.869450	-0.168471	-0.236769	2.305987	0.222076	-0.137293	2.762557	-0.162728	-0.266702	2.369604	0.210589	-0.203826	2.779032	-0.172300	-0.174929	3.174278	1.074005	-0.155627	3.326223	1.407118	-0.151035	3.140693	1.163984	0.034590	3.040690	1.075919	-0.311122
44	0.716667	2.990102	0.746634	0.110508	2.931187	0.760035	-0.201206	2.784347	0.761950	-0.013181	2.993961	0.235477	0.066603	2.994068	0.245049	-0.019120	2.924826	0.248878	-0.243755	2.939216	0.239306	-0.159596	2.581719	0.294825	-0.037589	2.595903	0.304397	-0.098283	2.633970	-0.047861	-0.214145	2.642103	-0.053605	-0.152824	2.963511	0.201017	0.004656	2.952566	0.185701	-0.202249	2.524572	0.375232	-0.119663	2.585789	-0.151241	-0.182651	2.443542	0.105295	-0.181716	2.870180	-0.168471	-0.239377	2.439578	0.201017	-0.122377	2.760888	-0.162728	-0.265763	2.494226	0.199102	-0.197045	2.779032	-0.172300	-0.174929	3.242168	1.072090	-0.152080	3.385562	1.410947	-0.147071	3.198155	1.165898	0.035217	3.118592	1.072090	-0.313206
45	0.733333	3.057575	0.750463	0.105503	2.994385	0.760035	-0.206002	2.850360	0.758121	-0.012971	3.133497	0.262279	0.045228	3.127659	0.273766	-0.039349	2.949125	0.241220	-0.255226	2.973735	0.231648	-0.172422	2.712286	0.281424	-0.031954	2.722194	0.296739	-0.092440	2.644191	-0.036374	-0.215500	2.653262	-0.040203	-0.152511	3.103777	0.227819	-0.019327	2.975926	0.176129	-0.215388	2.628232	0.348429	-0.103288	2.588605	-0.134011	-0.177645	2.599659	0.063177	-0.161898	2.868303	-0.168471	-0.242714	2.583806	0.158899	-0.100265	2.760888	-0.162728	-0.265763	2.626148	0.170386	-0.181190	2.780701	-0.168471	-0.175868	3.312144	1.068261	-0.140920	3.450115	1.412862	-0.141647	3.255825	1.165898	0.040120	3.203586	1.068261	-0.310492
46	0.750000	3.125257	0.756206	0.104775	3.063735	0.761950	-0.207669	2.920441	0.760035	-0.017245	3.263021	0.300568	0.029483	3.252908	0.313969	-0.054885	2.976449	0.237391	-0.257416	3.006064	0.225905	-0.177427	2.845251	0.256536	-0.029865	2.849215	0.275680	-0.089204	2.660355	-0.019144	-0.218003	2.670157	-0.026802	-0.157620	3.240184	0.260365	-0.034549	3.003771	0.172300	-0.224460	2.744720	0.306311	-0.087538	2.595696	-0.111038	-0.172848	2.774547	0.024888	-0.143852	2.868303	-0.166557	-0.242714	2.745867	0.111038	-0.081594	2.761827	-0.162728	-0.264095	2.777781	0.132097	-0.165439	2.781639	-0.164642	-0.174199	3.383059	1.072090	-0.128091	3.520822	1.418605	-0.133094	3.317980	1.169727	0.049090	3.292125	1.072090	-0.305380
47	0.766667	3.193878	0.765779	0.105715	3.148520	0.767693	-0.209231	2.994589	0.763864	-0.026003	3.387957	0.350344	0.025106	3.376904	0.361830	-0.060931	3.007317	0.241220	-0.257206	3.032657	0.225905	-0.177009	2.985099	0.223990	-0.027255	2.986456	0.243135	-0.087324	2.677980	-0.001914	-0.225719	2.687781	-0.009572	-0.165337	3.372002	0.306311	-0.038405	3.030155	0.176129	-0.228318	2.885715	0.250793	-0.078983	2.604456	-0.084236	-0.168989	2.985310	-0.011487	-0.128413	2.868511	-0.166557	-0.238438	2.938588	0.063177	-0.066989	2.759428	-0.160814	-0.260549	2.960073	0.086150	-0.153755	2.785185	-0.156985	-0.171801	3.458458	1.085491	-0.111195	3.597680	1.428177	-0.121412	3.382012	1.177385	0.061398	3.379204	1.089320	-0.295054
48	0.783333	3.262498	0.777265	0.106655	3.238520	0.775351	-0.209334	3.072074	0.771522	-0.036639	3.504549	0.405863	0.025422	3.492767	0.415435	-0.058008	3.041523	0.252707	-0.258874	3.060189	0.237391	-0.174923	3.143197	0.191445	-0.019534	3.139340	0.206760	-0.081063	2.700610	0.021059	-0.236252	2.710412	0.009572	-0.175870	3.500900	0.359916	-0.031832	3.058417	0.185701	-0.228839	3.041206	0.181872	-0.071993	2.619891	-0.047861	-0.168885	3.212446	-0.042118	-0.111201	2.868720	-0.166557	-0.234162	3.144137	0.017230	-0.053010	2.758907	-0.155070	-0.253666	3.158739	0.042118	-0.140298	2.789669	-0.143584	-0.167733	3.534065	1.102721	-0.090023	3.679754	1.439664	-0.108270	3.447920	1.188871	0.077042	3.468160	1.114208	-0.281390
49	0.800000	3.332787	0.790666	0.106657	3.329249	0.783009	-0.212043	3.151958	0.781094	-0.050820	3.603517	0.447981	0.033454	3.592465	0.455638	-0.052583	3.092311	0.264194	-0.254493	3.104093	0.252707	-0.171063	3.301296	0.160814	-0.011813	3.295770	0.172300	-0.072404	2.739613	0.042118	-0.245011	2.745139	0.032546	-0.184420	3.613634	0.400119	-0.022756	3.102530	0.197188	-0.220704	3.198366	0.118696	-0.065940	2.649821	-0.005743	-0.170344	3.424147	-0.063177	-0.094093	2.872683	-0.166557	-0.223212	3.338526	-0.015316	-0.039344	2.768084	-0.143584	-0.241256	3.347914	0.009572	-0.128092	2.798846	-0.128268	-0.155323	3.612071	1.119951	-0.072397	3.762035	1.453065	-0.090852	3.517166	1.198444	0.090809	3.557116	1.139096	-0.267727
50	0.816667	3.406205	0.804068	0.100506	3.420708	0.792581	-0.217359	3.235179	0.790666	-0.066878	3.683713	0.465211	0.043259	3.677875	0.469039	-0.041318	3.162495	0.273766	-0.239057	3.164996	0.268023	-0.152603	3.444689	0.124439	-0.006804	3.442501	0.132097	-0.069272	2.803541	0.063177	-0.252414	2.803123	0.055519	-0.190676	3.708535	0.417349	-0.010240	3.165310	0.208675	-0.198907	3.354379	0.063177	-0.065833	2.697897	0.044032	-0.186403	3.610194	-0.072749	-0.075734	2.869658	-0.191445	-0.197349	3.515605	-0.040203	-0.029120	2.779868	-0.126353	-0.228116	3.525931	-0.013401	-0.116199	2.808023	-0.109123	-0.142913	3.691745	1.133352	-0.055709	3.840041	1.466466	-0.073226	3.588081	1.204187	0.103638	3.643465	1.160155	-0.254793
51	0.833333	3.479623	0.819383	0.094354	3.512168	0.804068	-0.222676	3.319339	0.802153	-0.081268	3.752229	0.463296	0.059633	3.749728	0.467125	-0.026820	3.244255	0.281424	-0.214756	3.240812	0.285253	-0.127156	3.576925	0.086150	-0.002108	3.577343	0.093808	-0.063846	2.884781	0.080407	-0.256375	2.875811	0.080407	-0.194220	3.788209	0.419264	0.006448	3.243003	0.222076	-0.170122	3.506846	0.015316	-0.068123	2.771420	0.101466	-0.207989	3.778407	-0.076578	-0.053934	2.847131	-0.178044	-0.167106	3.679126	-0.061262	-0.015663	2.802393	-0.089979	-0.223214	3.692059	-0.032546	-0.102012	2.821267	-0.070835	-0.134987	3.772150	1.146754	-0.041629	3.918256	1.483696	-0.051324	3.658996	1.209930	0.116467	3.729814	1.181214	-0.241860
52	0.850000	3.557317	0.830870	0.087995	3.602897	0.813640	-0.225385	3.402768	0.811725	-0.093050	3.812715	0.451809	0.069542	3.814490	0.455638	-0.017120	3.336757	0.289081	-0.198694	3.328099	0.296739	-0.112554	3.685382	0.057433	0.007175	3.687470	0.063177	-0.055501	2.972381	0.105295	-0.252931	2.958197	0.109123	-0.192237	3.855786	0.413520	0.021154	3.331437	0.231648	-0.149575	3.626984	-0.024888	-0.065409	2.864548	0.156985	-0.214244	3.908139	-0.086150	-0.030258	2.857664	-0.124439	-0.144476	3.802496	-0.082321	0.000608	2.849114	-0.036374	-0.214348	3.819706	-0.053605	-0.085949	2.866319	-0.015316	-0.125183	3.852555	1.156326	-0.027548	3.996470	1.499012	-0.029422	3.732517	1.213759	0.130026	3.816163	1.200358	-0.228926
53	0.866667	3.636157	0.838528	0.087579	3.688621	0.821298	-0.225279	3.486615	0.819383	-0.096281	3.864232	0.430751	0.071316	3.868614	0.432665	-0.014616	3.441461	0.290996	-0.196085	3.434472	0.298654	-0.110883	3.759634	0.028717	0.018127	3.762660	0.034460	-0.042880	3.055601	0.147412	-0.233845	3.045693	0.155070	-0.173359	3.911580	0.394376	0.022719	3.431865	0.233562	-0.146757	3.702904	-0.061262	-0.055396	2.966227	0.218247	-0.185771	3.985624	-0.112952	-0.005749	2.925345	-0.067006	-0.110060	3.875497	-0.111038	0.021050	2.923469	0.026802	-0.183686	3.896982	-0.084236	-0.065716	2.950895	0.045947	-0.095876	3.931291	1.165898	-0.012529	4.071347	1.508584	-0.005643	3.805100	1.213759	0.141916	3.899175	1.211845	-0.214116
54	0.883333	3.718544	0.846185	0.089563	3.771007	0.827041	-0.223296	3.569731	0.825127	-0.096905	3.907720	0.400119	0.066624	3.913771	0.403948	-0.020247	3.559305	0.289081	-0.205259	3.554923	0.294825	-0.119327	3.803017	0.000000	0.028870	3.806043	0.001914	-0.032138	3.153004	0.204846	-0.205164	3.148310	0.212504	-0.143218	3.956944	0.363745	0.021365	3.543765	0.235477	-0.154785	3.747226	-0.091893	-0.042985	3.073954	0.279509	-0.138735	4.025565	-0.143584	0.022305	3.025772	-0.001914	-0.072097	3.915959	-0.141669	0.042221	3.020038	0.093808	-0.136964	3.940051	-0.118696	-0.043815	3.061750	0.105295	-0.054994	4.009088	1.173556	0.000821	4.147163	1.516242	0.019805	3.877684	1.211845	0.153807	3.982187	1.221417	-0.199305
55	0.900000	3.799261	0.850014	0.092484	3.855062	0.834699	-0.222251	3.652117	0.828955	-0.094922	3.949539	0.375232	0.062871	3.956528	0.380975	-0.022331	3.684970	0.290996	-0.212243	3.683196	0.292910	-0.125581	3.833364	-0.022973	0.035962	3.835452	-0.021059	-0.026714	3.268449	0.256536	-0.175648	3.272306	0.262279	-0.114119	3.998763	0.335028	0.017611	3.663486	0.239306	-0.160622	3.776843	-0.111038	-0.033286	3.195030	0.329285	-0.099208	4.050385	-0.166557	0.039096	3.141216	0.049776	-0.042582	3.939841	-0.164642	0.057343	3.130685	0.145498	-0.100357	3.968208	-0.145498	-0.028901	3.182409	0.151241	-0.024018	4.086886	1.181214	0.014172	4.221832	1.523900	0.039308	3.950267	1.208016	0.165697	4.061653	1.230989	-0.186893
56	0.916667	3.879771	0.855758	0.091131	3.939117	0.844271	-0.221206	3.734295	0.836613	-0.097214	3.996572	0.361830	0.060577	4.005230	0.365659	-0.025563	3.813451	0.296739	-0.214222	3.815952	0.298654	-0.127768	3.854013	-0.026802	0.037527	3.853493	-0.026802	-0.025880	3.398911	0.294825	-0.154579	3.405375	0.298654	-0.092320	4.043190	0.317798	0.014588	3.791967	0.248878	-0.162601	3.790817	-0.111038	-0.027967	3.325700	0.365659	-0.073863	4.060083	-0.174215	0.044623	3.264379	0.086150	-0.030586	3.951208	-0.172300	0.061932	3.256663	0.183787	-0.083355	3.979576	-0.156985	-0.024312	3.309325	0.183787	-0.005347	4.163014	1.188871	0.028461	4.297231	1.529643	0.056204	4.021911	1.206101	0.175919	4.138720	1.250134	-0.170936
57	0.933333	3.958611	0.861501	0.090715	4.020565	0.853843	-0.220892	3.814805	0.842357	-0.098568	4.045274	0.350344	0.057346	4.054871	0.354173	-0.027126	3.950693	0.306311	-0.212342	3.952255	0.310140	-0.127557	3.861626	-0.021059	0.035441	3.859438	-0.019144	-0.027027	3.539593	0.323541	-0.134866	3.548665	0.323541	-0.071877	4.087616	0.302483	0.011565	3.927331	0.260365	-0.164058	3.789148	-0.099551	-0.027028	3.465444	0.392462	-0.055819	4.056538	-0.174215	0.042224	3.402558	0.109123	-0.027037	3.945993	-0.172300	0.060472	3.397658	0.208675	-0.074800	3.973423	-0.160814	-0.027441	3.446045	0.206760	0.003416	4.235598	1.196529	0.040351	4.374090	1.535386	0.067886	4.094495	1.202273	0.187809	4.212242	1.269278	-0.157377
58	0.950000	4.038391	0.861501	0.091969	4.100344	0.855758	-0.219638	3.894584	0.842357	-0.097315	4.085633	0.335028	0.058806	4.096898	0.338857	-0.026604	4.090541	0.319713	-0.209731	4.092103	0.323541	-0.124946	3.864963	-0.013401	0.033564	3.864443	-0.009572	-0.029842	3.678190	0.336943	-0.122766	3.688930	0.335028	-0.060715	4.122760	0.285253	0.011566	4.065511	0.275680	-0.160509	3.788210	-0.088065	-0.028697	3.600494	0.396290	-0.046117	4.050385	-0.172300	0.039096	3.552418	0.111038	-0.030058	3.940779	-0.170386	0.059012	3.545849	0.212504	-0.076883	3.968208	-0.160814	-0.028901	3.588500	0.210589	0.006756	4.312248	1.200358	0.047757	4.447403	1.537301	0.077169	4.171145	1.198444	0.195215	4.283887	1.280765	-0.147155
59	0.966667	4.112434	0.850014	0.098645	4.176994	0.848100	-0.212232	3.970296	0.832784	-0.091577	4.112643	0.312055	0.067776	4.126515	0.313969	-0.016905	4.233205	0.333114	-0.202115	4.231430	0.336943	-0.115453	3.860271	-0.013401	0.025221	3.864026	-0.009572	-0.038394	3.817099	0.325456	-0.121824	3.825232	0.327370	-0.060503	4.146433	0.258450	0.022412	4.208383	0.289081	-0.148617	3.787793	-0.089979	-0.037248	3.726368	0.373317	-0.048825	4.049655	-0.172300	0.041703	3.714897	0.084236	-0.037980	3.939841	-0.168471	0.057343	3.695500	0.185701	-0.084179	3.969877	-0.162728	-0.029840	3.733876	0.185701	-0.000332	4.391089	1.190786	0.047342	4.517900	1.535386	0.081447	4.256347	1.188871	0.202204	4.350838	1.276936	-0.145276
60	0.983333	4.185747	0.832784	0.107928	4.252915	0.832784	-0.202219	4.045277	0.819383	-0.083233	4.131310	0.287167	0.081438	4.149458	0.289081	-0.003451	4.375347	0.352258	-0.187616	4.369296	0.356087	-0.100746	3.853701	-0.015316	0.013541	3.862671	-0.011487	-0.048614	3.959138	0.296739	-0.127035	3.963934	0.304397	-0.063837	4.160824	0.231648	0.036282	4.354071	0.306311	-0.131719	3.788106	-0.095722	-0.048407	3.853494	0.329285	-0.061024	4.048925	-0.170386	0.044310	3.889994	0.038289	-0.050803	3.938902	-0.164642	0.055675	3.858501	0.137840	-0.098984	3.970607	-0.160814	-0.032447	3.885926	0.143584	-0.011174	4.470659	1.177385	0.044319	4.585582	1.527728	0.080718	4.346555	1.177385	0.206378	4.415913	1.265449	-0.146735
61	1.000000	4.264066	0.821298	0.114395	4.327688	0.821298	-0.198150	4.120989	0.807897	-0.077495	4.154044	0.273766	0.090615	4.173861	0.271851	0.004788	4.508938	0.382889	-0.172700	4.499341	0.384804	-0.088228	3.858498	-0.009572	0.006449	3.872683	-0.009572	-0.054245	4.107329	0.258450	-0.129117	4.106910	0.269937	-0.067380	4.181160	0.214418	0.049006	4.493606	0.333114	-0.117950	3.792903	-0.091893	-0.055498	3.996784	0.275680	-0.075725	4.048195	-0.168471	0.046917	4.089077	0.000000	-0.063939	3.937963	-0.162728	0.054006	4.045487	0.089979	-0.114102	3.973214	-0.160814	-0.031717	4.063631	0.099551	-0.023268	4.550752	1.167812	0.034414	4.659939	1.521985	0.076235	4.438223	1.171641	0.205337	4.480780	1.255877	-0.152469
62	1.016667	4.348121	0.815554	0.115440	4.402253	0.819383	-0.198357	4.200038	0.802153	-0.073635	4.180116	0.273766	0.097916	4.200871	0.268023	0.013757	4.638044	0.430751	-0.161851	4.626779	0.430751	-0.076441	3.876227	0.000000	0.018443	3.890411	-0.003829	-0.042252	4.273353	0.218247	-0.134641	4.269598	0.225905	-0.071026	4.206501	0.212504	0.058914	4.632933	0.379060	-0.108457	3.802602	-0.072749	-0.049971	4.173550	0.212504	-0.089487	4.052157	-0.176129	0.057867	4.333525	-0.019144	-0.078429	3.935565	-0.166557	0.057552	4.273562	0.047861	-0.130365	3.974361	-0.160814	-0.025772	4.283154	0.059348	-0.039114	4.629905	1.165898	0.022840	4.739301	1.518156	0.068937	4.530412	1.169727	0.197413	4.553259	1.255877	-0.160289
63	1.033333	4.437912	0.815554	0.111062	4.477339	0.819383	-0.205447	4.281695	0.800239	-0.069044	4.210463	0.283338	0.105008	4.232157	0.273766	0.022518	4.758391	0.488184	-0.154861	4.745457	0.486269	-0.068512	3.899586	0.013401	0.040448	3.915439	0.007658	-0.021185	4.466701	0.185701	-0.142354	4.459399	0.191445	-0.081138	4.234450	0.218247	0.069551	4.766107	0.438408	-0.102092	3.819392	-0.042118	-0.039646	4.375971	0.143584	-0.104500	4.050697	-0.179958	0.063081	4.601959	-0.026802	-0.093232	3.933896	-0.166557	0.058490	4.522286	0.021059	-0.145064	3.976238	-0.156985	-0.022435	4.523326	0.028717	-0.053396	4.710519	1.169727	0.006052	4.827945	1.516242	0.058615	4.621455	1.173556	0.183545	4.629806	1.257791	-0.172593
64	1.050000	4.530310	0.819383	0.107414	4.554303	0.827041	-0.209199	4.365958	0.804068	-0.063724	4.261042	0.298654	0.105114	4.279190	0.289081	0.020225	4.863094	0.534131	-0.152252	4.849222	0.530302	-0.067571	3.938902	0.034460	0.055675	3.951418	0.024888	-0.004081	4.656711	0.168471	-0.148189	4.649410	0.170386	-0.086973	4.281692	0.231648	0.071534	4.886975	0.486269	-0.101985	3.853285	-0.001914	-0.030155	4.571717	0.091893	-0.115758	4.045066	-0.166557	0.053070	4.839733	-0.019144	-0.103968	3.940571	-0.153156	0.054736	4.747232	0.015316	-0.155174	3.985520	-0.143584	-0.025459	4.743997	0.019144	-0.063298	4.795409	1.177385	-0.010945	4.922325	1.514327	0.042870	4.715104	1.183128	0.170407	4.708751	1.261620	-0.188443
65	1.066667	4.630738	0.828955	0.110232	4.635751	0.842357	-0.208885	4.455644	0.817469	-0.052667	4.333313	0.315884	0.093018	4.347185	0.310140	0.008338	4.950069	0.555190	-0.161636	4.938805	0.551361	-0.076225	4.001057	0.061262	0.064645	4.008358	0.055519	0.003429	4.823882	0.155070	-0.147768	4.819188	0.156985	-0.085822	4.347810	0.248878	0.056310	4.989384	0.513072	-0.111264	3.905219	0.053605	-0.019830	4.753384	0.061262	-0.116901	4.051323	-0.189530	0.040764	5.039025	0.005743	-0.112827	3.956527	-0.122525	0.047958	4.939849	0.022973	-0.160280	4.000537	-0.114867	-0.033906	4.939221	0.026802	-0.067674	4.886243	1.190786	-0.029089	5.028384	1.516242	0.020555	4.816367	1.202273	0.155184	4.792911	1.265449	-0.202832
66	1.083333	4.736171	0.844271	0.110235	4.719806	0.863415	-0.207840	4.550545	0.832784	-0.040151	4.420810	0.335028	0.076751	4.426860	0.336943	-0.010119	5.029953	0.560933	-0.175817	5.022964	0.555190	-0.090615	4.081044	0.093808	0.070174	4.081463	0.091893	0.008436	4.968736	0.145498	-0.147974	4.968318	0.147412	-0.086236	4.429884	0.273766	0.034307	5.076881	0.524558	-0.127531	3.982078	0.120610	-0.008148	4.922432	0.045947	-0.113143	4.036098	-0.166557	0.009791	5.210993	0.040203	-0.119498	3.984371	-0.068920	0.038885	5.109419	0.038289	-0.163405	4.025775	-0.067006	-0.043709	5.111399	0.042118	-0.070068	4.982083	1.208016	-0.050048	5.143726	1.518156	-0.004784	4.921905	1.225246	0.139752	4.879469	1.269278	-0.220768
67	1.100000	4.837329	0.857672	0.110445	4.804799	0.880645	-0.205126	4.644507	0.848100	-0.029303	4.518005	0.348429	0.066012	4.521448	0.356087	-0.021589	5.104831	0.555190	-0.187182	5.102118	0.549446	-0.102189	4.167498	0.130182	0.067673	4.163641	0.132097	0.006144	5.088666	0.134011	-0.149535	5.090855	0.137840	-0.087068	4.524263	0.289081	0.018562	5.155096	0.522644	-0.140774	4.078960	0.187616	-0.007729	5.056336	0.028717	-0.109386	4.048926	-0.099551	-0.025979	5.343542	0.057433	-0.125961	4.034116	0.000000	0.021888	5.241238	0.040203	-0.167260	4.078127	0.001914	-0.059976	5.246554	0.047861	-0.075801	5.074585	1.221417	-0.069131	5.253123	1.516242	-0.028976	5.024836	1.246305	0.123590	4.964358	1.271193	-0.237764
68	1.116667	4.932543	0.871073	0.111803	4.893130	0.890218	-0.204290	4.736383	0.857672	-0.026068	4.630322	0.352258	0.066536	4.636372	0.359916	-0.020334	5.175120	0.534131	-0.187181	5.175014	0.532216	-0.101457	4.254995	0.179958	0.051406	4.253745	0.183787	-0.009393	5.174390	0.116781	-0.149429	5.174910	0.120610	-0.086023	4.631366	0.294825	0.017626	5.227993	0.507328	-0.140042	4.191173	0.260365	-0.026915	5.142268	0.005743	-0.105004	4.111499	-0.011487	-0.078747	5.432394	0.040203	-0.132007	4.111811	0.082321	-0.019616	5.326023	0.022973	-0.168823	4.161974	0.082321	-0.098352	5.333008	0.030631	-0.078302	5.167088	1.227160	-0.088213	5.357306	1.508584	-0.054628	5.122553	1.263535	0.105968	5.049248	1.269278	-0.254761
69	1.133333	5.022542	0.882560	0.111701	4.985736	0.895961	-0.203662	4.828990	0.865330	-0.025440	4.756613	0.350344	0.072379	4.766209	0.354173	-0.012093	5.239674	0.505414	-0.181756	5.240506	0.507328	-0.094364	4.359178	0.243135	0.025754	4.363872	0.248878	-0.036192	5.229453	0.088065	-0.145256	5.229034	0.091893	-0.083519	4.750774	0.292910	0.022947	5.293484	0.476697	-0.132949	4.317465	0.335028	-0.056216	5.195663	-0.021059	-0.099892	4.210469	0.080407	-0.141004	5.484433	0.003829	-0.137116	4.215264	0.170386	-0.077806	5.377332	-0.009572	-0.171325	4.277942	0.166557	-0.146008	5.386924	-0.001914	-0.080074	5.257922	1.230989	-0.106357	5.458152	1.499012	-0.078403	5.219332	1.276936	0.086677	5.129862	1.267364	-0.271550
70	1.150000	5.115149	0.890218	0.112329	5.075736	0.899790	-0.203765	4.918989	0.869159	-0.025542	4.889786	0.344600	0.078744	4.903658	0.348429	-0.005937	5.299013	0.472868	-0.177792	5.303182	0.476697	-0.092277	4.484009	0.300568	0.001667	4.492979	0.306311	-0.060488	5.267935	0.059348	-0.147133	5.268455	0.061262	-0.083726	4.877795	0.292910	0.026183	5.353553	0.444152	-0.131592	4.455124	0.398205	-0.080929	5.226532	-0.044032	-0.099683	4.333319	0.156985	-0.188138	5.514155	-0.036374	-0.142851	4.338324	0.245049	-0.120665	5.407992	-0.045947	-0.175391	4.407363	0.237391	-0.181462	5.421860	-0.038289	-0.084349	5.347087	1.230989	-0.123562	5.553991	1.491354	-0.099363	5.312773	1.286508	0.069263	5.212353	1.261620	-0.285001
71	1.166667	5.210154	0.890218	0.109411	5.164796	0.897876	-0.205535	5.012534	0.867244	-0.023246	5.030365	0.335028	0.078747	5.041629	0.340772	-0.006664	5.355327	0.442237	-0.183109	5.360436	0.446066	-0.095926	4.623753	0.348429	-0.015433	4.635331	0.352258	-0.076858	5.290565	0.032546	-0.157665	5.291085	0.034460	-0.094259	5.011490	0.289081	0.025664	5.407261	0.407777	-0.137639	4.604150	0.444152	-0.101053	5.238212	-0.063177	-0.106253	4.465242	0.210589	-0.207428	5.520621	-0.082321	-0.150881	4.477859	0.302483	-0.142041	5.415397	-0.089979	-0.181752	4.547837	0.287167	-0.201169	5.430933	-0.080407	-0.091648	5.432707	1.229075	-0.143166	5.640550	1.487525	-0.117298	5.407883	1.290337	0.050911	5.290568	1.250134	-0.298243
72	1.183333	5.306828	0.884474	0.105555	5.253857	0.892132	-0.207306	5.105140	0.861501	-0.022618	5.177617	0.325456	0.074996	5.187944	0.333114	-0.012083	5.407158	0.409692	-0.192494	5.413935	0.411606	-0.106249	4.777264	0.388633	-0.031490	4.790509	0.388633	-0.093853	5.297552	0.007658	-0.172578	5.298072	0.009572	-0.109172	5.153528	0.283338	0.020453	5.455546	0.369488	-0.149423	4.763396	0.482441	-0.122532	5.229035	-0.076578	-0.118663	4.613225	0.250793	-0.213787	5.504770	-0.132097	-0.159537	4.629909	0.342686	-0.152883	5.401214	-0.135926	-0.191347	4.699887	0.321627	-0.212012	5.417689	-0.124439	-0.099574	5.517597	1.225246	-0.160163	5.722102	1.487525	-0.132418	5.499655	1.290337	0.034436	5.370660	1.236733	-0.308149
73	1.200000	5.400894	0.874902	0.100968	5.341979	0.884474	-0.210746	5.197747	0.851929	-0.021990	5.331544	0.319713	0.067491	5.338534	0.329285	-0.017711	5.453774	0.377146	-0.203339	5.462220	0.379060	-0.118032	4.935258	0.413520	-0.043479	4.949442	0.413520	-0.104174	5.302350	-0.009572	-0.179669	5.304538	-0.009572	-0.117201	5.303180	0.283338	0.013157	5.498825	0.331199	-0.158390	4.914507	0.505414	-0.135043	5.226219	-0.088065	-0.123669	4.765901	0.268023	-0.211802	5.497678	-0.166557	-0.164335	4.782376	0.361830	-0.155174	5.390785	-0.166557	-0.194267	4.848808	0.340772	-0.216701	5.407990	-0.155070	-0.105102	5.604572	1.219503	-0.169546	5.802194	1.487525	-0.142323	5.586630	1.286508	0.025052	5.456906	1.223331	-0.314925
74	1.216667	5.495691	0.863415	0.093775	5.429163	0.871073	-0.215854	5.290145	0.838528	-0.025638	5.494753	0.319713	0.056961	5.494859	0.329285	-0.028762	5.492778	0.342686	-0.212098	5.508106	0.344600	-0.126270	5.092731	0.425007	-0.048586	5.106915	0.428836	-0.109280	5.304644	-0.024888	-0.167780	5.311108	-0.024888	-0.105521	5.460966	0.287167	-0.003108	5.536160	0.294825	-0.166211	5.053417	0.514986	-0.134102	5.235188	-0.107209	-0.115534	4.922330	0.264194	-0.203142	5.507898	-0.178044	-0.165690	4.934530	0.359916	-0.146306	5.400275	-0.176129	-0.193016	4.995540	0.346515	-0.213569	5.420088	-0.170386	-0.103120	5.694571	1.209930	-0.169649	5.881765	1.491354	-0.145346	5.668808	1.280765	0.022759	5.555248	1.208016	-0.319720
75	1.233333	5.589549	0.848100	0.084912	5.517077	0.855758	-0.223569	5.382543	0.821298	-0.029286	5.660361	0.329285	0.042887	5.656191	0.336943	-0.042629	5.530321	0.310140	-0.215643	5.550655	0.312055	-0.132630	5.250412	0.421178	-0.049416	5.264597	0.432665	-0.110111	5.308293	-0.036374	-0.145672	5.320702	-0.034460	-0.084559	5.625426	0.298654	-0.023128	5.570158	0.258450	-0.172154	5.186799	0.509243	-0.123461	5.249579	-0.124439	-0.101664	5.087728	0.239306	-0.186348	5.526878	-0.176129	-0.163187	5.093254	0.336943	-0.125758	5.418525	-0.172300	-0.187905	5.146025	0.335028	-0.203763	5.438338	-0.172300	-0.098010	5.786656	1.198444	-0.162138	5.958207	1.495183	-0.142215	5.746189	1.269278	0.027558	5.661412	1.192700	-0.322325
76	1.250000	5.681947	0.838528	0.081264	5.610205	0.842357	-0.229824	5.474002	0.807897	-0.034603	5.818146	0.352258	0.026621	5.809701	0.359916	-0.058685	5.568803	0.287167	-0.217519	5.595081	0.287167	-0.135654	5.399542	0.402034	-0.049830	5.410389	0.419264	-0.108648	5.320808	-0.036374	-0.135138	5.335823	-0.034460	-0.073296	5.785819	0.315884	-0.038663	5.607492	0.231648	-0.179975	5.321120	0.478612	-0.111152	5.263762	-0.128268	-0.092069	5.270959	0.199102	-0.172996	5.538976	-0.172300	-0.161205	5.266265	0.290996	-0.111049	5.431561	-0.168471	-0.184255	5.306000	0.302483	-0.192705	5.452312	-0.172300	-0.092691	5.880618	1.192700	-0.151290	6.040802	1.497097	-0.135956	5.822839	1.263535	0.034964	5.767784	1.185043	-0.320654
77	1.266667	5.771216	0.834699	0.083769	5.710633	0.836613	-0.227006	5.568069	0.800239	-0.039189	5.969988	0.390547	0.011503	5.957267	0.400119	-0.073595	5.613021	0.277595	-0.224818	5.637630	0.273766	-0.142014	5.545543	0.361830	-0.044091	5.549507	0.380975	-0.103430	5.338224	-0.022973	-0.147131	5.352301	-0.024888	-0.086957	5.939538	0.352258	-0.050444	5.646496	0.218247	-0.188734	5.458986	0.417349	-0.096445	5.273043	-0.107209	-0.095093	5.481514	0.141669	-0.161832	5.547110	-0.176129	-0.170174	5.454711	0.222076	-0.096236	5.432291	-0.170386	-0.186862	5.484017	0.243135	-0.180812	5.456379	-0.168471	-0.097175	5.972181	1.192700	-0.136896	6.132887	1.495183	-0.128446	5.904704	1.263535	0.043831	5.873635	1.185043	-0.312100
78	1.283333	5.860694	0.834699	0.090550	5.817005	0.836613	-0.225335	5.664743	0.798324	-0.043046	6.110879	0.442237	0.000348	6.098158	0.453724	-0.084750	5.660575	0.279509	-0.233994	5.683517	0.271851	-0.150252	5.708856	0.312055	-0.034910	5.705937	0.329285	-0.094771	5.360229	0.000000	-0.170491	5.374306	-0.005743	-0.110317	6.092526	0.400119	-0.059617	5.689775	0.216332	-0.197702	5.605404	0.331199	-0.082154	5.283785	-0.068920	-0.103332	5.709901	0.072749	-0.154110	5.545963	-0.172300	-0.176118	5.661928	0.145498	-0.083196	5.428745	-0.168471	-0.189261	5.677468	0.174215	-0.168815	5.457839	-0.156985	-0.102389	6.065622	1.196529	-0.119166	6.230394	1.493268	-0.115199	5.986777	1.269278	0.056973	5.980424	1.192700	-0.301878
79	1.300000	5.949233	0.838528	0.095662	5.925984	0.836613	-0.222934	5.765484	0.796410	-0.051386	6.236753	0.486269	-0.002361	6.224032	0.497756	-0.087459	5.724920	0.285253	-0.232846	5.743586	0.275680	-0.148895	5.884787	0.262279	-0.030630	5.875924	0.277595	-0.089344	5.401944	0.024888	-0.193954	5.411015	0.019144	-0.130965	6.233835	0.442237	-0.062221	5.745568	0.220161	-0.196136	5.770385	0.248878	-0.073912	5.313090	-0.021059	-0.117618	5.941834	0.024888	-0.143989	5.538767	-0.166557	-0.165481	5.877488	0.084236	-0.074848	5.431561	-0.160814	-0.184255	5.883538	0.116781	-0.161719	5.463992	-0.141669	-0.099261	6.161669	1.204187	-0.100705	6.331239	1.491354	-0.103829	6.072188	1.275022	0.068238	6.088152	1.204187	-0.289986
80	1.316667	6.042570	0.846185	0.093683	6.045914	0.836613	-0.224495	5.871960	0.800239	-0.065150	6.352824	0.514986	0.004838	6.340103	0.524558	-0.080260	5.808870	0.290996	-0.216366	5.817316	0.287167	-0.131060	6.065516	0.214418	-0.033442	6.057383	0.225905	-0.094763	5.471399	0.045947	-0.211056	5.471919	0.044032	-0.147649	6.366278	0.469039	-0.053250	5.820237	0.227819	-0.176633	5.963003	0.174215	-0.079018	5.365025	0.040203	-0.142437	6.188680	0.009572	-0.126880	5.531988	-0.199102	-0.146292	6.111820	0.047861	-0.068273	5.439591	-0.137840	-0.177789	6.112656	0.076578	-0.156603	5.467746	-0.118696	-0.092586	6.259385	1.215674	-0.083182	6.432293	1.497097	-0.088184	6.157598	1.278850	0.079502	6.200155	1.219503	-0.278304
81	1.333333	6.138305	0.859587	0.088158	6.167512	0.840442	-0.226996	5.980836	0.805982	-0.082459	6.457215	0.532216	0.018606	6.450438	0.537960	-0.067639	5.905126	0.298654	-0.193630	5.902413	0.304397	-0.108636	6.247913	0.174215	-0.037192	6.244056	0.183787	-0.098721	5.564110	0.065091	-0.225862	5.555140	0.067006	-0.163708	6.487042	0.488184	-0.037708	5.908150	0.241220	-0.149204	6.170846	0.109123	-0.088294	5.455025	0.105295	-0.177684	6.436465	0.011487	-0.108103	5.497156	-0.178044	-0.122307	6.346360	0.026802	-0.057422	5.459093	-0.089979	-0.182168	6.347196	0.051690	-0.145752	5.482242	-0.068920	-0.094150	6.359709	1.230989	-0.064930	6.535953	1.504755	-0.071809	6.245407	1.280765	0.087222	6.313827	1.234818	-0.267560
82	1.350000	6.232371	0.871073	0.083571	6.283166	0.846185	-0.228349	6.087313	0.813640	-0.096222	6.551177	0.532216	0.029454	6.546069	0.536045	-0.057730	6.007640	0.308226	-0.183199	5.996375	0.319713	-0.097788	6.410808	0.141669	-0.036563	6.406951	0.151241	-0.098092	5.658907	0.093808	-0.233056	5.643054	0.099551	-0.171423	6.588825	0.493927	-0.024670	6.005866	0.252707	-0.131681	6.349698	0.055519	-0.094443	5.562962	0.166557	-0.196662	6.636799	0.009572	-0.095584	5.499241	-0.103380	-0.114694	6.535327	0.011487	-0.049491	5.508525	-0.019144	-0.188007	6.537832	0.034460	-0.138761	5.529067	0.001914	-0.100719	6.460762	1.240561	-0.049285	6.640552	1.508584	-0.053765	6.336762	1.280765	0.097340	6.426769	1.248219	-0.254208
83	1.366667	6.321432	0.880645	0.081800	6.380778	0.855758	-0.230536	6.180441	0.825127	-0.102477	6.622404	0.511157	0.031124	6.619903	0.518815	-0.055330	6.118809	0.313969	-0.188619	6.109213	0.325456	-0.104147	6.533345	0.109123	-0.037394	6.531157	0.118696	-0.099862	5.740563	0.151241	-0.228465	5.730654	0.156985	-0.167979	6.665997	0.480526	-0.024147	6.109214	0.258450	-0.139292	6.481308	0.011487	-0.102575	5.669230	0.243135	-0.179557	6.773101	-0.003829	-0.095372	5.562751	-0.013401	-0.095504	6.667145	-0.013401	-0.053347	5.583193	0.068920	-0.168504	6.670589	0.015316	-0.140948	5.615624	0.082321	-0.083510	6.565152	1.240561	-0.035516	6.752973	1.508584	-0.033531	6.434270	1.278850	0.110586	6.537104	1.255877	-0.241587
84	1.383333	6.411431	0.890218	0.081698	6.471716	0.869159	-0.228970	6.271170	0.838528	-0.105186	6.674443	0.478612	0.026015	6.677157	0.490098	-0.058978	6.241451	0.319713	-0.204885	6.237069	0.325456	-0.118953	6.622197	0.070835	-0.043441	6.620009	0.080407	-0.105909	5.836611	0.225905	-0.210004	5.831916	0.231648	-0.148058	6.724189	0.451809	-0.026127	6.224972	0.264194	-0.156079	6.576834	-0.024888	-0.112375	5.781546	0.321627	-0.143888	6.867898	-0.026802	-0.102566	5.661093	0.070835	-0.065154	6.763610	-0.042118	-0.061479	5.677468	0.156985	-0.133670	6.767054	-0.009572	-0.149080	5.723456	0.158899	-0.051909	6.671212	1.234818	-0.022687	6.867062	1.502841	-0.014235	6.536053	1.275022	0.123624	6.646709	1.259706	-0.226359
85	1.400000	6.504038	0.894047	0.082326	6.565991	0.878731	-0.229281	6.362838	0.846185	-0.106227	6.725752	0.444152	0.023514	6.732742	0.457553	-0.061688	6.372644	0.321627	-0.221568	6.370869	0.323541	-0.134906	6.688941	0.036374	-0.045838	6.687691	0.044032	-0.106637	5.955914	0.292910	-0.189249	5.959771	0.294825	-0.127719	6.783320	0.419264	-0.026438	6.350221	0.269937	-0.171615	6.646915	-0.055519	-0.116649	5.909087	0.384804	-0.112390	6.935788	-0.055519	-0.099018	5.777059	0.137840	-0.042522	6.832961	-0.074663	-0.063146	5.792912	0.229734	-0.104155	6.837343	-0.040203	-0.149078	5.847974	0.222076	-0.029693	6.773725	1.229075	-0.012256	6.974268	1.500926	0.004539	6.635229	1.267364	0.135932	6.750161	1.263535	-0.214259
86	1.416667	6.602589	0.888303	0.081807	6.669756	0.878731	-0.228340	6.464726	0.844271	-0.108624	6.789367	0.411606	0.027269	6.798963	0.425007	-0.057203	6.514474	0.315884	-0.231055	6.515306	0.317798	-0.143663	6.732115	0.005743	-0.039371	6.732534	0.013401	-0.101109	6.098995	0.338857	-0.173081	6.105459	0.338857	-0.110822	6.846204	0.382889	-0.020076	6.487775	0.268023	-0.180894	6.687482	-0.084236	-0.110913	6.059260	0.428836	-0.091425	6.972914	-0.093808	-0.075970	5.910441	0.187616	-0.031881	6.867271	-0.112952	-0.045104	5.933386	0.281424	-0.088717	6.880204	-0.082321	-0.131453	5.988447	0.266108	-0.014255	6.872901	1.225246	0.000052	7.071775	1.499012	0.017786	6.731798	1.255877	0.147510	6.850276	1.269278	-0.200283
87	1.433333	6.704685	0.878731	0.083686	6.774460	0.874902	-0.225730	6.570160	0.836613	-0.108621	6.855797	0.377146	0.036031	6.868001	0.388633	-0.047711	6.666002	0.310140	-0.235014	6.665896	0.310140	-0.149291	6.753911	-0.019144	-0.031862	6.755998	-0.013401	-0.094538	6.255633	0.371403	-0.160146	6.266373	0.367574	-0.098095	6.908359	0.342686	-0.011105	6.635758	0.264194	-0.187252	6.701665	-0.107209	-0.101318	6.222051	0.461382	-0.075362	6.980526	-0.137840	-0.042911	6.062387	0.222076	-0.027289	6.872797	-0.151241	-0.019658	6.089815	0.317798	-0.080058	6.894282	-0.128268	-0.106424	6.142270	0.296739	-0.006326	6.967802	1.223331	0.012569	7.162400	1.499012	0.030511	6.826699	1.240561	0.160027	6.945176	1.275022	-0.187766
88	1.450000	6.807720	0.867244	0.087234	6.880102	0.867244	-0.221452	6.673925	0.828955	-0.107680	6.917014	0.346515	0.043332	6.933493	0.356087	-0.040618	6.822745	0.306311	-0.237514	6.820970	0.306311	-0.150851	6.769345	-0.036374	-0.031757	6.776647	-0.028717	-0.092973	6.416338	0.390547	-0.151695	6.427078	0.386718	-0.089644	6.966238	0.304397	-0.001927	6.789163	0.264194	-0.187874	6.714701	-0.122525	-0.097668	6.378480	0.478612	-0.066702	6.986053	-0.168471	-0.017465	6.222467	0.237391	-0.031666	6.876239	-0.174215	-0.001825	6.249165	0.333114	-0.081827	6.903668	-0.158899	-0.089738	6.298283	0.312055	-0.006218	7.066770	1.221417	0.020601	7.252816	1.500926	0.038960	6.926605	1.227160	0.169728	7.036531	1.280765	-0.177648
89	1.466667	6.907418	0.855758	0.092660	6.984076	0.857672	-0.216235	6.775291	0.817469	-0.103194	6.973954	0.317798	0.050842	6.994709	0.325456	-0.033317	6.984910	0.308226	-0.234277	6.978860	0.306311	-0.147406	6.783424	-0.042118	-0.041873	6.795002	-0.034460	-0.103297	6.576627	0.398205	-0.151796	6.584760	0.396290	-0.090475	7.018902	0.269937	0.005791	6.947262	0.268023	-0.180153	6.731387	-0.126353	-0.107053	6.520519	0.482441	-0.071913	6.999297	-0.178044	-0.009539	6.382130	0.227819	-0.044593	6.888336	-0.178044	0.000157	6.404553	0.327370	-0.094546	6.920979	-0.168471	-0.086296	6.449602	0.312055	-0.014453	7.167927	1.213759	0.020812	7.341356	1.504755	0.044072	7.035793	1.213759	0.176405	7.125800	1.278850	-0.175143
90	1.483333	7.009723	0.840442	0.098815	7.084712	0.846185	-0.209142	6.876658	0.807897	-0.098707	7.029017	0.292910	0.055015	7.051649	0.298654	-0.025807	7.147493	0.317798	-0.222489	7.138835	0.315884	-0.136348	6.795418	-0.036374	-0.059601	6.813878	-0.030631	-0.120504	6.733161	0.392462	-0.158571	6.741294	0.394376	-0.097250	7.068960	0.241220	0.012780	7.110783	0.275680	-0.166696	6.747864	-0.122525	-0.120714	6.659324	0.472868	-0.090682	7.008787	-0.172300	-0.008287	6.550866	0.199102	-0.064821	6.898347	-0.170386	-0.005474	6.568074	0.300568	-0.116234	6.934537	-0.166557	-0.089528	6.604781	0.294825	-0.031448	7.270546	1.204187	0.015809	7.428748	1.510498	0.043240	7.150925	1.202273	0.181934	7.210585	1.275022	-0.176706
91	1.500000	7.112758	0.832784	0.102363	7.184201	0.838528	-0.207992	6.977294	0.800239	-0.091613	7.082412	0.275680	0.060126	7.107442	0.279509	-0.024241	7.307677	0.340772	-0.207155	7.294743	0.336943	-0.120806	6.818987	-0.022973	-0.068465	6.839324	-0.019144	-0.126031	6.884481	0.373317	-0.166806	6.889277	0.377146	-0.103608	7.116410	0.220161	0.019038	7.271697	0.294825	-0.153970	6.763820	-0.109123	-0.127493	6.800737	0.442237	-0.108720	7.017338	-0.168471	-0.008704	6.740981	0.158899	-0.086091	6.905960	-0.164642	-0.007560	6.744423	0.256536	-0.138547	6.946425	-0.164642	-0.091822	6.772787	0.258450	-0.049069	7.372955	1.200358	0.006530	7.518538	1.516242	0.038862	7.265640	1.196529	0.178913	7.297039	1.275022	-0.179207
92	1.516667	7.224136	0.832784	0.101218	7.279207	0.840442	-0.210910	7.078661	0.800239	-0.087126	7.130592	0.269937	0.063777	7.153954	0.271851	-0.019651	7.464523	0.380975	-0.189944	7.450651	0.377146	-0.105264	6.845475	-0.009572	-0.052613	6.864874	-0.007658	-0.111847	7.040807	0.338857	-0.177857	7.040388	0.344600	-0.116119	7.161253	0.214418	0.024566	7.432610	0.333114	-0.141243	6.777795	-0.084236	-0.122174	6.949763	0.384804	-0.128844	7.023908	-0.178044	0.002976	6.962695	0.101466	-0.109759	6.907837	-0.168471	-0.004223	6.944550	0.193359	-0.165449	6.950180	-0.166557	-0.085148	6.961025	0.199102	-0.073676	7.474218	1.204187	-0.008694	7.618341	1.518156	0.028852	7.379209	1.200358	0.169947	7.388290	1.278850	-0.188799
93	1.533333	7.336244	0.836613	0.097467	7.371396	0.846185	-0.218834	7.180966	0.802153	-0.080971	7.177104	0.277595	0.068367	7.197859	0.275680	-0.015792	7.613548	0.434579	-0.174924	7.600615	0.432665	-0.088575	6.875926	0.007658	-0.025811	6.892718	0.005743	-0.085775	7.214966	0.296739	-0.192349	7.208603	0.300568	-0.129464	7.203489	0.220161	0.029364	7.594463	0.384804	-0.126848	6.796462	-0.045947	-0.108512	7.109740	0.308226	-0.152931	7.020779	-0.181872	0.009129	7.204849	0.038289	-0.136138	6.903770	-0.168471	0.000262	7.165325	0.124439	-0.190785	6.948719	-0.162728	-0.079934	7.168973	0.130182	-0.098387	7.576210	1.209930	-0.026525	7.724818	1.521985	0.015089	7.492568	1.208016	0.156705	7.481939	1.286508	-0.201937
94	1.550000	7.452628	0.842357	0.093506	7.465463	0.853843	-0.223420	7.284209	0.807897	-0.073147	7.242178	0.290996	0.066908	7.258658	0.289081	-0.017042	7.744115	0.480526	-0.169289	7.731182	0.480526	-0.082940	6.920665	0.032546	-0.004848	6.933180	0.028717	-0.064604	7.398093	0.250793	-0.198706	7.389123	0.254621	-0.136551	7.261681	0.227819	0.027384	7.743071	0.426922	-0.120379	6.832440	0.005743	-0.091408	7.282960	0.229734	-0.169091	7.014940	-0.166557	-0.005159	7.447419	-0.007658	-0.153966	6.912113	-0.151241	-0.004431	7.389124	0.070835	-0.206840	6.957062	-0.143584	-0.084626	7.385889	0.074663	-0.114964	7.679872	1.219503	-0.045294	7.833693	1.523900	-0.002220	7.609265	1.219503	0.141586	7.577258	1.292252	-0.216013
95	1.566667	7.573496	0.850014	0.093613	7.560676	0.869159	-0.222062	7.392875	0.817469	-0.059588	7.331344	0.304397	0.049703	7.338333	0.308226	-0.035499	7.855076	0.511157	-0.178985	7.846418	0.507328	-0.092845	6.990849	0.063177	0.010588	6.992936	0.065091	-0.052088	7.576423	0.202931	-0.197972	7.567453	0.202931	-0.135817	7.341148	0.243135	0.004652	7.871135	0.455638	-0.130909	6.892822	0.068920	-0.066065	7.474639	0.156985	-0.175865	7.028185	-0.183787	-0.032377	7.693745	-0.021059	-0.165119	6.936412	-0.114867	-0.015902	7.621892	0.036374	-0.214761	6.975209	-0.103380	-0.099226	7.616989	0.038289	-0.121946	7.786140	1.230989	-0.063333	7.948305	1.527728	-0.024952	7.729508	1.234818	0.128866	7.673514	1.294166	-0.228421
96	1.583333	7.697910	0.857672	0.096119	7.655160	0.886389	-0.218097	7.504357	0.828955	-0.041022	7.432190	0.319713	0.025928	7.430627	0.331199	-0.058857	7.954462	0.526473	-0.197546	7.948411	0.520730	-0.110675	7.081474	0.095722	0.023313	7.073341	0.105295	-0.038008	7.752876	0.158899	-0.200575	7.750789	0.156985	-0.137899	7.435632	0.264194	-0.026528	7.986685	0.474783	-0.151972	6.977606	0.139755	-0.032483	7.675286	0.089979	-0.174505	7.017548	-0.147412	-0.074718	7.937671	-0.019144	-0.172726	6.973747	-0.055519	-0.023723	7.849654	0.013401	-0.219866	7.005661	-0.036374	-0.107568	7.849026	0.013401	-0.127259	7.894077	1.242476	-0.082311	8.065315	1.531557	-0.051229	7.853088	1.253963	0.114269	7.768103	1.294166	-0.239891
97	1.600000	7.817110	0.867244	0.097165	7.752250	0.899790	-0.213402	7.614692	0.838528	-0.028401	7.541274	0.331199	0.012895	7.536374	0.350344	-0.070013	8.045504	0.524558	-0.211414	8.043729	0.518815	-0.124752	7.179712	0.135926	0.033953	7.165634	0.149327	-0.026221	7.914624	0.128268	-0.205890	7.916813	0.126353	-0.143422	7.537625	0.279509	-0.044359	8.087009	0.480526	-0.168864	7.084812	0.212504	-0.013709	7.851217	0.032546	-0.170225	7.036008	-0.061262	-0.100476	8.137171	-0.021059	-0.177310	7.033607	0.024888	-0.026641	8.035597	-0.005743	-0.221217	7.067190	0.045947	-0.111426	8.039245	-0.003829	-0.128819	8.001284	1.250134	-0.098681	8.183264	1.529643	-0.075838	7.974061	1.269278	0.098941	7.866966	1.292252	-0.251568
98	1.616667	7.925880	0.874902	0.095290	7.856016	0.907448	-0.212461	7.722003	0.846185	-0.025061	7.663289	0.335028	0.018946	7.660058	0.352258	-0.064900	8.125805	0.503499	-0.217044	8.127367	0.497756	-0.132259	7.274925	0.197188	0.035310	7.265124	0.210589	-0.025072	8.042375	0.093808	-0.205261	8.046233	0.093808	-0.143732	7.652027	0.285253	-0.036222	8.172524	0.465211	-0.173034	7.209330	0.292910	-0.026637	7.987937	-0.011487	-0.161462	7.104524	0.040203	-0.119246	8.281295	-0.036374	-0.174908	7.119227	0.120610	-0.046245	8.173777	-0.032546	-0.217668	7.161569	0.134011	-0.127171	8.180032	-0.024888	-0.124540	8.107553	1.253963	-0.116720	8.302151	1.521985	-0.098779	8.087212	1.280765	0.081424	7.966560	1.288423	-0.265853
99	1.633333	8.032983	0.884474	0.094354	7.962179	0.911277	-0.215066	7.829105	0.853843	-0.025997	7.796879	0.335028	0.033862	7.797924	0.346515	-0.050193	8.193487	0.469039	-0.217772	8.200264	0.467125	-0.131527	7.387346	0.273766	0.020400	7.385158	0.283338	-0.042068	8.142073	0.053605	-0.199836	8.143323	0.053605	-0.139037	7.779882	0.285253	-0.015883	8.248028	0.434579	-0.171572	7.348449	0.375232	-0.056564	8.095665	-0.049776	-0.149571	7.207769	0.139755	-0.146567	8.386937	-0.059348	-0.170630	7.229146	0.223990	-0.077320	8.279627	-0.065091	-0.209114	7.283794	0.220161	-0.151988	8.287551	-0.049776	-0.116925	8.216428	1.255877	-0.134030	8.418431	1.512413	-0.122449	8.198695	1.292252	0.064845	8.066154	1.284594	-0.280138
100	1.650000	8.141754	0.890218	0.092479	8.070950	0.909362	-0.216941	7.936208	0.855758	-0.026934	7.936415	0.331199	0.047631	7.943404	0.338857	-0.037571	8.256893	0.432665	-0.218292	8.267946	0.432665	-0.132255	7.525214	0.338857	-0.000037	7.529908	0.342686	-0.061983	8.217577	0.017230	-0.198374	8.218097	0.019144	-0.134968	7.915871	0.285253	-0.004512	8.315710	0.398205	-0.172300	7.501543	0.438408	-0.081173	8.174922	-0.084236	-0.141435	7.336876	0.218247	-0.170863	8.463171	-0.086150	-0.171776	7.362321	0.306311	-0.106100	8.357738	-0.097637	-0.206923	7.422391	0.287167	-0.175032	8.367330	-0.078492	-0.115672	8.321966	1.253963	-0.149462	8.527306	1.504755	-0.139758	8.307570	1.297995	0.047535	8.166687	1.278850	-0.292755
101	1.666667	8.253862	0.886389	0.088727	8.174507	0.905533	-0.220275	8.046856	0.850014	-0.025471	8.089090	0.321627	0.049616	8.093472	0.329285	-0.036316	8.320091	0.398205	-0.223088	8.332812	0.400119	-0.137990	7.681331	0.384804	-0.015364	7.688632	0.386718	-0.076580	8.262941	-0.013401	-0.199729	8.265130	-0.013401	-0.137261	8.061664	0.279509	-0.003049	8.377030	0.363745	-0.180433	7.666211	0.484355	-0.096916	8.219348	-0.114867	-0.144458	7.487779	0.271851	-0.187649	8.504573	-0.120610	-0.184080	7.518229	0.359916	-0.125702	8.399349	-0.132097	-0.214952	7.581116	0.336943	-0.189629	8.412278	-0.116781	-0.125578	8.424898	1.250134	-0.165624	8.627109	1.506670	-0.149767	8.418323	1.296080	0.033564	8.263152	1.269278	-0.300887
102	1.683333	8.368369	0.878731	0.081430	8.280671	0.894047	-0.222880	8.157504	0.840442	-0.024009	8.250839	0.310140	0.044301	8.250945	0.319713	-0.041422	8.378074	0.365659	-0.229344	8.393403	0.365659	-0.143516	7.848815	0.417349	-0.026101	7.857786	0.419264	-0.088256	8.285050	-0.040203	-0.203378	8.289846	-0.040203	-0.140181	8.216530	0.273766	-0.008886	8.434075	0.325456	-0.188358	7.837972	0.516901	-0.107862	8.235304	-0.139755	-0.151236	7.658601	0.306311	-0.200264	8.518235	-0.158899	-0.202747	7.689051	0.394376	-0.138317	8.410612	-0.164642	-0.230073	7.751937	0.369488	-0.202243	8.428756	-0.156985	-0.139239	8.524492	1.244390	-0.179909	8.721175	1.510498	-0.154354	8.526469	1.292252	0.018862	8.359618	1.257791	-0.309019
103	1.700000	8.480477	0.869159	0.077678	8.388503	0.884474	-0.226423	8.268882	0.830870	-0.025153	8.417593	0.304397	0.036171	8.413423	0.313969	-0.049344	8.435328	0.338857	-0.232992	8.455662	0.336943	-0.149980	8.019116	0.434579	-0.031833	8.028086	0.438408	-0.093988	8.301423	-0.055519	-0.201605	8.309556	-0.055519	-0.140285	8.378070	0.271851	-0.018476	8.487783	0.290996	-0.194405	8.000450	0.534131	-0.115784	8.246255	-0.151241	-0.155199	7.832447	0.315884	-0.203597	8.526161	-0.185701	-0.215992	7.858621	0.403948	-0.141442	8.417808	-0.185701	-0.240710	7.920569	0.382889	-0.207037	8.437620	-0.183787	-0.150815	8.628778	1.238647	-0.185851	8.814512	1.518156	-0.156333	8.630755	1.288423	0.012920	8.466511	1.246305	-0.314231
104	1.716667	8.592585	0.859587	0.073926	8.494667	0.874902	-0.229028	8.377653	0.821298	-0.027028	8.588623	0.306311	0.027832	8.578509	0.315884	-0.056536	8.491643	0.315884	-0.238310	8.516252	0.313969	-0.155506	8.183680	0.436494	-0.032142	8.193588	0.444152	-0.092628	8.308723	-0.055519	-0.192532	8.321132	-0.057433	-0.131420	8.544616	0.277595	-0.030883	8.541491	0.262279	-0.200453	8.143844	0.534131	-0.110775	8.256892	-0.147412	-0.148003	7.998366	0.296739	-0.193686	8.534504	-0.187616	-0.220684	8.016928	0.388633	-0.129445	8.424691	-0.183787	-0.240188	8.075121	0.377146	-0.201715	8.447110	-0.185701	-0.149563	8.738696	1.232904	-0.181781	8.905658	1.527728	-0.150491	8.727846	1.284594	0.017615	8.587171	1.232904	-0.318400
105	1.733333	8.700417	0.850014	0.070383	8.602499	0.863415	-0.232571	8.487154	0.811725	-0.031510	8.760383	0.315884	0.016886	8.745055	0.325456	-0.068943	8.549835	0.298654	-0.240290	8.579450	0.294825	-0.160301	8.348452	0.421178	-0.028176	8.354085	0.436494	-0.088453	8.315293	-0.040203	-0.180852	8.330309	-0.042118	-0.119010	8.717836	0.285253	-0.047043	8.592800	0.241220	-0.202954	8.280772	0.514986	-0.097736	8.262523	-0.130182	-0.137991	8.169709	0.254621	-0.178039	8.537111	-0.176129	-0.219954	8.181596	0.348429	-0.110044	8.426568	-0.168471	-0.236851	8.230091	0.350344	-0.187841	8.450656	-0.174215	-0.147164	8.854245	1.225246	-0.167700	8.997743	1.541130	-0.142980	8.820139	1.280765	0.029401	8.718259	1.219503	-0.319648
106	1.750000	8.808458	0.844271	0.071116	8.719822	0.857672	-0.234863	8.596655	0.804068	-0.035991	8.926199	0.338857	0.007086	8.910871	0.346515	-0.078742	8.612511	0.290996	-0.238203	8.646402	0.285253	-0.158423	8.504465	0.392462	-0.028068	8.508429	0.409692	-0.087407	8.342824	-0.015316	-0.178766	8.357840	-0.021059	-0.116923	8.887927	0.302483	-0.057051	8.650053	0.229734	-0.206603	8.424583	0.472868	-0.084176	8.277436	-0.103380	-0.131004	8.363577	0.199102	-0.157491	8.542325	-0.168471	-0.218494	8.362637	0.289081	-0.088870	8.432721	-0.158899	-0.233723	8.401433	0.302483	-0.172194	8.461085	-0.166557	-0.144244	8.967396	1.223331	-0.150073	9.093374	1.548787	-0.133071	8.912433	1.280765	0.041188	8.850494	1.215674	-0.314952
107	1.766667	8.912640	0.848100	0.080608	8.851118	0.857672	-0.231836	8.712830	0.804068	-0.044227	9.090555	0.377146	0.002502	9.076895	0.386718	-0.084265	8.685407	0.296739	-0.237471	8.711685	0.287167	-0.155606	8.666631	0.348429	-0.024831	8.667988	0.365659	-0.084900	8.394968	0.007658	-0.199309	8.409045	-0.001914	-0.139135	9.060313	0.336943	-0.055170	8.717527	0.235477	-0.211607	8.577675	0.403948	-0.073639	8.314249	-0.065091	-0.131942	8.592068	0.126353	-0.130058	8.560680	-0.187616	-0.228818	8.568602	0.208675	-0.066339	8.445548	-0.164642	-0.234348	8.596970	0.225905	-0.152584	8.480586	-0.162728	-0.148624	9.080755	1.232904	-0.128170	9.204647	1.556445	-0.118781	9.009210	1.288423	0.057042	8.979601	1.225246	-0.304103
108	1.783333	9.013485	0.857672	0.091978	8.991175	0.863415	-0.224950	8.831404	0.809811	-0.056009	9.246776	0.426922	0.006885	9.238331	0.438408	-0.078421	8.764039	0.312055	-0.242162	8.782705	0.302483	-0.158211	8.847985	0.294825	-0.014816	8.845066	0.306311	-0.074676	8.461191	0.032546	-0.229968	8.474330	0.019144	-0.171462	9.232177	0.382889	-0.046406	8.790945	0.250793	-0.217759	8.746202	0.310140	-0.062998	8.372962	-0.007658	-0.140805	8.846422	0.045947	-0.099601	8.571839	-0.197188	-0.228505	8.795216	0.122525	-0.042244	8.461399	-0.158899	-0.225692	8.815763	0.141669	-0.130679	8.508118	-0.147412	-0.146537	9.194322	1.248219	-0.101991	9.324472	1.562189	-0.104908	9.106926	1.297995	0.074564	9.107247	1.244390	-0.288040
109	1.800000	9.114121	0.867244	0.099071	9.126017	0.867244	-0.219524	8.948310	0.813640	-0.066852	9.384434	0.465211	0.017317	9.377657	0.476697	-0.068928	8.861652	0.327370	-0.244350	8.868428	0.317798	-0.158105	9.040497	0.235477	-0.004487	9.035702	0.243135	-0.067685	8.535652	0.067006	-0.249885	8.543785	0.051690	-0.188564	9.387877	0.417349	-0.035139	8.875938	0.262279	-0.215045	8.928286	0.216332	-0.055590	8.447840	0.063177	-0.152170	9.100360	-0.015316	-0.077695	8.584978	-0.166557	-0.205145	9.030904	0.053605	-0.025449	8.488826	-0.118696	-0.208171	9.044567	0.072749	-0.114405	8.542219	-0.105295	-0.132771	9.306013	1.257791	-0.079150	9.442628	1.567932	-0.090097	9.207041	1.305653	0.088541	9.236562	1.259706	-0.272916
110	1.816667	9.214341	0.874902	0.097614	9.249493	0.869159	-0.218687	9.063546	0.817469	-0.076757	9.499045	0.480526	0.029730	9.495814	0.490098	-0.054117	8.973655	0.329285	-0.232667	8.974487	0.325456	-0.145275	9.230716	0.166557	-0.006047	9.226859	0.172300	-0.067576	8.618977	0.109123	-0.246233	8.618558	0.101466	-0.184495	9.520529	0.432665	-0.021892	8.978138	0.264194	-0.193455	9.134670	0.128268	-0.059652	8.532730	0.147412	-0.169167	9.359616	-0.044032	-0.069763	8.592069	-0.137840	-0.165203	9.278793	0.001914	-0.022106	8.525013	-0.047861	-0.186791	9.289849	0.022973	-0.111792	8.577468	-0.034460	-0.113060	9.420832	1.261620	-0.062461	9.557448	1.573675	-0.073408	9.306947	1.307567	0.098242	9.366607	1.265449	-0.260399
111	1.833333	9.316959	0.884474	0.092610	9.366815	0.871073	-0.220978	9.173569	0.821298	-0.088122	9.598429	0.480526	0.046313	9.598536	0.486269	-0.039410	9.098173	0.325456	-0.210451	9.091184	0.329285	-0.125249	9.425941	0.105295	-0.010422	9.423752	0.111038	-0.072890	8.717736	0.160814	-0.242476	8.708766	0.164642	-0.180322	9.637017	0.438408	-0.006142	9.088577	0.266108	-0.161124	9.352733	0.044032	-0.070285	8.635661	0.235477	-0.185329	9.617725	-0.055519	-0.067776	8.596031	-0.045947	-0.119108	9.525535	-0.038289	-0.024707	8.576218	0.049776	-0.173859	9.533984	-0.013401	-0.115124	8.624605	0.063177	-0.095643	9.538050	1.259706	-0.049319	9.672267	1.577504	-0.056720	9.409252	1.307567	0.104397	9.498321	1.267364	-0.248820
112	1.850000	9.423123	0.890218	0.090006	9.482469	0.871073	-0.222331	9.285469	0.825127	-0.096149	9.689784	0.467125	0.056431	9.691559	0.470954	-0.030231	9.228218	0.321627	-0.197934	9.216953	0.329285	-0.112524	9.598118	0.063177	-0.012817	9.598536	0.072749	-0.074555	8.829114	0.218247	-0.243621	8.816598	0.229734	-0.183865	9.737861	0.432665	0.005228	9.207672	0.268023	-0.144644	9.539197	-0.022973	-0.078519	8.762265	0.315884	-0.190645	9.826194	-0.068920	-0.064225	8.642646	0.070835	-0.094808	9.720968	-0.068920	-0.024807	8.658812	0.151241	-0.167600	9.731294	-0.040203	-0.111886	8.703862	0.160814	-0.087507	9.651930	1.255877	-0.034299	9.785417	1.581333	-0.039093	9.515103	1.301824	0.112951	9.622422	1.269278	-0.235155
113	1.866667	9.531894	0.890218	0.088131	9.599061	0.874902	-0.222016	9.397577	0.828955	-0.099901	9.770293	0.438408	0.055077	9.774675	0.446066	-0.030855	9.361705	0.319713	-0.202728	9.353047	0.327370	-0.116588	9.726599	0.028717	-0.014796	9.728686	0.036374	-0.077472	8.949461	0.292910	-0.236631	8.942159	0.304397	-0.175415	9.822646	0.411606	0.003665	9.335006	0.269937	-0.152567	9.676022	-0.070835	-0.085190	8.911707	0.396290	-0.167072	9.964790	-0.097637	-0.052125	8.744430	0.178044	-0.081770	9.855810	-0.103380	-0.019381	8.776969	0.254621	-0.152788	9.868744	-0.074663	-0.105730	8.823687	0.250793	-0.073634	9.765811	1.253963	-0.019279	9.898776	1.583247	-0.017190	9.626376	1.292252	0.127240	9.740578	1.275022	-0.220344
114	1.883333	9.642542	0.886389	0.089593	9.711378	0.878731	-0.221492	9.510624	0.830870	-0.101984	9.838289	0.402034	0.043190	9.846946	0.411606	-0.042950	9.504995	0.315884	-0.217429	9.498944	0.319713	-0.130559	9.820666	-0.009572	-0.019382	9.822753	-0.003829	-0.082058	9.090351	0.373317	-0.212642	9.090871	0.377146	-0.149235	9.896794	0.377146	-0.005093	9.470475	0.269937	-0.169458	9.775094	-0.109123	-0.092592	9.076479	0.472868	-0.127961	10.058961	-0.134011	-0.037001	8.874475	0.273766	-0.069253	9.949564	-0.139755	-0.012809	8.919528	0.354173	-0.129738	9.968441	-0.111038	-0.100305	8.965308	0.331199	-0.052252	9.878961	1.252048	-0.001652	10.011197	1.583247	0.003044	9.739527	1.276936	0.144867	9.854459	1.278850	-0.205324
115	1.900000	9.753190	0.880645	0.091056	9.824633	0.880645	-0.219299	9.622940	0.828955	-0.101460	9.900339	0.367574	0.032450	9.914211	0.380975	-0.052230	9.653499	0.312055	-0.230670	9.651724	0.312055	-0.144008	9.881256	-0.045947	-0.024908	9.885950	-0.038289	-0.086854	9.253768	0.430751	-0.183751	9.257625	0.428836	-0.122221	9.961661	0.340772	-0.010827	9.614703	0.271851	-0.182491	9.839960	-0.137840	-0.098326	9.245110	0.528387	-0.097610	10.121115	-0.160814	-0.028031	9.023291	0.346515	-0.058508	10.010571	-0.168471	-0.009783	9.076583	0.428836	-0.108251	10.032995	-0.141669	-0.094881	9.120486	0.394376	-0.034102	9.990235	1.248219	0.012638	10.115796	1.583247	0.021088	9.850800	1.265449	0.159157	9.965732	1.282679	-0.191034
116	1.916667	9.863108	0.872988	0.095126	9.939765	0.874902	-0.213769	9.733588	0.825127	-0.099998	9.962807	0.338857	0.030262	9.979286	0.350344	-0.053689	9.815248	0.304397	-0.235985	9.813473	0.304397	-0.149323	9.898881	-0.068920	-0.032625	9.903575	-0.061262	-0.094571	9.431993	0.469039	-0.167582	9.437519	0.463296	-0.106991	10.020791	0.306311	-0.011139	9.772176	0.271851	-0.187597	9.860401	-0.156985	-0.101037	9.421458	0.566676	-0.084779	10.141034	-0.172300	-0.023859	9.188273	0.392462	-0.050265	10.029551	-0.179958	-0.007280	9.249386	0.474783	-0.097819	10.055312	-0.158899	-0.094254	9.289013	0.436494	-0.023461	10.097963	1.244390	0.024529	10.211635	1.588991	0.035273	9.955921	1.253963	0.170318	10.074398	1.286508	-0.177475
117	1.933333	9.972295	0.865330	0.101802	10.053229	0.867244	-0.207301	9.846843	0.817469	-0.097805	10.022146	0.312055	0.034226	10.038625	0.323541	-0.049724	9.985756	0.300568	-0.237441	9.979706	0.296739	-0.150571	9.886367	-0.074663	-0.043158	9.893668	-0.067006	-0.104374	9.615016	0.492013	-0.158505	9.623149	0.486269	-0.097184	10.073247	0.271851	-0.007696	9.941016	0.269937	-0.188115	9.849242	-0.164642	-0.101351	9.602604	0.591564	-0.079039	10.129875	-0.176129	-0.024172	9.371087	0.411606	-0.045464	10.018393	-0.181872	-0.007593	9.432200	0.493927	-0.093017	10.044153	-0.168471	-0.094568	9.472766	0.459467	-0.016991	10.204752	1.242476	0.034751	10.298714	1.594734	0.045599	10.061772	1.244390	0.178872	10.178580	1.288423	-0.167982
118	1.950000	10.084821	0.857672	0.106602	10.166693	0.859587	-0.200833	9.960307	0.811725	-0.091337	10.079086	0.292910	0.041736	10.098173	0.302483	-0.041484	10.154075	0.302483	-0.231076	10.148024	0.298654	-0.144206	9.881882	-0.065091	-0.047225	9.893460	-0.057433	-0.108650	9.785733	0.497756	-0.155685	9.791258	0.490098	-0.095095	10.124035	0.245049	-0.003315	10.107666	0.271851	-0.180811	9.839752	-0.160814	-0.102602	9.762892	0.593478	-0.079140	10.118717	-0.176129	-0.024485	9.553693	0.398205	-0.044938	10.008173	-0.181872	-0.006238	9.605107	0.480526	-0.098019	10.032995	-0.172300	-0.094881	9.644213	0.453724	-0.016779	10.313001	1.238647	0.039760	10.391529	1.598563	0.050503	10.173567	1.236733	0.186279	10.282554	1.288423	-0.162765
119	1.966667	10.196616	0.848100	0.114009	10.278488	0.850014	-0.193426	10.072102	0.804068	-0.083930	10.131959	0.279509	0.053730	10.155321	0.285253	-0.029699	10.323748	0.308226	-0.214491	10.315091	0.306311	-0.128350	9.892311	-0.047861	-0.044305	9.906495	-0.040203	-0.104999	9.936323	0.476697	-0.161313	9.940180	0.474783	-0.099784	10.171694	0.227819	0.007219	10.275671	0.277595	-0.163287	9.843089	-0.139755	-0.104479	9.889079	0.568591	-0.093007	10.119864	-0.176129	-0.018541	9.718778	0.336943	-0.052130	10.006504	-0.179958	-0.005299	9.756219	0.426922	-0.110530	10.033933	-0.170386	-0.093212	9.790318	0.413520	-0.026474	10.428446	1.232904	0.034131	10.491748	1.598563	0.049045	10.296312	1.232904	0.189723	10.380166	1.288423	-0.164953
120	1.983333	10.312686	0.840442	0.121207	10.390283	0.842357	-0.186019	10.183167	0.796410	-0.073916	10.184832	0.271851	0.065724	10.213409	0.273766	-0.016244	10.489563	0.323541	-0.189145	10.478299	0.319713	-0.103735	9.911500	-0.022973	-0.037526	9.925684	-0.017230	-0.098220	10.080030	0.432665	-0.167463	10.082218	0.438408	-0.104995	10.220291	0.216332	0.019422	10.445032	0.287167	-0.135543	9.849972	-0.101466	-0.103958	10.000353	0.513072	-0.113862	10.120072	-0.170386	-0.014265	9.887931	0.245049	-0.063807	10.003897	-0.172300	-0.006029	9.908790	0.340772	-0.128255	10.033933	-0.160814	-0.093212	9.936216	0.344600	-0.040445	10.544413	1.229075	0.021619	10.594366	1.596649	0.044042	10.426670	1.232904	0.191082	10.474963	1.286508	-0.172147
121	2.000000	10.434701	0.836613	0.127259	10.499262	0.840442	-0.183618	10.298508	0.794495	-0.064110	10.251054	0.277595	0.070210	10.277962	0.275680	-0.010820	10.647557	0.346515	-0.165990	10.633685	0.344600	-0.081310	9.948938	0.007658	-0.025636	9.963123	0.011487	-0.086331	10.226761	0.367574	-0.164331	10.225404	0.377146	-0.104262	10.280777	0.214418	0.029330	10.611577	0.302483	-0.112805	9.873228	-0.053605	-0.101663	10.130816	0.432665	-0.127937	10.115588	-0.166557	-0.018332	10.089622	0.151241	-0.076212	10.007234	-0.162728	-0.007906	10.093378	0.243135	-0.139827	10.043423	-0.149327	-0.091960	10.108914	0.256536	-0.049723	10.659442	1.230989	0.007439	10.707204	1.598563	0.037683	10.557550	1.234818	0.185558	10.570698	1.288423	-0.177672
122	2.016667	10.572673	0.842357	0.126532	10.603549	0.850014	-0.189560	10.416664	0.798324	-0.049299	10.332502	0.292910	0.070525	10.355864	0.292910	-0.012904	10.802527	0.386718	-0.152116	10.791262	0.386718	-0.066706	10.013595	0.038289	-0.000502	10.025172	0.040203	-0.061926	10.393410	0.290996	-0.157027	10.388716	0.298654	-0.095081	10.357219	0.231648	0.032461	10.781772	0.336943	-0.103102	9.922034	0.005743	-0.085185	10.302055	0.327370	-0.132001	10.120802	-0.197188	-0.016872	10.359516	0.059348	-0.096229	10.017454	-0.147412	-0.009262	10.332611	0.135926	-0.155777	10.059796	-0.134011	-0.090187	10.337928	0.147412	-0.064318	10.772593	1.244390	-0.010079	10.829533	1.602392	0.032576	10.690828	1.244390	0.176488	10.667163	1.297995	-0.185804
123	2.033333	10.714711	0.853843	0.121321	10.706897	0.865330	-0.197170	10.539096	0.807897	-0.034696	10.427716	0.317798	0.071883	10.440649	0.319713	-0.014466	10.949466	0.432665	-0.144709	10.942477	0.436494	-0.059507	10.097441	0.070835	0.031412	10.103804	0.070835	-0.031473	10.598334	0.212504	-0.155875	10.591971	0.214418	-0.092991	10.444611	0.256536	0.031628	10.950821	0.380975	-0.099344	9.998788	0.078492	-0.058068	10.503432	0.202931	-0.133247	10.105264	-0.193359	-0.036687	10.660070	-0.026802	-0.120312	10.037164	-0.107209	-0.009366	10.606051	0.040203	-0.173395	10.083052	-0.093808	-0.087892	10.602816	0.042118	-0.081519	10.883867	1.265449	-0.030934	10.957075	1.610050	0.028929	10.824628	1.257791	0.160535	10.766966	1.311396	-0.195813
124	2.050000	10.848198	0.863415	0.116527	10.808785	0.878731	-0.199567	10.659651	0.817469	-0.023430	10.535965	0.336943	0.076891	10.542015	0.340772	-0.009980	11.074818	0.459467	-0.140534	11.070436	0.467125	-0.054602	10.185875	0.112952	0.051958	10.187963	0.111038	-0.010718	10.810348	0.145498	-0.149926	10.805654	0.145498	-0.087980	10.545769	0.275680	0.031839	11.095883	0.411606	-0.095274	10.100258	0.158899	-0.033871	10.706165	0.093808	-0.124274	10.111835	-0.130182	-0.060151	10.930798	-0.089979	-0.123226	10.078983	-0.034460	-0.013119	10.853940	-0.026802	-0.170053	10.131024	-0.024888	-0.088517	10.849037	-0.028717	-0.077238	10.995350	1.278850	-0.047513	11.084409	1.611964	0.021006	10.955091	1.269278	0.146459	10.869375	1.320968	-0.205092
125	2.066667	10.967397	0.869159	0.117572	10.918703	0.882560	-0.195497	10.774053	0.823212	-0.015293	10.658710	0.338857	0.080335	10.663092	0.346515	-0.005597	11.170971	0.447981	-0.137508	11.168257	0.455638	-0.052514	10.277752	0.172300	0.055193	10.279839	0.172300	-0.007483	10.993996	0.076578	-0.128022	10.990240	0.076578	-0.064407	10.658085	0.279509	0.032363	11.205071	0.407777	-0.088597	10.215599	0.248878	-0.024066	10.895444	0.009572	-0.092358	10.154280	-0.026802	-0.086222	11.153032	-0.128268	-0.083488	10.146040	0.067006	-0.026675	11.063347	-0.082321	-0.129689	10.203295	0.070835	-0.100613	11.060112	-0.078492	-0.037812	11.114863	1.278850	-0.057626	11.212786	1.613879	-0.000683	11.083155	1.275022	0.135929	10.979606	1.319054	-0.212181
126	2.083333	11.076585	0.872988	0.124249	11.031228	0.884474	-0.190697	10.884910	0.827041	-0.009555	10.793344	0.333114	0.081485	10.798665	0.340772	-0.002778	11.244805	0.417349	-0.135108	11.243031	0.425007	-0.048446	10.388191	0.246964	0.052380	10.390279	0.250793	-0.010296	11.154284	0.013401	-0.092978	11.151258	0.019144	-0.031970	10.780622	0.277595	0.031532	11.288396	0.384804	-0.084945	10.347626	0.342686	-0.023646	11.070853	-0.057433	-0.046051	10.230201	0.093808	-0.111353	11.344501	-0.151241	-0.024249	10.238542	0.183787	-0.045757	11.250331	-0.132097	-0.074517	10.297674	0.179958	-0.116358	11.248765	-0.112952	0.016421	11.237921	1.271193	-0.065340	11.338348	1.611964	-0.027377	11.209759	1.276936	0.130614	11.095990	1.313310	-0.216142
127	2.100000	11.189110	0.878731	0.129049	11.143753	0.886389	-0.185897	10.997435	0.830870	-0.004755	10.936738	0.327370	0.086494	10.942788	0.335028	-0.000376	11.316972	0.390547	-0.131769	11.317804	0.398205	-0.044377	10.522617	0.319713	0.049255	10.527311	0.325456	-0.012692	11.287770	-0.022973	-0.062627	11.285683	-0.015316	0.000049	10.916195	0.277595	0.034351	11.370052	0.361830	-0.080354	10.496755	0.423093	-0.024059	11.217062	-0.103380	-0.000891	10.339077	0.202931	-0.128663	11.499991	-0.166557	0.017887	10.360454	0.287167	-0.059416	11.399877	-0.166557	-0.031235	10.423131	0.275680	-0.127618	11.400709	-0.135926	0.056157	11.359311	1.267364	-0.072116	11.459842	1.611964	-0.049588	11.331149	1.280765	0.123838	11.210497	1.307567	-0.223439
128	2.116667	11.307580	0.884474	0.132702	11.259615	0.890218	-0.182975	11.114236	0.836613	-0.000164	11.086285	0.325456	0.094632	11.092335	0.331199	0.007761	11.398836	0.373317	-0.122903	11.403006	0.382889	-0.037388	10.677691	0.386718	0.047694	10.684054	0.388633	-0.015191	11.388302	-0.040203	-0.040099	11.389552	-0.030631	0.020700	11.058128	0.281424	0.044574	11.456923	0.346515	-0.074304	10.669454	0.486269	-0.033337	11.324894	-0.128268	0.030710	10.480906	0.287167	-0.138149	11.609179	-0.179958	0.024563	10.515111	0.371403	-0.069528	11.505206	-0.185701	-0.015798	10.577059	0.348429	-0.135123	11.513652	-0.151241	0.069509	11.473609	1.269278	-0.083689	11.577269	1.615793	-0.067314	11.450661	1.292252	0.113725	11.325734	1.299909	-0.233344
129	2.133333	11.426779	0.892132	0.133747	11.375478	0.892132	-0.180052	11.232705	0.840442	0.003489	11.243653	0.323541	0.104960	11.252311	0.329285	0.018820	11.481640	0.359916	-0.112368	11.491754	0.371403	-0.028000	10.852058	0.444152	0.037478	10.859360	0.444152	-0.023738	11.457026	-0.051690	-0.019449	11.465159	-0.040203	0.041872	11.211221	0.285253	0.055110	11.542125	0.331199	-0.067315	10.856440	0.541788	-0.048454	11.402587	-0.135926	0.059495	10.652145	0.354173	-0.142213	11.681450	-0.185701	0.012468	10.693024	0.438408	-0.077345	11.573097	-0.195274	-0.012251	10.751634	0.405863	-0.141063	11.594369	-0.162728	0.072431	11.586239	1.275022	-0.094324	11.689691	1.619622	-0.082224	11.564960	1.305653	0.102152	11.440971	1.294166	-0.243248
130	2.150000	11.549316	0.895961	0.132916	11.492070	0.894047	-0.179737	11.353782	0.840442	0.007872	11.412910	0.321627	0.112994	11.421567	0.325456	0.026853	11.563504	0.344600	-0.103502	11.577894	0.359916	-0.019342	11.035916	0.486269	0.028513	11.045824	0.482441	-0.031973	11.510316	-0.059348	0.001097	11.521786	-0.047861	0.060540	11.376932	0.289081	0.060746	11.622113	0.313969	-0.061786	11.040298	0.581992	-0.057419	11.461091	-0.137840	0.081500	10.832144	0.398205	-0.142417	11.733281	-0.187616	0.003083	10.872814	0.482441	-0.081826	11.622946	-0.201017	-0.009538	10.931425	0.446066	-0.145543	11.653500	-0.170386	0.072119	11.699807	1.278850	-0.103290	11.794707	1.627280	-0.090773	11.678528	1.313310	0.093186	11.554539	1.286508	-0.252214
131	2.166667	11.675920	0.892132	0.127600	11.608454	0.888303	-0.183697	11.475588	0.836613	0.009647	11.599061	0.317798	0.115918	11.600836	0.321627	0.029256	11.639946	0.327370	-0.100371	11.660280	0.342686	-0.017359	11.231140	0.509243	0.024138	11.242717	0.509243	-0.037287	11.545773	-0.063177	0.025083	11.561519	-0.051690	0.084319	11.558391	0.290996	0.055327	11.696886	0.290996	-0.057717	11.222903	0.610709	-0.056893	11.501345	-0.141669	0.098396	11.018295	0.419264	-0.139493	11.770824	-0.183787	-0.000462	11.060634	0.505414	-0.079840	11.657360	-0.193359	-0.006930	11.117368	0.472868	-0.146895	11.693129	-0.174215	0.076187	11.810977	1.280765	-0.108710	11.890860	1.634937	-0.087747	11.792305	1.315225	0.088495	11.664979	1.282679	-0.255028
132	2.183333	11.804923	0.884474	0.118739	11.722231	0.882560	-0.188387	11.600732	0.827041	0.009546	11.795954	0.319713	0.110604	11.789178	0.321627	0.024359	11.716388	0.312055	-0.097241	11.740060	0.325456	-0.016105	11.426573	0.518815	0.024038	11.440758	0.524558	-0.036657	11.566525	-0.055519	0.046358	11.584878	-0.042118	0.106324	11.750800	0.294825	0.045945	11.769052	0.268023	-0.054378	11.404049	0.626024	-0.051153	11.523141	-0.139755	0.105905	11.213937	0.417349	-0.135317	11.788657	-0.176129	-0.003903	11.253877	0.503499	-0.072118	11.677070	-0.178044	-0.007034	11.308733	0.482441	-0.142511	11.713777	-0.172300	0.077752	11.923085	1.282679	-0.112462	11.978877	1.642595	-0.075752	11.902744	1.311396	0.085682	11.773750	1.276936	-0.256902
133	2.200000	11.928920	0.878731	0.112693	11.841222	0.876817	-0.191617	11.723269	0.821298	0.008714	11.988155	0.331199	0.096947	11.973765	0.333114	0.012787	11.787616	0.300568	-0.095571	11.817232	0.312055	-0.015582	11.604173	0.513072	0.027379	11.618358	0.522644	-0.033315	11.591867	-0.038289	0.056266	11.612618	-0.026802	0.112686	11.939663	0.304397	0.034165	11.835066	0.252707	-0.054168	11.569969	0.616452	-0.041242	11.541391	-0.124439	0.111015	11.412602	0.384804	-0.121859	11.800546	-0.170386	-0.006197	11.438985	0.470954	-0.055428	11.689898	-0.168471	-0.007659	11.490087	0.463296	-0.132495	11.728273	-0.168471	0.076188	12.037278	1.282679	-0.108601	12.073569	1.648339	-0.067511	12.011724	1.311396	0.088083	11.889403	1.275022	-0.258255
134	2.216667	12.043113	0.876817	0.116554	11.960421	0.872988	-0.190572	11.839861	0.815554	0.009030	12.170865	0.359916	0.082038	12.155537	0.361830	-0.003790	11.848207	0.294825	-0.101096	11.880429	0.302483	-0.020378	11.759873	0.486269	0.038646	11.769781	0.497756	-0.021840	11.618564	-0.021059	0.041249	11.640255	-0.013401	0.099338	12.122582	0.329285	0.023532	11.891380	0.245049	-0.059485	11.704707	0.572420	-0.020382	11.555887	-0.097637	0.109451	11.601673	0.313969	-0.094219	11.807742	-0.178044	-0.016834	11.609284	0.402034	-0.026016	11.692296	-0.170386	-0.011205	11.653295	0.407777	-0.107880	11.734009	-0.168471	0.070765	12.153558	1.280765	-0.097127	12.179211	1.650253	-0.063233	12.114237	1.315225	0.098514	12.016424	1.275022	-0.255020
135	2.233333	12.153240	0.876817	0.124899	12.082436	0.869159	-0.184520	11.955515	0.811725	0.007677	12.345024	0.400119	0.067546	12.330634	0.403948	-0.016613	11.907859	0.300568	-0.108291	11.939143	0.302483	-0.029241	11.919327	0.436494	0.056586	11.919745	0.451809	-0.005151	11.644637	0.001914	0.013406	11.666327	0.003829	0.071494	12.305501	0.363745	0.012899	11.943941	0.245049	-0.071477	11.829433	0.501585	0.006110	11.574241	-0.053605	0.099127	11.795437	0.216332	-0.058236	11.801380	-0.181872	-0.024238	11.787614	0.310140	0.009863	11.683745	-0.170386	-0.010788	11.815982	0.325456	-0.076381	11.732132	-0.162728	0.067428	12.271922	1.278850	-0.078039	12.290798	1.650253	-0.060102	12.211745	1.319054	0.111761	12.152205	1.276936	-0.247925
136	2.250000	12.263366	0.880645	0.133245	12.212064	0.869159	-0.180555	12.074506	0.809811	0.004447	12.505834	0.440323	0.060563	12.490506	0.446066	-0.025265	11.985761	0.310140	-0.110375	12.013708	0.310140	-0.029448	12.089522	0.373317	0.066289	12.083996	0.384804	0.005698	11.691358	0.030631	-0.012874	11.709711	0.028717	0.047092	12.479138	0.396290	0.005290	12.014960	0.248878	-0.074082	11.978666	0.411606	0.025406	11.612828	0.001914	0.081817	12.020591	0.130182	-0.028926	11.795853	-0.166557	-0.014540	11.997125	0.218247	0.034792	11.691566	-0.153156	-0.008598	12.010788	0.237391	-0.054164	11.743291	-0.141669	0.067741	12.387680	1.282679	-0.059682	12.403323	1.652168	-0.055302	12.309982	1.322883	0.122400	12.286318	1.280765	-0.239892
137	2.266667	12.376830	0.886389	0.139713	12.354520	0.869159	-0.177214	12.201840	0.809811	-0.003476	12.654964	0.478612	0.060149	12.640574	0.484355	-0.024011	12.094219	0.321627	-0.101091	12.112884	0.323541	-0.017140	12.278072	0.294825	0.065668	12.269939	0.306311	0.004347	11.771555	0.063177	-0.038213	11.779688	0.065091	0.023107	12.646309	0.426922	0.005711	12.112468	0.258450	-0.060836	12.175038	0.304397	0.026975	11.679780	0.065091	0.048551	12.308004	0.065091	-0.006081	11.811704	-0.185701	-0.005884	12.260135	0.128268	0.049398	11.718889	-0.116781	-0.010787	12.265977	0.145498	-0.041748	11.768945	-0.107209	0.066490	12.504168	1.292252	-0.043932	12.511781	1.659825	-0.046018	12.413226	1.328626	0.130224	12.415216	1.288423	-0.233319
138	2.283333	12.489355	0.894047	0.144513	12.502189	0.872988	-0.172414	12.331573	0.813640	-0.014945	12.794082	0.509243	0.065366	12.781361	0.514986	-0.019732	12.219988	0.331199	-0.088365	12.224157	0.342686	-0.002850	12.493007	0.220161	0.061188	12.484874	0.227819	-0.000133	11.875529	0.097637	-0.068141	11.873442	0.103380	-0.005465	12.804408	0.459467	0.013432	12.227495	0.273766	-0.039872	12.402800	0.185701	0.021870	11.776977	0.137840	0.002667	12.619925	0.015316	0.009569	11.809931	-0.153156	0.010489	12.545254	0.057433	0.060355	11.765297	-0.055519	-0.025908	12.548489	0.068920	-0.031521	11.805341	-0.047861	0.057001	12.619717	1.305653	-0.029851	12.620239	1.671312	-0.036734	12.515531	1.334369	0.136379	12.545782	1.299909	-0.227684
139	2.300000	12.600003	0.901704	0.145976	12.640369	0.876817	-0.168865	12.457030	0.817469	-0.026205	12.913490	0.520730	0.070688	12.906713	0.528387	-0.015557	12.349616	0.336943	-0.084399	12.344296	0.356087	-0.000136	12.700120	0.166557	0.054519	12.693656	0.170386	-0.007741	11.985865	0.139755	-0.090665	11.975956	0.151241	-0.030179	12.940919	0.476697	0.017919	12.348051	0.285253	-0.028606	12.617526	0.089979	0.013115	11.899723	0.216332	-0.029033	12.885855	-0.019144	0.013747	11.834334	-0.061262	0.018728	12.789598	0.011487	0.061299	11.835691	0.032546	-0.041341	12.792833	0.019144	-0.030577	11.872398	0.038289	0.043445	12.738603	1.315225	-0.017647	12.733911	1.680884	-0.025990	12.622112	1.338198	0.142326	12.675619	1.309482	-0.219443
140	2.316667	12.708774	0.909362	0.144101	12.761237	0.884474	-0.168758	12.571537	0.825127	-0.033502	13.007765	0.503499	0.070377	13.001927	0.513072	-0.014199	12.483833	0.336943	-0.091800	12.478513	0.354173	-0.007537	12.868335	0.116781	0.041174	12.861870	0.120610	-0.021086	12.088274	0.214418	-0.099944	12.080973	0.225905	-0.038728	13.043745	0.469039	0.017192	12.471109	0.287167	-0.036320	12.794084	0.022973	-0.004923	12.036755	0.313969	-0.031429	13.080246	-0.042118	-0.007732	11.905978	0.063177	0.028950	12.978774	-0.022973	0.038360	11.929444	0.151241	-0.034768	12.980340	-0.011487	-0.052577	11.972096	0.149327	0.048870	12.861766	1.317139	-0.005651	12.861349	1.682799	-0.014203	12.735575	1.340113	0.148794	12.810670	1.313310	-0.209741
141	2.333333	12.818275	0.915106	0.139619	12.871677	0.890218	-0.171571	12.682706	0.832784	-0.038923	13.079723	0.470954	0.069440	13.077222	0.482441	-0.017013	12.627123	0.333114	-0.106502	12.622741	0.346515	-0.020570	13.002865	0.067006	0.022614	12.996400	0.072749	-0.039645	12.211958	0.308226	-0.094831	12.210601	0.321627	-0.034762	13.125923	0.442237	0.014899	12.603240	0.285253	-0.051335	12.941963	-0.026802	-0.030991	12.191725	0.417349	-0.017555	13.231984	-0.055519	-0.042560	12.012455	0.199102	0.050331	13.132389	-0.057433	0.006869	12.048018	0.283338	-0.011405	13.129680	-0.036374	-0.083860	12.097135	0.266108	0.064203	12.988265	1.313310	0.004468	12.994731	1.684713	-0.003562	12.851646	1.338198	0.155993	12.945721	1.315225	-0.200039
142	2.350000	12.929653	0.918934	0.138474	12.984723	0.894047	-0.173654	12.794814	0.838528	-0.042674	13.151681	0.436494	0.068503	13.151787	0.449895	-0.017220	12.778235	0.325456	-0.119013	12.777190	0.336943	-0.034958	13.110072	0.026802	0.006243	13.103607	0.034460	-0.056016	12.366511	0.388633	-0.089509	12.368699	0.398205	-0.027041	13.202156	0.411606	0.013754	12.744862	0.285253	-0.065097	13.059181	-0.067006	-0.052993	12.356706	0.493927	-0.009313	13.349202	-0.074663	-0.064562	12.147714	0.304397	0.064309	13.249607	-0.088065	-0.015132	12.192767	0.386718	0.003824	13.246168	-0.061262	-0.103255	12.244283	0.358002	0.075887	13.112157	1.307567	0.013856	13.123107	1.682799	0.009894	12.970324	1.332455	0.163921	13.072220	1.315225	-0.189921
143	2.366667	13.048852	0.913191	0.139520	13.105591	0.894047	-0.173547	12.914014	0.834699	-0.041629	13.230521	0.405863	0.068088	13.234903	0.417349	-0.017844	12.938836	0.317798	-0.130272	12.938730	0.325456	-0.044548	13.187557	-0.003829	-0.004392	13.183700	0.005743	-0.065921	12.540565	0.442237	-0.088566	12.547029	0.446066	-0.026307	13.285273	0.379060	0.013130	12.901918	0.283338	-0.078755	13.137605	-0.101466	-0.061960	12.535244	0.543703	-0.004303	13.427521	-0.105295	-0.058094	12.307794	0.371403	0.059932	13.326780	-0.118696	-0.014609	12.364214	0.451809	0.004036	13.327616	-0.095722	-0.102940	12.410516	0.417349	0.074639	13.228436	1.305653	0.025330	13.240325	1.680884	0.023036	13.089210	1.322883	0.176126	13.189229	1.320968	-0.181054
144	2.383333	13.170659	0.905533	0.141296	13.227398	0.892132	-0.171771	13.036551	0.828955	-0.042460	13.311969	0.371403	0.068403	13.316351	0.386718	-0.017529	13.109658	0.310140	-0.142887	13.107883	0.315884	-0.056225	13.236050	-0.030631	-0.011900	13.233132	-0.021059	-0.071760	12.726716	0.476697	-0.085642	12.732242	0.472868	-0.025051	13.363383	0.340772	0.015322	13.069194	0.279509	-0.093769	13.185368	-0.128268	-0.066860	12.723064	0.574334	-0.002317	13.472990	-0.141669	-0.039739	12.488106	0.407777	0.048569	13.368494	-0.151241	-0.002928	12.549740	0.486269	-0.005867	13.376943	-0.132097	-0.093344	12.591975	0.449895	0.069220	13.346384	1.301824	0.035866	13.354206	1.677055	0.038056	13.208097	1.307567	0.188330	13.298626	1.326712	-0.170101
145	2.400000	13.292466	0.895961	0.143071	13.350143	0.886389	-0.168327	13.158357	0.823212	-0.040685	13.387472	0.342686	0.069864	13.397069	0.356087	-0.014608	13.281627	0.304397	-0.149557	13.279852	0.310140	-0.062895	13.268379	-0.049776	-0.016905	13.268798	-0.038289	-0.078642	12.906715	0.488184	-0.085846	12.913179	0.484355	-0.023587	13.437218	0.306311	0.017722	13.238555	0.275680	-0.101169	13.215090	-0.139755	-0.072595	12.897849	0.585821	-0.003982	13.500417	-0.166557	-0.022218	12.670816	0.409692	0.033661	13.392897	-0.170386	0.005311	12.728383	0.490098	-0.016291	13.408229	-0.156985	-0.084584	12.767280	0.455638	0.060673	13.461516	1.297995	0.041396	13.466939	1.671312	0.047132	13.331989	1.294166	0.197718	13.406145	1.330540	-0.162486
146	2.416667	13.410935	0.884474	0.146724	13.473827	0.874902	-0.163214	13.280164	0.813640	-0.038909	13.454633	0.315884	0.076019	13.468505	0.327370	-0.008662	13.458288	0.302483	-0.147884	13.451299	0.304397	-0.062682	13.280059	-0.051690	-0.023475	13.287361	-0.040203	-0.084691	13.077015	0.480526	-0.091578	13.080872	0.478612	-0.030049	13.498434	0.273766	0.025024	13.412818	0.273766	-0.095951	13.230107	-0.134011	-0.081042	13.043016	0.578163	-0.015346	13.510115	-0.172300	-0.016691	12.840908	0.371403	0.023653	13.399780	-0.174215	0.005833	12.888776	0.459467	-0.031826	13.421995	-0.164642	-0.083540	12.927882	0.434579	0.049414	13.583323	1.288423	0.043171	13.574980	1.665569	0.047864	13.458280	1.280765	0.203561	13.516063	1.326712	-0.158416
147	2.433333	13.527736	0.871073	0.151315	13.597511	0.861501	-0.158101	13.399364	0.802153	-0.037863	13.517517	0.292910	0.082382	13.536604	0.304397	-0.000839	13.634428	0.302483	-0.139329	13.623163	0.304397	-0.053918	13.283918	-0.034460	-0.032235	13.296434	-0.026802	-0.091991	13.236886	0.447981	-0.100231	13.243351	0.455638	-0.037971	13.555375	0.245049	0.032534	13.590105	0.271851	-0.081451	13.230421	-0.114867	-0.092201	13.175147	0.543703	-0.030360	13.503441	-0.166557	-0.012937	13.014336	0.300568	0.011768	13.391958	-0.168471	0.003642	13.050108	0.396290	-0.045693	13.418449	-0.160814	-0.085939	13.086815	0.384804	0.039093	13.704921	1.278850	0.040671	13.682812	1.655996	0.044321	13.586969	1.271193	0.205859	13.625772	1.319054	-0.158622
148	2.450000	13.652150	0.865330	0.153821	13.718379	0.853843	-0.157994	13.520440	0.796410	-0.033481	13.585408	0.283338	0.085929	13.607101	0.290996	0.003439	13.806500	0.315884	-0.126289	13.792628	0.317798	-0.041609	13.307904	-0.007658	-0.032547	13.323027	-0.001914	-0.091573	13.390292	0.396290	-0.100853	13.394149	0.407777	-0.039324	13.616591	0.227819	0.039835	13.765514	0.277595	-0.070288	13.239702	-0.080407	-0.095225	13.317707	0.482441	-0.042454	13.497497	-0.166557	-0.011790	13.216757	0.212504	-0.003244	13.388413	-0.162728	0.001244	13.232818	0.306311	-0.060602	13.418449	-0.156985	-0.085939	13.266188	0.308226	0.026061	13.827980	1.275022	0.032957	13.793982	1.652168	0.038900	13.718058	1.267364	0.204610	13.734543	1.315225	-0.160497
149	2.466667	13.789182	0.867244	0.151426	13.832156	0.857672	-0.162685	13.645062	0.800239	-0.026699	13.655906	0.287167	0.090206	13.676660	0.292910	0.006048	13.977634	0.348429	-0.114918	13.964701	0.350344	-0.028569	13.356188	0.019144	-0.009186	13.370373	0.022973	-0.069880	13.554856	0.319713	-0.101162	13.554438	0.331199	-0.039424	13.683021	0.233562	0.048597	13.947599	0.302483	-0.062880	13.269319	-0.030631	-0.085525	13.481124	0.379060	-0.048707	13.494159	-0.202931	-0.009912	13.474345	0.103380	-0.029519	13.386744	-0.160814	0.002182	13.458078	0.187616	-0.081871	13.424602	-0.149327	-0.082810	13.482166	0.193359	0.007816	13.946345	1.284594	0.016899	13.915372	1.659825	0.032125	13.853943	1.273107	0.196270	13.839560	1.320968	-0.169046
150	2.483333	13.931221	0.876817	0.146214	13.941448	0.867244	-0.171442	13.769893	0.807897	-0.015642	13.734225	0.306311	0.096674	13.749765	0.310140	0.011055	14.142615	0.390547	-0.106676	14.133958	0.396290	-0.020535	13.416256	0.049776	0.027316	13.427834	0.049776	-0.034108	13.756964	0.229734	-0.105016	13.752269	0.235477	-0.043070	13.755396	0.248878	0.056211	14.133020	0.342686	-0.057348	13.320211	0.038289	-0.061434	13.664982	0.245049	-0.057672	13.469340	-0.210589	-0.026703	13.761656	-0.017230	-0.061528	13.387474	-0.134011	-0.000425	13.713998	0.063177	-0.107207	13.431485	-0.120610	-0.082289	13.730473	0.067006	-0.015434	14.061895	1.299909	-0.004164	14.038430	1.669398	0.024410	13.991289	1.288423	0.182716	13.941031	1.330540	-0.179994
151	2.500000	14.070652	0.884474	0.140273	14.050011	0.876817	-0.177593	13.895454	0.815554	-0.007192	13.830377	0.323541	0.099700	13.841642	0.327370	0.014290	14.284862	0.421178	-0.107611	14.278812	0.428836	-0.020740	13.489465	0.088065	0.052034	13.496766	0.086150	-0.009182	13.974505	0.149327	-0.108765	13.967204	0.153156	-0.047549	13.843726	0.262279	0.057047	14.297584	0.371403	-0.057657	13.400302	0.116781	-0.036195	13.861875	0.124439	-0.062986	13.460476	-0.166557	-0.050272	14.038433	-0.107209	-0.081024	13.411981	-0.076578	-0.007620	13.968666	-0.028717	-0.123053	13.461415	-0.061262	-0.083748	13.980865	-0.026802	-0.031072	14.180991	1.311396	-0.022828	14.163887	1.677055	0.013150	14.128635	1.299909	0.169162	14.048655	1.334369	-0.187813
152	2.516667	14.203409	0.886389	0.138086	14.163996	0.882560	-0.178007	14.019346	0.819383	0.002197	13.952496	0.327370	0.090317	13.956878	0.335028	0.004385	14.397492	0.423093	-0.118246	14.395717	0.428836	-0.031584	13.578943	0.141669	0.058814	13.581030	0.143584	-0.003862	14.175883	0.074663	-0.110012	14.171189	0.076578	-0.048066	13.953540	0.268023	0.041407	14.427317	0.375232	-0.069126	13.502502	0.202931	-0.014605	14.070865	0.028717	-0.066318	13.491241	-0.082321	-0.069773	14.298940	-0.147412	-0.082582	13.464751	0.011487	-0.015336	14.214678	-0.091893	-0.123047	13.516791	0.024888	-0.090734	14.223540	-0.086150	-0.029189	14.303841	1.313310	-0.034819	14.290804	1.680884	-0.003324	14.265250	1.307567	0.158215	14.159825	1.332455	-0.193233
153	2.533333	14.334497	0.884474	0.136838	14.278919	0.886389	-0.176753	14.141361	0.821298	0.008248	14.087965	0.325456	0.073426	14.086403	0.338857	-0.011359	14.491872	0.409692	-0.133991	14.491765	0.411606	-0.048267	13.690529	0.204846	0.061945	13.686672	0.212504	0.000416	14.365372	0.011487	-0.108965	14.364953	0.013401	-0.047227	14.077642	0.271851	0.019927	14.536192	0.367574	-0.086435	13.624204	0.292910	0.002605	14.281003	-0.049776	-0.063706	13.547869	0.030631	-0.086249	14.543701	-0.160814	-0.073086	13.543383	0.116781	-0.020027	14.448279	-0.137840	-0.113864	13.597092	0.126353	-0.096364	14.455265	-0.126353	-0.023344	14.430236	1.311396	-0.044410	14.416783	1.682799	-0.021467	14.401136	1.311396	0.149875	14.277147	1.328626	-0.195525
154	2.550000	14.461310	0.886389	0.135798	14.393843	0.890218	-0.175499	14.265045	0.823212	0.013361	14.231464	0.323541	0.063001	14.226564	0.338857	-0.019907	14.584061	0.392462	-0.141914	14.583955	0.394376	-0.056191	13.820366	0.268023	0.070187	13.814840	0.281424	0.009596	14.531083	-0.022973	-0.103330	14.533271	-0.019144	-0.040862	14.209982	0.277595	0.009188	14.635265	0.358002	-0.093837	13.767807	0.373317	0.011890	14.462357	-0.107209	-0.053691	13.636512	0.137840	-0.096571	14.744035	-0.166557	-0.060567	13.653092	0.218247	-0.020233	14.640792	-0.166557	-0.103536	13.706802	0.223990	-0.096570	14.647777	-0.153156	-0.013015	14.555693	1.311396	-0.055670	14.544430	1.682799	-0.040549	14.534414	1.317139	0.140805	14.395200	1.322883	-0.200423
155	2.566667	14.583116	0.894047	0.137574	14.515650	0.894047	-0.173723	14.386122	0.828955	0.017744	14.380072	0.323541	0.069470	14.375902	0.338857	-0.016045	14.675416	0.377146	-0.131797	14.677917	0.382889	-0.045343	13.963760	0.338857	0.075196	13.962510	0.350344	0.014397	14.662275	-0.038289	-0.084868	14.661856	-0.034460	-0.023130	14.350977	0.281424	0.017743	14.731834	0.350344	-0.082259	13.934561	0.446066	0.003759	14.598972	-0.139755	-0.029493	13.760718	0.233562	-0.098341	14.886177	-0.174215	-0.046068	13.794401	0.313969	-0.022837	14.780536	-0.181872	-0.085491	13.846441	0.306311	-0.098235	14.789189	-0.162728	0.004091	14.678543	1.313310	-0.067660	14.675623	1.684713	-0.057232	14.658933	1.328626	0.127877	14.518049	1.317139	-0.212414
156	2.583333	14.702316	0.903619	0.138619	14.637457	0.899790	-0.171948	14.506990	0.834699	0.017851	14.535041	0.325456	0.083343	14.535148	0.336943	-0.002380	14.761243	0.361830	-0.111980	14.768020	0.371403	-0.025735	14.127177	0.409692	0.068943	14.129264	0.415435	0.006266	14.758739	-0.051690	-0.057855	14.758321	-0.045947	0.003882	14.500941	0.287167	0.034432	14.821937	0.336943	-0.062651	14.116333	0.513072	-0.012818	14.702527	-0.151241	0.002317	13.916000	0.319713	-0.095626	14.989838	-0.178044	-0.029693	13.957818	0.400119	-0.029091	14.882736	-0.187616	-0.063901	14.010797	0.377146	-0.102820	14.893997	-0.166557	0.026411	14.803062	1.313310	-0.080589	14.807546	1.684713	-0.076522	14.782513	1.340113	0.113279	14.644236	1.311396	-0.226281
157	2.600000	14.825791	0.909362	0.139456	14.759993	0.899790	-0.172779	14.630465	0.838528	0.018688	14.700231	0.325456	0.095862	14.702944	0.335028	0.010868	14.849469	0.348429	-0.095709	14.860522	0.361830	-0.009673	14.306550	0.459467	0.055911	14.311244	0.461382	-0.006035	14.831009	-0.065091	-0.034806	14.830591	-0.057433	0.026931	14.663523	0.290996	0.046220	14.910163	0.321627	-0.046380	14.299982	0.560933	-0.026059	14.780012	-0.156985	0.026826	14.086717	0.379060	-0.092807	15.065758	-0.178044	-0.019680	14.135001	0.461382	-0.034301	14.957196	-0.189530	-0.048674	14.184643	0.428836	-0.106153	14.974402	-0.170386	0.040492	14.924243	1.315225	-0.091641	14.931334	1.686628	-0.086843	14.902755	1.347770	0.100559	14.767086	1.303738	-0.238271
158	2.616667	14.956671	0.905533	0.133932	14.884199	0.895961	-0.174549	14.758216	0.834699	0.019317	14.885652	0.321627	0.101393	14.884820	0.331199	0.014001	14.942284	0.333114	-0.090806	14.955005	0.348429	-0.005708	14.501566	0.490098	0.047260	14.507929	0.492013	-0.015625	14.875748	-0.072749	-0.013844	14.879605	-0.065091	0.047685	14.845190	0.294825	0.045077	14.999432	0.300568	-0.043876	14.488324	0.595393	-0.030956	14.831216	-0.160814	0.039758	14.271722	0.407777	-0.095827	15.115607	-0.176129	-0.016967	14.322612	0.492013	-0.036591	15.006315	-0.183787	-0.043354	14.371316	0.461382	-0.110112	15.024459	-0.174215	0.047480	15.043755	1.313310	-0.101754	15.041774	1.686628	-0.089656	15.024875	1.347770	0.091176	14.885869	1.294166	-0.245777
159	2.633333	15.089219	0.899790	0.127469	15.006527	0.890218	-0.179657	14.890243	0.827041	0.019737	15.083484	0.323541	0.097747	15.075039	0.331199	0.012441	15.034891	0.317798	-0.090178	15.052618	0.331199	-0.007896	14.701797	0.505414	0.040068	14.710767	0.511157	-0.022086	14.900776	-0.067006	0.007223	14.910578	-0.057433	0.067605	15.038538	0.298654	0.037365	15.086824	0.277595	-0.044708	14.676874	0.612623	-0.031577	14.855619	-0.156985	0.047998	14.473099	0.409692	-0.097074	15.137716	-0.174215	-0.020617	14.521383	0.495842	-0.038568	15.028633	-0.172300	-0.042728	14.569148	0.472868	-0.113757	15.049383	-0.176129	0.048836	15.161599	1.311396	-0.110928	15.144809	1.684713	-0.086108	15.146265	1.343942	0.084400	15.003921	1.284594	-0.250676
160	2.650000	15.219369	0.894047	0.124552	15.130732	0.884474	-0.181427	15.017055	0.819383	0.018697	15.275893	0.335028	0.088366	15.263172	0.340772	0.003268	15.120406	0.304397	-0.094348	15.140740	0.315884	-0.011335	14.886071	0.503499	0.039655	14.895041	0.511157	-0.022499	14.928725	-0.049776	0.017860	14.941133	-0.040203	0.078973	15.228548	0.308226	0.031529	15.166395	0.258450	-0.047730	14.850198	0.606880	-0.028027	14.875538	-0.141669	0.052170	14.678961	0.382889	-0.094253	15.152942	-0.170386	-0.024788	14.714625	0.469039	-0.030846	15.044067	-0.164642	-0.042623	14.759575	0.457553	-0.111042	15.067217	-0.174215	0.045395	15.281529	1.307567	-0.112490	15.250451	1.682799	-0.081830	15.261919	1.340113	0.083047	15.127188	1.276936	-0.254114
161	2.666667	15.339507	0.890218	0.127266	15.256815	0.878731	-0.179859	15.139592	0.811725	0.017865	15.464026	0.358002	0.079193	15.448698	0.363745	-0.006635	15.188609	0.294825	-0.101959	15.213219	0.302483	-0.019155	15.052721	0.480526	0.046959	15.058353	0.492013	-0.013318	14.955839	-0.028717	0.011395	14.969917	-0.022973	0.071569	15.416681	0.331199	0.022356	15.229384	0.245049	-0.056802	14.994947	0.570505	-0.012798	14.891181	-0.112952	0.056550	14.876688	0.315884	-0.082464	15.162953	-0.174215	-0.030419	14.892121	0.403948	-0.012071	15.049073	-0.164642	-0.045439	14.931647	0.407777	-0.098002	15.074829	-0.174215	0.043310	15.406360	1.303738	-0.101432	15.368920	1.678970	-0.078177	15.372984	1.338198	0.093061	15.261822	1.275022	-0.252964
162	2.683333	15.452970	0.886389	0.133735	15.383836	0.872988	-0.176624	15.260460	0.805982	0.017972	15.645276	0.394376	0.069499	15.629948	0.400119	-0.016330	15.253267	0.292910	-0.111969	15.279546	0.294825	-0.030103	15.219579	0.432665	0.058539	15.220936	0.447981	-0.001530	14.981598	-0.003829	-0.005290	14.997344	0.000000	0.053945	15.603876	0.361830	0.011514	15.288098	0.237391	-0.065665	15.130624	0.503499	0.009731	14.904008	-0.068920	0.055924	15.080776	0.223990	-0.063271	15.157531	-0.176129	-0.036155	15.077437	0.315884	0.008895	15.040521	-0.164642	-0.045022	15.104867	0.331199	-0.079018	15.072222	-0.166557	0.042580	15.533276	1.297995	-0.082762	15.491666	1.673226	-0.074733	15.479981	1.336284	0.107559	15.403547	1.276936	-0.247017
163	2.700000	15.569041	0.884474	0.140933	15.517739	0.871073	-0.172866	15.385396	0.802153	0.013595	15.811301	0.434579	0.063975	15.796911	0.440323	-0.020184	15.331169	0.298654	-0.114053	15.355779	0.298654	-0.031249	15.395510	0.371403	0.062819	15.389984	0.386718	0.002228	15.027798	0.026802	-0.024686	15.041875	0.026802	0.035487	15.785335	0.390547	0.006096	15.358909	0.237391	-0.072546	15.287262	0.417349	0.022666	14.939674	-0.015316	0.049042	15.313126	0.137840	-0.044598	15.150856	-0.166557	-0.032401	15.294145	0.223990	0.023187	15.044067	-0.153156	-0.042623	15.310415	0.245049	-0.065039	15.081712	-0.147412	0.043831	15.657794	1.297995	-0.060546	15.613681	1.673226	-0.068682	15.586040	1.336284	0.120389	15.546211	1.280765	-0.239400
164	2.716667	15.687719	0.888303	0.148862	15.667078	0.872988	-0.169004	15.516067	0.804068	0.003795	15.969190	0.472868	0.067420	15.956469	0.480526	-0.017678	15.430137	0.312055	-0.106021	15.447134	0.315884	-0.021131	15.588128	0.298654	0.057713	15.579995	0.312055	-0.003608	15.107995	0.055519	-0.050026	15.116128	0.057433	0.011295	15.959597	0.423093	0.011314	15.450055	0.250793	-0.066704	15.486032	0.313969	0.020689	15.006314	0.045947	0.026935	15.604815	0.068920	-0.021962	15.160346	-0.193359	-0.031149	15.558824	0.134011	0.036855	15.065446	-0.124439	-0.043666	15.568211	0.153156	-0.051893	15.103821	-0.120610	0.040182	15.779496	1.307567	-0.043336	15.734027	1.678970	-0.061692	15.692830	1.340113	0.130612	15.682931	1.288423	-0.230637
165	2.733333	15.803790	0.894047	0.156060	15.820900	0.878731	-0.161075	15.652682	0.807897	-0.007152	16.115400	0.507328	0.077435	16.106955	0.516901	-0.007871	15.541932	0.331199	-0.098614	15.547770	0.338857	-0.014037	15.808277	0.227819	0.054694	15.801812	0.235477	-0.007566	15.207693	0.086150	-0.079745	15.207275	0.088065	-0.018008	16.126456	0.457553	0.022894	15.554237	0.273766	-0.057212	15.715462	0.199102	0.014645	15.103405	0.116781	-0.003514	15.920699	0.015316	0.004639	15.152420	-0.170386	-0.017905	15.847697	0.061262	0.054486	15.103719	-0.072749	-0.049818	15.855208	0.072749	-0.037599	15.142095	-0.070835	0.034030	15.900468	1.322883	-0.023519	15.853644	1.688542	-0.052095	15.797950	1.345856	0.141773	15.822257	1.299909	-0.221144
166	2.750000	15.917984	0.901704	0.159921	15.966901	0.886389	-0.155336	15.785022	0.813640	-0.017890	16.242629	0.520730	0.084947	16.237521	0.532216	-0.002237	15.668745	0.344600	-0.099654	15.664363	0.356087	-0.013722	16.021543	0.172300	0.051153	16.016017	0.179958	-0.009438	15.313023	0.130182	-0.099453	15.308329	0.132097	-0.037507	16.270058	0.478612	0.032178	15.671038	0.287167	-0.052620	15.932796	0.103380	0.006620	15.226568	0.195274	-0.026663	16.194659	-0.022973	0.015282	15.174633	-0.088065	-0.001844	16.099132	0.013401	0.060227	15.170462	0.011487	-0.052215	16.106642	0.022973	-0.031857	15.210507	0.009572	0.030694	16.023838	1.332455	-0.007248	15.978474	1.696200	-0.041038	15.910684	1.349685	0.150848	15.959915	1.313310	-0.210712
167	2.766667	16.030092	0.907448	0.156170	16.092045	0.892132	-0.155437	15.902866	0.821298	-0.027065	16.341180	0.505414	0.084427	16.338679	0.518815	-0.002026	15.809845	0.342686	-0.106533	15.804524	0.356087	-0.022270	16.196640	0.122525	0.038330	16.192783	0.128268	-0.023200	15.419187	0.201017	-0.102058	15.414493	0.206760	-0.040112	16.379767	0.472868	0.031972	15.801188	0.289081	-0.055537	16.118843	0.034460	-0.010166	15.370484	0.294825	-0.028537	16.401147	-0.045947	-0.004215	15.248571	0.036374	0.020266	16.298737	-0.022973	0.040209	15.266301	0.130182	-0.038029	16.303640	-0.009572	-0.052606	15.313959	0.122525	0.042794	16.153883	1.332455	0.005270	16.112065	1.700029	-0.026122	16.028423	1.349685	0.157108	16.107063	1.319054	-0.199029
168	2.783333	16.141261	0.915106	0.150749	16.207490	0.899790	-0.161066	16.017373	0.828955	-0.034362	16.417205	0.474783	0.079006	16.418250	0.488184	-0.005049	15.966170	0.335028	-0.117584	15.960850	0.346515	-0.033321	16.341390	0.070835	0.018414	16.339202	0.078492	-0.044054	15.550484	0.294825	-0.099031	15.551004	0.302483	-0.035624	16.465283	0.446066	0.027803	15.943018	0.285253	-0.065024	16.278820	-0.017230	-0.034252	15.531189	0.400119	-0.020086	16.565712	-0.059348	-0.039668	15.363077	0.174215	0.048113	16.465179	-0.055519	0.008093	15.392696	0.262279	-0.012476	16.466745	-0.036374	-0.082845	15.446819	0.245049	0.060317	16.287266	1.328626	0.015910	16.250140	1.703858	-0.007138	16.153045	1.349685	0.163890	16.251604	1.322883	-0.188075
169	2.800000	16.257645	0.918934	0.146789	16.326481	0.903619	-0.164296	16.132819	0.834699	-0.039991	16.494169	0.440323	0.075254	16.495944	0.455638	-0.011408	16.129379	0.329285	-0.128113	16.124997	0.336943	-0.042181	16.460486	0.032546	-0.000250	16.456629	0.042118	-0.061780	15.714318	0.379060	-0.096733	15.718175	0.386718	-0.035203	16.548190	0.415435	0.022903	16.097675	0.285253	-0.075137	16.407927	-0.061262	-0.058548	15.702844	0.484355	-0.015598	16.697426	-0.078492	-0.063234	15.505428	0.289081	0.066888	16.596893	-0.086150	-0.015473	15.544328	0.371403	0.003274	16.596791	-0.063177	-0.105473	15.600850	0.344600	0.072522	16.418041	1.324797	0.025820	16.384669	1.703858	0.009446	16.275999	1.343942	0.171610	16.389262	1.324797	-0.177644
170	2.816667	16.381851	0.917020	0.145019	16.450687	0.905533	-0.166066	16.258692	0.834699	-0.042700	16.577077	0.407777	0.070354	16.581459	0.423093	-0.015578	16.297802	0.321627	-0.137182	16.295089	0.327370	-0.052189	16.548921	0.000000	-0.014849	16.546733	0.011487	-0.077316	15.895985	0.440323	-0.097876	15.902449	0.444152	-0.035616	16.632767	0.384804	0.017065	16.259945	0.285253	-0.087334	16.500638	-0.099551	-0.073354	15.891603	0.539874	-0.011944	16.789094	-0.109123	-0.064275	15.668845	0.365659	0.060635	16.685745	-0.118696	-0.021520	15.721720	0.446066	0.002340	16.689919	-0.095722	-0.111728	15.772297	0.411606	0.072734	16.542872	1.322883	0.036877	16.511586	1.701943	0.028117	16.400830	1.334369	0.182667	16.510547	1.332455	-0.168985
171	2.833333	16.512209	0.909362	0.146378	16.575831	0.903619	-0.166168	16.386443	0.830870	-0.042071	16.659046	0.373317	0.063786	16.666974	0.388633	-0.019747	16.473108	0.315884	-0.145730	16.470395	0.321627	-0.060736	16.610764	-0.030631	-0.029864	16.609514	-0.019144	-0.090664	16.090688	0.484355	-0.095368	16.095484	0.482441	-0.032171	16.715675	0.346515	0.012165	16.431705	0.285253	-0.098281	16.560082	-0.128268	-0.084825	16.089852	0.580077	-0.007038	16.847912	-0.143584	-0.053428	15.854893	0.415435	0.043849	16.742477	-0.149327	-0.018286	15.914859	0.495842	-0.009649	16.752595	-0.132097	-0.109640	15.957823	0.455638	0.062831	16.664157	1.319054	0.045536	16.634956	1.698114	0.044388	16.526599	1.320968	0.195393	16.622342	1.340113	-0.161578
172	2.850000	16.641628	0.901704	0.146068	16.703582	0.899790	-0.165539	16.514194	0.825127	-0.041442	16.739555	0.344600	0.062432	16.749152	0.359916	-0.022040	16.651960	0.313969	-0.151879	16.650185	0.317798	-0.065217	16.651436	-0.051690	-0.039562	16.651854	-0.038289	-0.101300	16.281115	0.507328	-0.092652	16.285911	0.501585	-0.029455	16.793577	0.312055	0.010081	16.608888	0.287167	-0.103491	16.600754	-0.143584	-0.094522	16.275065	0.603051	-0.005782	16.885142	-0.166557	-0.045814	16.042609	0.432665	0.026124	16.778560	-0.170386	-0.016616	16.102784	0.513072	-0.023097	16.795561	-0.156985	-0.107449	16.140742	0.474783	0.052198	16.788779	1.315225	0.052317	16.755511	1.692371	0.055654	16.656436	1.309482	0.203634	16.735806	1.345856	-0.155110
173	2.866667	16.762705	0.892132	0.150450	16.831541	0.890218	-0.160635	16.640277	0.817469	-0.039875	16.813390	0.321627	0.064832	16.829869	0.336943	-0.019118	16.839050	0.315884	-0.147286	16.832060	0.317798	-0.062084	16.667392	-0.055519	-0.046340	16.673754	-0.042118	-0.109225	16.462782	0.507328	-0.093795	16.468308	0.505414	-0.033205	16.864075	0.281424	0.014359	16.791911	0.289081	-0.094414	16.617440	-0.135926	-0.103908	16.432329	0.604965	-0.015164	16.897448	-0.172300	-0.039557	16.221252	0.405863	0.015700	16.788780	-0.174215	-0.017972	16.273605	0.493927	-0.035712	16.810996	-0.164642	-0.107345	16.311772	0.465211	0.043859	16.915800	1.307567	0.055553	16.873981	1.684713	0.059307	16.787002	1.296080	0.209269	16.854275	1.342027	-0.151457
174	2.883333	16.885450	0.882560	0.153895	16.962108	0.880645	-0.155000	16.765421	0.809811	-0.039977	16.886495	0.302483	0.069840	16.908188	0.315884	-0.012650	17.027287	0.323541	-0.136749	17.016022	0.325456	-0.051338	16.672189	-0.036374	-0.053432	16.683766	-0.024888	-0.114856	16.635690	0.486269	-0.098797	16.642154	0.492013	-0.036538	16.928628	0.254621	0.019783	16.980356	0.294825	-0.079601	16.617023	-0.111038	-0.112459	16.579165	0.583906	-0.027467	16.888166	-0.166557	-0.036532	16.406048	0.346515	0.008404	16.778352	-0.168471	-0.020892	16.447034	0.442237	-0.047597	16.804113	-0.160814	-0.107866	16.482802	0.426922	0.035520	17.042612	1.299909	0.054513	16.989635	1.677055	0.057953	16.920906	1.286508	0.213026	16.977021	1.334369	-0.148013
175	2.900000	17.014140	0.878731	0.156192	17.090797	0.872988	-0.152703	16.892442	0.805982	-0.036741	16.962937	0.292910	0.072970	16.987238	0.302483	-0.008790	17.214063	0.344600	-0.120997	17.198523	0.346515	-0.035378	16.698052	-0.003829	-0.050407	16.713905	0.003829	-0.112040	16.801922	0.446066	-0.100045	16.804111	0.455638	-0.037577	16.998395	0.241220	0.026668	17.170470	0.308226	-0.065726	16.626304	-0.074663	-0.115483	16.732883	0.534131	-0.039247	16.882222	-0.166557	-0.035385	16.620566	0.268023	-0.004627	16.774076	-0.162728	-0.020684	16.640173	0.361830	-0.059585	16.804113	-0.155070	-0.107866	16.673543	0.359916	0.027077	17.170885	1.296080	0.048259	17.110294	1.673226	0.053785	17.058877	1.282679	0.212299	17.096012	1.332455	-0.151243
176	2.916667	17.158055	0.880645	0.154318	17.214794	0.876817	-0.158749	17.025616	0.807897	-0.030376	17.039587	0.296739	0.080376	17.063888	0.302483	-0.001384	17.400840	0.384804	-0.105246	17.386968	0.386718	-0.020565	16.751550	0.021059	-0.025585	16.767403	0.024888	-0.087218	16.976707	0.379060	-0.101710	16.973681	0.390547	-0.040702	17.069310	0.243135	0.039497	17.365590	0.342686	-0.054667	16.664473	-0.026802	-0.106201	16.903913	0.440323	-0.047586	16.883160	-0.204846	-0.033717	16.883577	0.162728	-0.025165	16.777413	-0.160814	-0.022561	16.872315	0.250793	-0.080333	16.816210	-0.149327	-0.105885	16.896404	0.254621	0.009354	17.296133	1.305653	0.032723	17.236898	1.678970	0.048469	17.199977	1.290337	0.205419	17.204574	1.336284	-0.157393
177	2.933333	17.309584	0.890218	0.150359	17.336184	0.886389	-0.165525	17.161605	0.813640	-0.019006	17.120722	0.313969	0.091850	17.142416	0.315884	0.009359	17.582194	0.438408	-0.095230	17.570929	0.444152	-0.009820	16.817563	0.045947	0.009769	16.833416	0.044032	-0.051864	17.189034	0.294825	-0.106919	17.181733	0.304397	-0.045703	17.148046	0.258450	0.054516	17.565716	0.392462	-0.046424	16.723916	0.038289	-0.082527	17.097052	0.315884	-0.059575	16.865953	-0.214418	-0.052593	17.179856	0.045947	-0.049040	16.785756	-0.137840	-0.027253	17.137934	0.130182	-0.100142	16.833313	-0.122525	-0.106719	17.151802	0.135926	-0.009099	17.420235	1.320968	0.011243	17.364232	1.690456	0.040546	17.342537	1.303738	0.193325	17.309382	1.343942	-0.170218
178	2.950000	17.456836	0.895961	0.146608	17.455905	0.894047	-0.171362	17.295717	0.817469	-0.010973	17.222088	0.331199	0.096336	17.240236	0.333114	0.011447	17.740814	0.480526	-0.094392	17.731218	0.488184	-0.009920	16.894109	0.082321	0.032610	16.907355	0.078492	-0.029753	17.419612	0.220161	-0.107018	17.409703	0.225905	-0.046532	17.241591	0.269937	0.056812	17.747592	0.430751	-0.043292	16.809952	0.114867	-0.058434	17.305834	0.201017	-0.067183	16.865433	-0.170386	-0.080855	17.471337	-0.038289	-0.065824	16.816208	-0.080407	-0.035596	17.407306	0.040203	-0.113276	16.870856	-0.063177	-0.110263	17.415230	0.045947	-0.021086	17.544545	1.332455	-0.005962	17.495842	1.698114	0.032415	17.485097	1.317139	0.181231	17.419613	1.347770	-0.177307
179	2.966667	17.597206	0.897876	0.142335	17.572289	0.899790	-0.175322	17.422947	0.821298	-0.003461	17.350883	0.335028	0.083199	17.362148	0.342686	-0.002211	17.869608	0.495842	-0.107529	17.862619	0.499671	-0.022327	16.987445	0.137840	0.030630	16.992140	0.137840	-0.031316	17.639969	0.151241	-0.105762	17.632668	0.155070	-0.044546	17.357141	0.275680	0.035749	17.897035	0.446066	-0.054864	16.914551	0.202931	-0.040390	17.533596	0.107209	-0.072288	16.897866	-0.080407	-0.101294	17.756352	-0.068920	-0.074577	16.871376	0.011487	-0.046857	17.680433	-0.011487	-0.119735	16.926962	0.024888	-0.119857	17.684081	-0.007658	-0.027337	17.674278	1.336284	-0.017430	17.628912	1.701943	0.019069	17.627866	1.322883	0.173413	17.535997	1.347770	-0.181267
180	2.983333	17.731632	0.897876	0.139210	17.688881	0.905533	-0.175007	17.551845	0.823212	0.003112	17.495424	0.333114	0.059008	17.498138	0.348429	-0.025986	17.984428	0.492013	-0.125985	17.977439	0.493927	-0.040783	17.101430	0.202931	0.030216	17.100180	0.212504	-0.030583	17.850837	0.095722	-0.105757	17.846142	0.099551	-0.043811	17.486770	0.281424	0.004570	18.025412	0.449895	-0.076553	17.041258	0.294825	-0.025996	17.770118	0.028717	-0.073534	16.952617	0.042118	-0.121107	18.033963	-0.074663	-0.076970	16.950738	0.124439	-0.054155	17.943548	-0.044032	-0.120563	17.005386	0.134011	-0.128823	17.946257	-0.040203	-0.029834	17.805887	1.334369	-0.025561	17.764589	1.703858	0.006454	17.771573	1.326712	0.167264	17.655927	1.343942	-0.182829
181	3.000000	17.862720	0.899790	0.137961	17.805474	0.907448	-0.174691	17.675528	0.825127	0.008224	17.642260	0.331199	0.046705	17.639029	0.348429	-0.037141	18.087568	0.476697	-0.137872	18.083186	0.474783	-0.051940	17.232206	0.269937	0.040126	17.228348	0.285253	-0.021403	18.034381	0.061262	-0.103563	18.032294	0.063177	-0.040886	17.623177	0.285253	-0.010653	18.135434	0.442237	-0.087917	17.185799	0.379060	-0.015043	17.972851	-0.032546	-0.064561	17.039592	0.155070	-0.130491	18.257866	-0.080407	-0.073314	17.061386	0.233562	-0.052693	18.156292	-0.068920	-0.117221	17.115096	0.237391	-0.129029	18.159940	-0.065091	-0.024823	17.936559	1.332455	-0.035361	17.900996	1.703858	-0.008769	17.910796	1.330540	0.157047	17.780132	1.340113	-0.184599
182	3.016667	17.988802	0.901704	0.139528	17.929887	0.905533	-0.172186	17.800881	0.827041	0.012399	17.787740	0.327370	0.059327	17.787846	0.342686	-0.026396	18.177046	0.440323	-0.131091	18.175271	0.444152	-0.044429	17.373409	0.342686	0.052956	17.372159	0.356087	-0.007843	18.179130	0.026802	-0.088333	18.177043	0.030631	-0.025657	17.760313	0.287167	0.006662	18.230126	0.417349	-0.079677	17.353701	0.453724	-0.017229	18.122293	-0.082321	-0.040989	17.164945	0.254621	-0.126317	18.415443	-0.107209	-0.058711	17.203842	0.333114	-0.049353	18.308863	-0.103380	-0.099802	17.255882	0.323541	-0.124751	18.314180	-0.093808	-0.008343	18.066291	1.328626	-0.046830	18.040741	1.700029	-0.025869	18.043135	1.334369	0.146308	17.909865	1.332455	-0.196068
183	3.033333	18.109879	0.905533	0.143911	18.056908	0.901704	-0.168950	17.923626	0.828955	0.015843	17.937390	0.323541	0.087175	17.941772	0.335028	0.001243	18.251714	0.398205	-0.111588	18.254215	0.405863	-0.025134	17.532968	0.417349	0.055463	17.537662	0.421178	-0.006483	18.284876	-0.013401	-0.064345	18.282789	-0.009572	-0.001669	17.904958	0.285253	0.037326	18.309071	0.379060	-0.060382	17.534221	0.520730	-0.024316	18.233462	-0.120610	-0.011264	17.319706	0.346515	-0.116719	18.522649	-0.139755	-0.039937	17.367676	0.423093	-0.047054	18.416278	-0.139755	-0.076752	17.418986	0.396290	-0.119845	18.425870	-0.126353	0.014499	18.197693	1.324797	-0.059237	18.181215	1.696200	-0.045576	18.173598	1.338198	0.132232	18.040328	1.322883	-0.210143
184	3.050000	18.234293	0.907448	0.146417	18.182991	0.897876	-0.167383	18.048040	0.827041	0.018349	18.096322	0.319713	0.111999	18.104980	0.327370	0.025859	18.324506	0.363745	-0.095422	18.329614	0.375232	-0.008238	17.711819	0.469039	0.049314	17.719121	0.469039	-0.011902	18.354539	-0.049776	-0.042026	18.352452	-0.044032	0.020650	18.061283	0.287167	0.061419	18.386138	0.342686	-0.044424	17.719017	0.570505	-0.031612	18.306671	-0.147412	0.013453	17.490631	0.409692	-0.109624	18.593564	-0.162728	-0.027108	17.543399	0.486269	-0.047050	18.487401	-0.168471	-0.059648	17.593979	0.449895	-0.117234	18.498662	-0.153156	0.030665	18.323150	1.320968	-0.070497	18.310009	1.692371	-0.058713	18.299055	1.342027	0.120972	18.166723	1.313310	-0.219735
185	3.066667	18.364442	0.903619	0.143500	18.302920	0.892132	-0.168944	18.174122	0.825127	0.019916	18.273401	0.315884	0.122223	18.277783	0.321627	0.036291	18.401157	0.340772	-0.088016	18.409602	0.354173	-0.002709	17.903498	0.501585	0.042540	17.912468	0.501585	-0.019615	18.376961	-0.072749	-0.021690	18.376542	-0.065091	0.040048	18.235546	0.289081	0.066638	18.459243	0.312055	-0.039417	17.907358	0.604965	-0.036509	18.330343	-0.160814	0.024299	17.673028	0.446066	-0.113374	18.618488	-0.172300	-0.025752	17.730072	0.522644	-0.051009	18.509927	-0.174215	-0.054746	17.778045	0.486269	-0.121923	18.524733	-0.168471	0.037965	18.440994	1.320968	-0.079672	18.416382	1.692371	-0.057042	18.420445	1.343942	0.114197	18.283837	1.303738	-0.226302
186	3.083333	18.495322	0.897876	0.137976	18.421911	0.888303	-0.172174	18.299475	0.823212	0.024090	18.461221	0.315884	0.124209	18.459658	0.321627	0.039424	18.477598	0.323541	-0.084885	18.487712	0.335028	-0.000517	18.098514	0.520730	0.033889	18.112699	0.520730	-0.026806	18.365906	-0.072749	-0.002293	18.368824	-0.063177	0.057568	18.418882	0.290996	0.064556	18.528802	0.285253	-0.036808	18.095700	0.626024	-0.041406	18.320332	-0.158899	0.029931	17.868253	0.455638	-0.117749	18.605453	-0.172300	-0.029402	17.924358	0.534131	-0.057053	18.495431	-0.168471	-0.053182	17.974000	0.501585	-0.128906	18.512636	-0.174215	0.035984	18.555501	1.320968	-0.086969	18.512742	1.692371	-0.049740	18.537559	1.345856	0.107629	18.396884	1.296080	-0.228385
187	3.100000	18.625472	0.894047	0.135059	18.544448	0.886389	-0.173006	18.427226	0.819383	0.024719	18.652170	0.325456	0.120042	18.645393	0.329285	0.033797	18.552893	0.308226	-0.087699	18.564676	0.319713	-0.004270	18.280181	0.520730	0.032746	18.294366	0.526473	-0.027949	18.367991	-0.053605	0.005320	18.374456	-0.044032	0.067579	18.605555	0.298654	0.060597	18.595546	0.264194	-0.039205	18.269754	0.626024	-0.040464	18.311050	-0.145498	0.032955	18.067232	0.430751	-0.115451	18.592417	-0.170386	-0.033052	18.111448	0.513072	-0.052460	18.485002	-0.162728	-0.056102	18.159213	0.490098	-0.127650	18.503876	-0.178044	0.032125	18.673762	1.322883	-0.087592	18.615986	1.692371	-0.041916	18.652483	1.347770	0.108883	18.521089	1.292252	-0.230155
188	3.116667	18.749886	0.892132	0.137564	18.673138	0.882560	-0.170709	18.552369	0.815554	0.024617	18.842910	0.344600	0.111599	18.833526	0.348429	0.024624	18.621827	0.298654	-0.097918	18.640492	0.306311	-0.013967	18.447040	0.499671	0.044325	18.458617	0.509243	-0.017099	18.388223	-0.032546	-0.001667	18.398025	-0.024888	0.058716	18.797964	0.317798	0.051216	18.661142	0.248878	-0.047546	18.410228	0.597307	-0.025026	18.319810	-0.116781	0.036814	18.256616	0.363745	-0.098969	18.595546	-0.178044	-0.039205	18.279661	0.451809	-0.030661	18.483125	-0.166557	-0.059439	18.326279	0.444152	-0.111795	18.505545	-0.178044	0.031186	18.800261	1.319054	-0.077473	18.737792	1.690456	-0.040140	18.769492	1.345856	0.117750	18.658330	1.292252	-0.228275
189	3.133333	18.871901	0.890218	0.143616	18.804434	0.880645	-0.167681	18.680120	0.811725	0.025246	19.033442	0.377146	0.098880	19.022389	0.382889	0.012844	18.692429	0.296739	-0.109075	18.712763	0.300568	-0.026062	18.613168	0.453724	0.058512	18.620469	0.469039	-0.002704	18.419927	-0.005743	-0.019499	18.430667	-0.001914	0.042552	18.992771	0.344600	0.038289	18.723923	0.241220	-0.060894	18.539230	0.536045	0.001257	18.337852	-0.070835	0.037648	18.448815	0.268023	-0.077482	18.594399	-0.179958	-0.045149	18.456635	0.359916	-0.005002	18.479788	-0.166557	-0.057562	18.492824	0.371403	-0.089056	18.507213	-0.168471	0.030248	18.933122	1.317139	-0.059950	18.868151	1.688542	-0.038782	18.885041	1.342027	0.131832	18.804331	1.296080	-0.222536
190	3.150000	18.992247	0.892132	0.150606	18.942614	0.880645	-0.164132	18.809332	0.809811	0.020660	19.208748	0.415435	0.090333	19.197695	0.421178	0.004296	18.772000	0.304397	-0.112097	18.792334	0.304397	-0.029085	18.787430	0.392462	0.063730	18.787849	0.407777	0.001993	18.468733	0.026802	-0.038165	18.479473	0.028717	0.023886	19.180904	0.373317	0.029116	18.798071	0.243135	-0.069652	18.690132	0.455638	0.019615	18.377064	-0.013401	0.033165	18.677098	0.174215	-0.054325	18.589393	-0.166557	-0.042334	18.665938	0.262279	0.015651	18.483334	-0.151241	-0.055163	18.690030	0.283338	-0.070385	18.518372	-0.147412	0.030561	19.062645	1.319054	-0.040550	18.996840	1.690456	-0.036484	18.997983	1.342027	0.145183	18.951271	1.301824	-0.215128
191	3.166667	19.113532	0.897876	0.159264	19.093829	0.886389	-0.156933	18.943549	0.813640	0.013259	19.374042	0.457553	0.087417	19.365597	0.467125	0.002110	18.865754	0.321627	-0.105525	18.880143	0.323541	-0.021366	18.978379	0.319713	0.059563	18.975461	0.333114	-0.000297	18.545593	0.061262	-0.061628	18.552057	0.061262	0.000631	19.361842	0.409692	0.030580	18.885671	0.260365	-0.066209	18.882228	0.350344	0.021392	18.442243	0.049776	0.016272	18.963990	0.091893	-0.024596	18.597736	-0.187616	-0.047026	18.927488	0.160814	0.035472	18.503774	-0.120610	-0.057874	18.941152	0.181872	-0.053484	18.542149	-0.118696	0.025973	19.187893	1.328626	-0.020941	19.118855	1.696200	-0.030433	19.104772	1.349685	0.155405	19.094873	1.309482	-0.205844
192	3.183333	19.230542	0.907448	0.168131	19.250259	0.895961	-0.148274	19.081103	0.821298	0.003981	19.528594	0.499671	0.092739	19.521818	0.511157	0.006494	18.972334	0.346515	-0.099578	18.974835	0.354173	-0.013125	19.198737	0.246964	0.060820	19.194880	0.256536	-0.000710	18.640286	0.095722	-0.088532	18.640806	0.095722	-0.025125	19.535374	0.451809	0.038406	18.983701	0.289081	-0.059845	19.103315	0.231648	0.020041	18.534537	0.120610	-0.007086	19.281959	0.019144	0.009617	18.588663	-0.164642	-0.039727	19.213233	0.076578	0.059256	18.536833	-0.065091	-0.065487	19.223350	0.088065	-0.032099	18.579484	-0.067006	0.018152	19.310533	1.345856	-0.002063	19.240140	1.707686	-0.021774	19.211562	1.359257	0.165628	19.238476	1.322883	-0.196559
193	3.200000	19.347343	0.917020	0.172722	19.394591	0.905533	-0.141596	19.214381	0.830870	-0.005089	19.662498	0.522644	0.096496	19.659997	0.536045	0.010043	19.092264	0.365659	-0.101140	19.087882	0.375232	-0.015208	19.422431	0.189530	0.060199	19.418574	0.197188	-0.001330	18.738003	0.147412	-0.106154	18.735915	0.147412	-0.043478	19.687320	0.480526	0.042998	19.096226	0.308226	-0.055045	19.325133	0.132097	0.016084	18.654571	0.206760	-0.024082	19.566348	-0.028717	0.023180	18.607538	-0.080407	-0.021789	19.477703	0.021059	0.068647	18.599509	0.022973	-0.063399	19.485214	0.028717	-0.023437	18.644559	0.017230	0.016694	19.434843	1.357343	0.015877	19.366640	1.719173	-0.011656	19.323357	1.366915	0.173035	19.381348	1.336284	-0.184667
194	3.216667	19.462996	0.926592	0.171369	19.523281	0.915106	-0.139299	19.335771	0.840442	-0.011865	19.767932	0.516901	0.096499	19.768038	0.532216	0.010775	19.234302	0.369488	-0.106351	19.225644	0.379060	-0.020210	19.621515	0.135926	0.047063	19.615050	0.143584	-0.015196	18.839160	0.231648	-0.105943	18.837073	0.233562	-0.043267	19.808188	0.482441	0.043105	19.223038	0.312055	-0.056085	19.534436	0.061262	0.001592	18.799425	0.319713	-0.024287	19.805895	-0.042118	-0.003929	18.675949	0.061262	0.010020	19.710575	-0.011487	0.045293	18.691489	0.158899	-0.040454	19.712872	0.000000	-0.048252	18.743214	0.143584	0.035885	19.567495	1.361172	0.029125	19.500230	1.726831	0.003260	19.446310	1.370744	0.180755	19.528496	1.347770	-0.172983
195	3.233333	19.578650	0.936164	0.170016	19.643211	0.924678	-0.140861	19.453823	0.851929	-0.016764	19.854386	0.493927	0.093998	19.855430	0.509243	0.009943	19.389168	0.363745	-0.112187	19.383117	0.373317	-0.025317	19.796925	0.088065	0.023081	19.791399	0.097637	-0.037509	18.972334	0.340772	-0.099578	18.970247	0.346515	-0.036902	19.904861	0.467125	0.039248	19.363408	0.313969	-0.060358	19.730287	0.005743	-0.025100	18.963468	0.446066	-0.017714	20.013739	-0.038289	-0.048350	18.784198	0.227819	0.050173	19.918628	-0.034460	0.005147	18.816424	0.315884	-0.009687	19.913312	-0.013401	-0.086312	18.873884	0.292910	0.061229	19.706091	1.361172	0.041225	19.638097	1.732574	0.017968	19.573540	1.374573	0.188266	19.673976	1.355428	-0.160361
196	3.250000	19.698580	0.943822	0.168455	19.764809	0.932336	-0.143361	19.573753	0.859587	-0.018325	19.936563	0.467125	0.091705	19.940945	0.482441	0.005773	19.552585	0.359916	-0.118441	19.546534	0.365659	-0.031570	19.941675	0.057433	0.003166	19.936150	0.068920	-0.057425	19.140444	0.438408	-0.097489	19.142633	0.446066	-0.035021	19.993922	0.447981	0.037477	19.515666	0.317798	-0.066924	19.887656	-0.034460	-0.049917	19.142737	0.543703	-0.015311	20.175905	-0.045947	-0.080258	18.930303	0.367574	0.075622	20.079126	-0.057433	-0.025823	18.973479	0.447981	0.011800	20.071411	-0.030631	-0.113736	19.029792	0.415435	0.076772	19.839474	1.359257	0.051866	19.774295	1.738318	0.033614	19.701708	1.374573	0.197446	19.811634	1.361172	-0.149930
197	3.266667	19.823724	0.943822	0.168353	19.892560	0.936164	-0.142732	19.700565	0.861501	-0.019365	20.022809	0.438408	0.084929	20.028129	0.453724	0.000665	19.718609	0.354173	-0.123964	19.712559	0.359916	-0.037094	20.052637	0.030631	-0.006530	20.048779	0.042118	-0.068059	19.328264	0.509243	-0.095503	19.332121	0.513072	-0.033974	20.083713	0.421178	0.033100	19.673869	0.321627	-0.074638	19.998200	-0.068920	-0.068165	19.339317	0.606880	-0.009466	20.287075	-0.082321	-0.085678	19.099351	0.463296	0.079380	20.188418	-0.095722	-0.034580	19.159630	0.536045	0.014724	20.184979	-0.065091	-0.122702	19.208331	0.495842	0.081781	19.965973	1.361172	0.061984	19.907156	1.738318	0.051137	19.828207	1.368829	0.207565	19.934587	1.370744	-0.142210
198	3.283333	19.955750	0.941908	0.168773	20.020311	0.938079	-0.142103	19.830924	0.861501	-0.018007	20.106447	0.405863	0.077422	20.114374	0.425007	-0.006112	19.888909	0.350344	-0.129696	19.884528	0.354173	-0.043764	20.129392	-0.001914	-0.014558	20.132417	0.009572	-0.075566	19.526513	0.560933	-0.090597	19.530370	0.557104	-0.029068	20.167560	0.388633	0.029869	19.842292	0.323541	-0.083707	20.070263	-0.091893	-0.084536	19.545387	0.654741	-0.002370	20.356842	-0.132097	-0.078794	19.293429	0.526473	0.069060	20.252555	-0.139755	-0.037707	19.360069	0.597307	0.011809	20.259544	-0.107209	-0.122909	19.402825	0.551361	0.080013	20.089865	1.361172	0.071373	20.037409	1.736403	0.067930	19.955645	1.359257	0.219352	20.048051	1.378402	-0.135741
199	3.300000	20.086109	0.936164	0.170132	20.149000	0.936164	-0.139806	19.961282	0.857672	-0.016648	20.184140	0.379060	0.071062	20.196344	0.398205	-0.012680	20.068700	0.348429	-0.134176	20.063379	0.350344	-0.049913	20.178615	-0.028717	-0.024673	20.185917	-0.017230	-0.085889	19.723093	0.587735	-0.084753	19.726950	0.583906	-0.023223	20.247130	0.356087	0.026846	20.017807	0.325456	-0.087979	20.117609	-0.107209	-0.097988	19.741028	0.683457	0.001806	20.400017	-0.166557	-0.072327	19.484899	0.557104	0.058010	20.293644	-0.172300	-0.038853	19.553417	0.626024	0.004096	20.309184	-0.139755	-0.124472	19.592835	0.580077	0.074177	20.215217	1.359257	0.075547	20.163178	1.734489	0.080656	20.086420	1.349685	0.229263	20.161515	1.384145	-0.129273
200	3.316667	20.211461	0.926592	0.174306	20.278629	0.928507	-0.135840	20.087364	0.850014	-0.015081	20.255889	0.352258	0.065849	20.270700	0.371403	-0.017162	20.256311	0.346515	-0.136466	20.249322	0.346515	-0.051265	20.192277	-0.045947	-0.043340	20.202186	-0.034460	-0.103826	19.915919	0.595393	-0.085582	19.919776	0.593478	-0.024053	20.313665	0.323541	0.020173	20.204897	0.327370	-0.083386	20.135964	-0.116781	-0.108312	19.911328	0.696859	-0.003926	20.417328	-0.174215	-0.068885	19.662812	0.551361	0.050193	20.308139	-0.179958	-0.040417	19.730391	0.626024	-0.005390	20.325349	-0.155070	-0.126975	19.770018	0.585821	0.068967	20.341508	1.353514	0.081390	20.282586	1.726831	0.085977	20.217925	1.338198	0.236566	20.279254	1.380316	-0.123013
201	3.333333	20.339420	0.913191	0.179211	20.408257	0.915106	-0.131874	20.216054	0.838528	-0.012784	20.325240	0.331199	0.064182	20.341719	0.348429	-0.019768	20.451953	0.350344	-0.132291	20.439019	0.348429	-0.045942	20.182892	-0.044032	-0.060026	20.192800	-0.030631	-0.120512	20.098316	0.583906	-0.089333	20.103112	0.585821	-0.026135	20.374256	0.292910	0.014647	20.398140	0.329285	-0.075664	20.126995	-0.118696	-0.116446	20.071930	0.691115	-0.015185	20.409715	-0.168471	-0.066800	19.841455	0.511157	0.039768	20.298649	-0.172300	-0.041669	19.902881	0.593478	-0.018944	20.316589	-0.156985	-0.130834	19.942717	0.566676	0.059689	20.467591	1.343942	0.082957	20.398240	1.715344	0.084624	20.352768	1.322883	0.241992	20.397723	1.372658	-0.119360
202	3.350000	20.470717	0.905533	0.182238	20.535278	0.909362	-0.128639	20.344013	0.832784	-0.007879	20.397198	0.319713	0.063245	20.414616	0.336943	-0.019036	20.641128	0.365659	-0.120085	20.627256	0.363745	-0.035404	20.191443	-0.022973	-0.060443	20.201352	-0.009572	-0.120929	20.259334	0.549446	-0.092040	20.263192	0.555190	-0.030511	20.439331	0.275680	0.013189	20.589714	0.336943	-0.067004	20.125118	-0.099551	-0.119784	20.223980	0.652826	-0.026028	20.397826	-0.166557	-0.064506	20.037723	0.436494	0.021627	20.291036	-0.168471	-0.039583	20.080377	0.520730	-0.035313	20.311583	-0.156985	-0.128018	20.120422	0.505414	0.047596	20.593465	1.340113	0.080249	20.516501	1.709601	0.084001	20.490009	1.315225	0.243872	20.512647	1.368829	-0.118106
203	3.366667	20.614633	0.907448	0.180364	20.660213	0.911277	-0.133016	20.478126	0.832784	0.000154	20.469572	0.325456	0.070860	20.486990	0.338857	-0.011422	20.827905	0.400119	-0.104333	20.814972	0.398205	-0.017984	20.228569	0.005743	-0.037395	20.240146	0.015316	-0.098819	20.411593	0.480526	-0.098607	20.412113	0.488184	-0.035201	20.507638	0.277595	0.025288	20.785772	0.361830	-0.054277	20.144307	-0.051690	-0.113005	20.367478	0.562847	-0.036453	20.390422	-0.201017	-0.058144	20.261627	0.306311	-0.009862	20.283423	-0.166557	-0.037498	20.273621	0.394376	-0.062736	20.311791	-0.151241	-0.123742	20.304384	0.388633	0.023197	20.719652	1.345856	0.066381	20.638308	1.713430	0.085777	20.632047	1.320968	0.238661	20.622148	1.372658	-0.122588
204	3.383333	20.762824	0.915106	0.178282	20.783271	0.918934	-0.140730	20.613907	0.838528	0.007249	20.547370	0.346515	0.084210	20.565518	0.356087	-0.000678	21.008738	0.444152	-0.087435	20.999141	0.446066	-0.002963	20.279877	0.042118	-0.004752	20.291454	0.047861	-0.066177	20.593782	0.380975	-0.106633	20.589088	0.388633	-0.044687	20.579491	0.294825	0.039785	20.982769	0.400119	-0.039881	20.182162	0.022973	-0.092564	20.515983	0.430751	-0.049694	20.357259	-0.208675	-0.070242	20.510977	0.145498	-0.046879	20.270388	-0.141669	-0.041148	20.490642	0.241220	-0.094747	20.311061	-0.120610	-0.121135	20.513062	0.241220	-0.004121	20.843962	1.359257	0.049177	20.765120	1.721088	0.084737	20.776484	1.334369	0.229904	20.729772	1.378402	-0.130407
205	3.400000	20.907469	0.920849	0.173801	20.903931	0.924678	-0.144899	20.746350	0.842357	0.016220	20.647068	0.363745	0.089636	20.661878	0.373317	0.006624	21.169235	0.482441	-0.083260	21.159638	0.486269	0.001212	20.340988	0.088065	0.017984	20.351627	0.089979	-0.045109	20.806109	0.285253	-0.111842	20.795471	0.289081	-0.048749	20.668969	0.306311	0.046566	21.163915	0.430751	-0.034141	20.250157	0.111038	-0.069306	20.689203	0.298654	-0.065855	20.337237	-0.164642	-0.094124	20.774510	0.022973	-0.074300	20.280399	-0.080407	-0.046780	20.736342	0.116781	-0.118727	20.329833	-0.057433	-0.122908	20.748541	0.118696	-0.026746	20.969210	1.366915	0.033641	20.892663	1.726831	0.081090	20.919983	1.345856	0.219479	20.840942	1.380316	-0.135827
206	3.416667	21.047839	0.920849	0.169528	21.018646	0.928507	-0.147921	20.874310	0.844271	0.021125	20.771065	0.369488	0.083590	20.780661	0.380975	-0.000882	21.302304	0.501585	-0.096605	21.295315	0.501585	-0.011403	20.420976	0.149327	0.023513	20.425670	0.153156	-0.038433	21.021253	0.199102	-0.112046	21.012282	0.199102	-0.049891	20.780660	0.310140	0.034263	21.320971	0.446066	-0.047799	20.343806	0.210589	-0.047299	20.906328	0.185701	-0.078155	20.351107	-0.072749	-0.108516	21.071935	-0.042118	-0.092230	20.316066	0.017230	-0.053662	21.014996	0.032546	-0.134885	20.369045	0.034460	-0.127391	21.020312	0.032546	-0.043425	21.098213	1.370744	0.024780	21.027818	1.730660	0.075357	21.060353	1.349685	0.215206	20.954197	1.380316	-0.133635
207	3.433333	21.181326	0.918934	0.164734	21.134300	0.934250	-0.149274	21.001539	0.844271	0.028636	20.914355	0.365659	0.068889	20.915399	0.382889	-0.015166	21.423069	0.507328	-0.116208	21.414411	0.501585	-0.030068	20.524220	0.222076	0.031337	20.522969	0.233562	-0.029462	21.238794	0.130182	-0.115795	21.235769	0.128268	-0.054788	20.907369	0.312055	0.013512	21.456231	0.455638	-0.068966	20.459772	0.312055	-0.024667	21.146709	0.082321	-0.088162	20.387503	0.055519	-0.118005	21.378329	-0.072749	-0.102026	20.380410	0.135926	-0.052513	21.299073	-0.022973	-0.145307	20.435058	0.149327	-0.127181	21.302721	-0.026802	-0.052909	21.227424	1.368829	0.020194	21.164642	1.730660	0.068686	21.201661	1.353514	0.212602	21.070998	1.378402	-0.129044
208	3.450000	21.314083	0.917020	0.162547	21.252561	0.934250	-0.149897	21.126892	0.844271	0.032810	21.062337	0.359916	0.062531	21.059106	0.379060	-0.021316	21.530484	0.495842	-0.128303	21.523495	0.488184	-0.043101	20.651136	0.294825	0.050007	20.648947	0.310140	-0.012461	21.436835	0.086150	-0.115165	21.436416	0.084236	-0.053427	21.042316	0.313969	0.003504	21.574805	0.453724	-0.080747	20.603791	0.402034	-0.006830	21.359453	0.003829	-0.084820	20.462798	0.176129	-0.120819	21.631641	-0.095722	-0.092948	20.483654	0.252707	-0.044689	21.536012	-0.063177	-0.138002	20.535695	0.258450	-0.120087	21.537991	-0.065091	-0.044665	21.358304	1.366915	0.014670	21.304804	1.728745	0.060138	21.340362	1.353514	0.209268	21.192804	1.376487	-0.127268
209	3.466667	21.442772	0.917020	0.164844	21.375306	0.932336	-0.146453	21.253182	0.844271	0.038653	21.213553	0.352258	0.069730	21.210322	0.371403	-0.014117	21.620170	0.459467	-0.117247	21.615788	0.457553	-0.031315	20.796824	0.367574	0.066905	20.797242	0.380975	0.005167	21.594620	0.045947	-0.096286	21.592533	0.045947	-0.033609	21.185188	0.312055	0.015396	21.668975	0.432665	-0.065624	20.776385	0.478612	-0.000674	21.520262	-0.053605	-0.056658	20.586690	0.283338	-0.111430	21.805903	-0.124439	-0.052585	20.626526	0.359916	-0.032797	21.704121	-0.103380	-0.100767	20.678567	0.350344	-0.108195	21.703493	-0.097637	-0.008161	21.493251	1.361172	0.004661	21.445695	1.726831	0.048982	21.477916	1.353514	0.199990	21.325353	1.372658	-0.133731
210	3.483333	21.565518	0.918934	0.168289	21.502327	0.928507	-0.143217	21.376866	0.844271	0.043766	21.371338	0.342686	0.088609	21.371444	0.358002	0.002886	21.693379	0.413520	-0.092529	21.691604	0.419264	-0.005867	20.966081	0.438408	0.074939	20.968168	0.446066	0.012262	21.712880	0.001914	-0.061764	21.709124	0.003829	0.001851	21.336299	0.306311	0.038030	21.747398	0.394376	-0.039446	20.968481	0.547532	0.001104	21.643215	-0.095722	-0.013794	20.746874	0.380975	-0.096096	21.928751	-0.151241	0.005714	20.798390	0.453724	-0.024033	21.831036	-0.141669	-0.046953	20.847094	0.430751	-0.097554	21.826863	-0.124439	0.043255	21.629136	1.353514	-0.003678	21.588985	1.723002	0.034281	21.615470	1.349685	0.190711	21.460300	1.365001	-0.143739
211	3.500000	21.692539	0.918934	0.171524	21.629348	0.920849	-0.139981	21.503887	0.840442	0.047002	21.541012	0.333114	0.105195	21.543725	0.346515	0.020201	21.769925	0.380975	-0.069689	21.774094	0.390547	0.015826	21.152962	0.488184	0.075256	21.157656	0.493927	0.013310	21.806946	-0.034460	-0.031206	21.799644	-0.030631	0.030010	21.501697	0.304397	0.054823	21.831557	0.359916	-0.018691	21.161307	0.595393	0.000274	21.740827	-0.126353	0.019163	20.925830	0.449895	-0.082535	22.027510	-0.168471	0.044615	20.982143	0.518815	-0.017563	21.929795	-0.168471	-0.008052	21.028239	0.488184	-0.091814	21.924683	-0.145498	0.080488	21.761685	1.347770	-0.010141	21.722264	1.719173	0.025211	21.745412	1.347770	0.183519	21.596185	1.355428	-0.152079
212	3.516667	21.823835	0.915106	0.174552	21.760645	0.915106	-0.136954	21.636122	0.832784	0.051698	21.729249	0.325456	0.115732	21.729355	0.336943	0.030008	21.870561	0.358002	-0.062595	21.875669	0.371403	0.024589	21.356738	0.516901	0.070463	21.364040	0.522644	0.009247	21.870456	-0.059348	-0.012016	21.865761	-0.053605	0.049930	21.687118	0.302483	0.060355	21.930525	0.331199	-0.010659	21.361016	0.627939	-0.000035	21.813618	-0.149327	0.035329	21.116257	0.484355	-0.079819	22.101553	-0.174215	0.051291	21.181122	0.553275	-0.015264	22.003838	-0.178044	-0.001376	21.224611	0.520730	-0.090245	22.000603	-0.160814	0.090501	21.885682	1.342027	-0.016187	21.843132	1.713430	0.025318	21.870347	1.345856	0.179141	21.722789	1.343942	-0.157395
213	3.533333	21.957739	0.909362	0.178309	21.891942	0.907448	-0.133926	21.770026	0.825127	0.055455	21.929166	0.321627	0.119699	21.924997	0.333114	0.034184	21.978602	0.340772	-0.061862	21.985379	0.352258	0.024383	21.563121	0.532216	0.066401	21.574699	0.537960	0.004976	21.909771	-0.070835	0.003211	21.905077	-0.061262	0.065157	21.885158	0.302483	0.060985	22.034290	0.304397	-0.009718	21.562393	0.643254	-0.001281	21.858462	-0.164642	0.040857	21.323787	0.488184	-0.077937	22.149838	-0.172300	0.039508	21.386045	0.559018	-0.014113	22.048994	-0.176129	-0.007006	21.431202	0.532216	-0.090032	22.048366	-0.168471	0.085600	22.007280	1.338198	-0.018687	21.952111	1.707686	0.027719	21.991945	1.343942	0.176641	21.847725	1.328626	-0.161772
214	3.550000	22.089036	0.903619	0.181336	22.024907	0.899790	-0.131838	21.902992	0.815554	0.057544	22.131482	0.327370	0.120121	22.123037	0.338857	0.034815	22.078821	0.321627	-0.063320	22.087267	0.331199	0.021987	21.756886	0.528387	0.067239	21.768463	0.537960	0.005815	21.941057	-0.067006	0.011972	21.939700	-0.055519	0.072041	22.083929	0.306311	0.059008	22.125958	0.281424	-0.010759	21.744269	0.639425	0.001851	21.892146	-0.164642	0.046072	21.531526	0.457553	-0.071780	22.181020	-0.170386	0.028559	21.581895	0.532216	-0.005661	22.078716	-0.172300	-0.012741	21.626844	0.513072	-0.085856	22.082364	-0.172300	0.079657	22.129086	1.334369	-0.016911	22.064636	1.701943	0.032519	22.109476	1.342027	0.178625	21.976206	1.317139	-0.163750
215	3.566667	22.221063	0.895961	0.181757	22.155265	0.892132	-0.130479	22.035957	0.805982	0.059633	22.329314	0.344600	0.116476	22.316593	0.354173	0.031378	22.153178	0.302483	-0.067803	22.167567	0.310140	0.016357	21.931357	0.503499	0.076733	21.940327	0.514986	0.014579	21.959099	-0.055519	0.012806	21.960349	-0.045947	0.073605	22.281760	0.321627	0.055363	22.194370	0.258450	-0.014094	21.896631	0.604965	0.014995	21.904452	-0.147412	0.052330	21.724977	0.384804	-0.059782	22.193639	-0.170386	0.023658	21.757513	0.467125	0.009777	22.087267	-0.174215	-0.013158	21.798917	0.461382	-0.072817	22.095191	-0.172300	0.079031	22.255377	1.330540	-0.011068	22.182167	1.696200	0.034503	22.224608	1.336284	0.184155	22.110840	1.309482	-0.162600
216	3.583333	22.351421	0.888303	0.183115	22.286562	0.884474	-0.127452	22.166315	0.798324	0.060991	22.523600	0.371403	0.110431	22.509210	0.379060	0.026272	22.217314	0.290996	-0.070930	22.237648	0.296739	0.012083	22.103221	0.455638	0.085497	22.108854	0.470954	0.025220	21.970987	-0.032546	0.010512	21.976513	-0.026802	0.071103	22.480322	0.340772	0.049110	22.254960	0.239306	-0.019620	22.032099	0.543703	0.033248	21.904660	-0.112952	0.056605	21.922913	0.281424	-0.043718	22.189155	-0.172300	0.019590	21.939284	0.371403	0.028345	22.078716	-0.172300	-0.012741	21.972866	0.380975	-0.056440	22.090915	-0.168471	0.079240	22.381147	1.324797	0.001657	22.299907	1.690456	0.040763	22.338280	1.332455	0.194899	22.248081	1.303738	-0.160720
217	3.600000	22.479380	0.886389	0.188020	22.423803	0.880645	-0.125571	22.300010	0.794495	0.060473	22.702660	0.403948	0.108558	22.689000	0.411606	0.021792	22.293756	0.290996	-0.067800	22.318366	0.292910	0.015005	22.279152	0.388633	0.089777	22.278841	0.407777	0.030647	22.009991	-0.003829	0.001753	22.018124	0.000000	0.063074	22.670541	0.363745	0.047550	22.325041	0.231648	-0.023894	22.184461	0.459467	0.046392	21.926977	-0.068920	0.057232	22.153594	0.179958	-0.024107	22.183002	-0.174215	0.016462	22.148378	0.266108	0.044722	22.078716	-0.170386	-0.012741	22.174139	0.285253	-0.042252	22.096860	-0.160814	0.078093	22.508793	1.324797	0.017720	22.419315	1.686628	0.046084	22.447677	1.328626	0.205852	22.388867	1.303738	-0.156441
218	3.616667	22.603273	0.886389	0.197408	22.577625	0.884474	-0.117642	22.436834	0.794495	0.053802	22.869101	0.440323	0.111586	22.858049	0.449895	0.025550	22.389908	0.302483	-0.064773	22.406905	0.304397	0.020117	22.470310	0.308226	0.089886	22.466452	0.323541	0.028357	22.086851	0.024888	-0.021710	22.093315	0.024888	0.040550	22.854294	0.392462	0.054020	22.415770	0.243135	-0.026604	22.359245	0.338857	0.044727	21.983814	-0.011487	0.045031	22.427450	0.059348	0.001971	22.192075	-0.212504	0.009162	22.393555	0.147412	0.062770	22.091335	-0.160814	-0.017642	22.408888	0.164642	-0.027125	22.118760	-0.149327	0.070168	22.636648	1.330540	0.038059	22.539661	1.690456	0.053074	22.557073	1.330540	0.216805	22.535077	1.309482	-0.146426
219	3.633333	22.722159	0.892132	0.209613	22.736662	0.892132	-0.108253	22.576057	0.800239	0.043585	23.023862	0.476697	0.121184	23.017085	0.488184	0.034939	22.501286	0.321627	-0.065918	22.505456	0.327370	0.019597	22.690876	0.227819	0.095418	22.687018	0.237391	0.033889	22.183942	0.053605	-0.052159	22.187799	0.049776	0.009370	23.029912	0.428836	0.069458	22.517658	0.262279	-0.029000	22.579811	0.208675	0.050259	22.074439	0.059348	0.022612	22.751780	-0.024888	0.043589	22.180395	-0.212504	0.015731	22.684723	0.049776	0.092289	22.117719	-0.126353	-0.021500	22.694841	0.059348	0.000934	22.151819	-0.114867	0.062555	22.763773	1.340113	0.061005	22.661676	1.696200	0.059126	22.663132	1.334369	0.229634	22.686501	1.320968	-0.134951
220	3.650000	22.838230	0.895961	0.216811	22.888086	0.897876	-0.096778	22.711943	0.805982	0.035245	23.158913	0.493927	0.130886	23.155682	0.509243	0.047040	22.626222	0.335028	-0.070295	22.623508	0.342686	0.014699	22.916656	0.162728	0.102410	22.911860	0.170386	0.039213	22.284996	0.095722	-0.071658	22.285516	0.091893	-0.008252	23.183004	0.453724	0.079995	22.634251	0.275680	-0.028684	22.819357	0.107209	0.058295	22.194474	0.143584	0.005616	23.059112	-0.057433	0.070606	22.194056	-0.145498	0.032209	22.971197	-0.005743	0.113466	22.170175	-0.049776	-0.018058	22.978708	0.000000	0.021381	22.213557	-0.042118	0.062974	22.891628	1.345856	0.081344	22.786507	1.701943	0.070183	22.774197	1.336284	0.239648	22.837195	1.332455	-0.120869
221	3.666667	22.955761	0.901704	0.218795	23.022928	0.903619	-0.091352	22.839485	0.811725	0.031598	23.269039	0.486269	0.139232	23.269146	0.501585	0.053508	22.771806	0.335028	-0.073107	22.764087	0.344600	0.014702	23.116886	0.107209	0.095219	23.114698	0.112952	0.032751	22.386363	0.168471	-0.067172	22.386883	0.168471	-0.003765	23.307626	0.451809	0.086776	22.763879	0.277595	-0.024718	23.030746	0.030631	0.051417	22.329838	0.250793	0.004159	23.301683	-0.076578	0.052779	22.251100	-0.022973	0.059429	23.204487	-0.042118	0.098663	22.252457	0.070835	-0.000640	23.209390	-0.032546	0.005848	22.301783	0.072749	0.079245	23.022611	1.347770	0.095530	22.915822	1.705772	0.085307	22.893605	1.338198	0.244970	22.986950	1.340113	-0.108455
222	3.683333	23.072353	0.907448	0.219111	23.149011	0.907448	-0.089784	22.961084	0.817469	0.029098	23.360186	0.461382	0.145074	23.361960	0.476697	0.058412	22.932303	0.329285	-0.068932	22.923645	0.336943	0.017208	23.294382	0.057433	0.078850	23.290525	0.065091	0.017321	22.517138	0.266108	-0.057261	22.515989	0.269937	0.007083	23.409931	0.434579	0.092932	22.909880	0.275680	-0.018979	23.228683	-0.026802	0.032337	22.483660	0.367574	0.012088	23.511613	-0.076578	0.015970	22.344227	0.124439	0.088319	23.415564	-0.067006	0.067799	22.365086	0.212504	0.023870	23.412854	-0.051690	-0.022931	22.418479	0.206760	0.099270	23.159539	1.347770	0.108569	23.047744	1.709601	0.101162	23.017289	1.338198	0.250082	23.135036	1.343942	-0.095103
223	3.700000	23.194160	0.911277	0.220886	23.276032	0.909362	-0.086549	23.085289	0.821298	0.027328	23.446848	0.432665	0.146849	23.451230	0.446066	0.060916	23.097805	0.321627	-0.067573	23.090816	0.329285	0.017629	23.441948	0.022973	0.063941	23.440698	0.032546	0.003142	22.680242	0.356087	-0.052356	22.680762	0.361830	0.011050	23.505145	0.411606	0.094289	23.065163	0.277595	-0.016264	23.391475	-0.070835	0.013256	22.652917	0.461382	0.020122	23.682017	-0.080407	-0.005196	22.472812	0.250793	0.106050	23.583361	-0.089979	0.045902	22.508167	0.333114	0.040038	23.578983	-0.068920	-0.043889	22.560621	0.317798	0.113769	23.292921	1.343942	0.119209	23.182273	1.709601	0.117747	23.144518	1.334369	0.257594	23.275302	1.347770	-0.083942
224	3.716667	23.321181	0.909362	0.224122	23.403053	0.909362	-0.083313	23.213978	0.819383	0.029625	23.534970	0.400119	0.143409	23.541959	0.415435	0.058207	23.269253	0.317798	-0.067360	23.260595	0.323541	0.018780	23.557185	-0.007658	0.054036	23.557604	0.003829	-0.007702	22.862117	0.421178	-0.049224	22.864306	0.425007	0.013244	23.595144	0.382889	0.094187	23.228788	0.279509	-0.018242	23.515054	-0.112952	-0.001341	22.844491	0.524558	0.028782	23.806640	-0.103380	0.001586	22.633101	0.336943	0.105950	23.704229	-0.118696	0.046009	22.683160	0.417349	0.042649	23.704127	-0.097637	-0.043990	22.731338	0.392462	0.116589	23.422966	1.340113	0.131726	23.319410	1.707686	0.135061	23.274563	1.326712	0.270111	23.402739	1.351599	-0.072154
225	3.733333	23.452477	0.901704	0.227149	23.534349	0.909362	-0.080286	23.342668	0.817469	0.031922	23.618608	0.365659	0.135902	23.628204	0.382889	0.051430	23.445705	0.313969	-0.069963	23.438716	0.317798	0.015239	23.638216	-0.042118	0.045799	23.642910	-0.030631	-0.016147	23.057967	0.472868	-0.040772	23.060156	0.470954	0.021696	23.680659	0.348429	0.090018	23.401695	0.279509	-0.023244	23.604428	-0.147412	-0.014271	23.049101	0.572420	0.041093	23.890798	-0.132097	0.022340	22.820295	0.396290	0.095108	23.786094	-0.149327	0.054876	22.878384	0.476697	0.038273	23.797150	-0.128268	-0.034811	22.921557	0.444152	0.115029	23.553011	1.336284	0.144244	23.456546	1.703858	0.152376	23.408154	1.315225	0.285027	23.521417	1.355428	-0.064226
226	3.750000	23.582105	0.894047	0.231115	23.662309	0.905533	-0.075381	23.473965	0.811725	0.034950	23.701516	0.336943	0.131003	23.713719	0.356087	0.047261	23.628311	0.312055	-0.069438	23.621322	0.315884	0.015764	23.695052	-0.070835	0.033599	23.703292	-0.059348	-0.025948	23.251210	0.501585	-0.033050	23.253399	0.499671	0.029417	23.762837	0.313969	0.087725	23.581694	0.283338	-0.023448	23.665541	-0.168471	-0.026679	23.239737	0.601136	0.048084	23.948156	-0.153156	0.038402	23.013434	0.423093	0.083120	23.840427	-0.170386	0.061655	23.071002	0.503499	0.033168	23.859305	-0.151241	-0.025841	23.109899	0.469039	0.110132	23.683787	1.328626	0.154154	23.593474	1.698114	0.165415	23.545082	1.303738	0.298066	23.641034	1.355428	-0.054629
227	3.766667	23.708396	0.884474	0.236958	23.792875	0.895961	-0.069747	23.600256	0.804068	0.040793	23.786509	0.313969	0.133716	23.803927	0.333114	0.051434	23.818947	0.315884	-0.062446	23.809351	0.317798	0.022026	23.717474	-0.084236	0.018791	23.727383	-0.070835	-0.041695	23.442576	0.509243	-0.028666	23.444765	0.509243	0.033802	23.846892	0.281424	0.088770	23.769931	0.289081	-0.012911	23.689110	-0.170386	-0.035543	23.407638	0.610709	0.045898	23.969221	-0.164642	0.048518	23.200107	0.407777	0.079161	23.856800	-0.176129	0.063429	23.252460	0.495842	0.027749	23.883291	-0.162728	-0.026153	23.288959	0.469039	0.108259	23.816960	1.319054	0.160518	23.722372	1.688542	0.171988	23.684409	1.292252	0.307560	23.765656	1.349685	-0.047847
228	3.783333	23.835626	0.872988	0.244470	23.922712	0.882560	-0.061505	23.728215	0.794495	0.045697	23.875048	0.294825	0.138828	23.895073	0.312055	0.057277	24.014067	0.325456	-0.051387	24.001133	0.325456	0.034962	23.719456	-0.072749	0.006694	23.731033	-0.059348	-0.054731	23.626120	0.499671	-0.026472	23.628309	0.501585	0.035996	23.925003	0.252707	0.090962	23.965259	0.298654	0.002423	23.684417	-0.156985	-0.043886	23.567510	0.597307	0.037246	23.960878	-0.166557	0.053211	23.394602	0.359916	0.077392	23.847310	-0.172300	0.062177	23.435588	0.455638	0.021392	23.877347	-0.164642	-0.025006	23.471356	0.442237	0.104509	23.952533	1.307567	0.163337	23.848455	1.677055	0.173555	23.827073	1.278850	0.315176	23.891947	1.340113	-0.042004
229	3.800000	23.968800	0.867244	0.250834	24.050671	0.874902	-0.056601	23.858052	0.788752	0.053939	23.961919	0.281424	0.144879	23.983613	0.296739	0.062389	24.204389	0.350344	-0.033237	24.190517	0.350344	0.051443	23.735829	-0.042118	0.008467	23.748345	-0.028717	-0.051289	23.797567	0.469039	-0.026259	23.799756	0.474783	0.036209	24.002383	0.235477	0.095761	24.157981	0.315884	0.017028	23.684208	-0.128268	-0.048162	23.728320	0.557104	0.030263	23.950658	-0.170386	0.054566	23.613082	0.292910	0.075312	23.840427	-0.170386	0.061655	23.634149	0.384804	0.015139	23.873071	-0.166557	-0.024797	23.665850	0.386718	0.102740	24.085290	1.301824	0.161150	23.976206	1.671312	0.174184	23.969528	1.273107	0.318516	24.013754	1.334369	-0.040229
230	3.816667	24.114592	0.871073	0.252297	24.179153	0.878731	-0.058579	23.993103	0.790666	0.063640	24.042115	0.281424	0.154684	24.063809	0.292910	0.072193	24.395650	0.396290	-0.013418	24.382717	0.396290	0.072931	23.774623	-0.009572	0.030576	23.789746	0.000000	-0.028449	23.971622	0.413520	-0.025317	23.968596	0.423093	0.035691	24.076635	0.233562	0.106713	24.356855	0.354173	0.034761	23.703188	-0.078492	-0.045659	23.896951	0.474783	0.025469	23.941690	-0.178044	0.046432	23.873381	0.197188	0.069478	23.835943	-0.172300	0.057588	23.862641	0.283338	0.007427	23.874739	-0.162728	-0.025736	23.886730	0.292910	0.097114	24.215022	1.311396	0.149682	24.108232	1.675141	0.174604	24.113443	1.282679	0.316642	24.126592	1.338198	-0.046588
231	3.833333	24.267998	0.882560	0.251675	24.305757	0.888303	-0.063895	24.132429	0.796410	0.073134	24.119913	0.294825	0.168034	24.143275	0.302483	0.084605	24.580029	0.453724	0.005879	24.568764	0.459467	0.091289	23.823324	0.028717	0.062489	23.837508	0.032546	0.001795	24.179152	0.338857	-0.023435	24.169243	0.348429	0.037051	24.149427	0.243135	0.122879	24.558336	0.409692	0.053225	23.735621	-0.001914	-0.030953	24.081017	0.359916	0.020781	23.927298	-0.185701	0.032561	24.162881	0.089979	0.064791	23.829373	-0.155070	0.045908	24.121272	0.168471	0.002531	23.874322	-0.137840	-0.034287	24.132533	0.185701	0.092844	24.339332	1.324797	0.132477	24.244326	1.684713	0.170540	24.254543	1.299909	0.309763	24.234216	1.345856	-0.054407
232	3.850000	24.416189	0.890218	0.249593	24.430692	0.895961	-0.068272	24.269149	0.802153	0.081897	24.216273	0.312055	0.175336	24.234421	0.317798	0.090447	24.744801	0.503499	0.009846	24.733536	0.511157	0.095256	23.887043	0.072749	0.085955	23.899558	0.074663	0.026199	24.405871	0.268023	-0.014774	24.394293	0.273766	0.046651	24.234629	0.254621	0.129868	24.743966	0.455638	0.063032	23.799340	0.084236	-0.007488	24.289277	0.248878	0.020055	23.927403	-0.168471	0.017127	24.454258	0.015316	0.063442	23.841575	-0.103380	0.032455	24.395546	0.086150	0.002016	23.893616	-0.082321	-0.042943	24.393979	0.103380	0.092954	24.467188	1.338198	0.117672	24.379690	1.694285	0.169083	24.397312	1.313310	0.301944	24.347054	1.349685	-0.060765
233	3.866667	24.559166	0.894047	0.246050	24.549683	0.901704	-0.071502	24.400654	0.805982	0.089200	24.333179	0.323541	0.164493	24.347051	0.331199	0.079813	24.885693	0.532216	-0.001310	24.874428	0.536045	0.084101	23.971723	0.124439	0.099827	23.978086	0.130182	0.036943	24.634466	0.202931	-0.002776	24.624558	0.206760	0.057710	24.341106	0.262279	0.116104	24.907174	0.482441	0.052502	23.887253	0.168471	0.019942	24.532682	0.156985	0.019331	23.940857	-0.118696	-0.005816	24.761069	-0.001914	0.062198	23.885063	-0.026802	0.027763	24.689530	0.042118	0.001397	23.938042	-0.007658	-0.045966	24.682019	0.055519	0.093482	24.597129	1.343942	0.110479	24.510779	1.698114	0.167834	24.538620	1.320968	0.299340	24.466253	1.349685	-0.059720
234	3.883333	24.699536	0.894047	0.241778	24.669613	0.907448	-0.073064	24.531220	0.809811	0.094834	24.466040	0.327370	0.146872	24.471361	0.342686	0.062608	25.013340	0.545617	-0.020391	25.003014	0.541788	0.066688	24.077782	0.179958	0.112657	24.076532	0.191445	0.051858	24.865252	0.153156	0.001401	24.860558	0.155070	0.063347	24.461661	0.273766	0.092225	25.049318	0.499671	0.031857	23.999152	0.252707	0.047059	24.796006	0.080407	0.022778	23.973290	-0.028717	-0.026255	25.064543	0.011487	0.062830	23.950346	0.063177	0.030580	24.982783	0.026802	0.003385	24.003325	0.080407	-0.043149	24.971727	0.032546	0.093071	24.728948	1.347770	0.106623	24.642597	1.701943	0.163979	24.678260	1.326712	0.297675	24.588060	1.349685	-0.057944
235	3.900000	24.834900	0.895961	0.240321	24.790481	0.913191	-0.072957	24.660119	0.813640	0.101407	24.606410	0.329285	0.142599	24.604848	0.346515	0.057814	25.129515	0.539874	-0.028627	25.119919	0.534131	0.055844	24.201361	0.237391	0.133204	24.198443	0.250793	0.073344	25.070384	0.122525	0.006829	25.068297	0.126353	0.069505	24.591603	0.281424	0.085033	25.173106	0.503499	0.021535	24.135766	0.331199	0.071256	25.023871	0.021059	0.037384	24.045039	0.074663	-0.031468	25.311180	0.019144	0.075663	24.048584	0.158899	0.041220	25.218262	0.015316	0.015905	24.100624	0.170386	-0.034178	25.206476	0.019144	0.108198	24.861496	1.349685	0.100160	24.777752	1.705772	0.158246	24.819568	1.330540	0.295071	24.713204	1.349685	-0.058046
236	3.916667	24.966196	0.903619	0.243348	24.914895	0.915106	-0.070451	24.788078	0.819383	0.106312	24.753036	0.327370	0.161166	24.753143	0.342686	0.075442	25.228692	0.505414	-0.016319	25.219095	0.505414	0.068153	24.339645	0.304397	0.156463	24.338395	0.317798	0.095664	25.233592	0.089979	0.031444	25.228898	0.095722	0.093390	24.729886	0.283338	0.108292	25.276766	0.482441	0.037911	24.300017	0.407777	0.082106	25.191772	-0.024888	0.070342	24.160172	0.176129	-0.025938	25.481896	0.001914	0.113627	24.177690	0.260365	0.052069	25.385433	-0.011487	0.051471	24.234945	0.258450	-0.021869	25.371039	-0.001914	0.143034	24.999989	1.349685	0.092551	24.920312	1.711515	0.146152	24.962337	1.336284	0.287253	24.846691	1.349685	-0.062840
237	3.933333	25.093217	0.911277	0.246584	25.041915	0.915106	-0.067215	24.915307	0.825127	0.113823	24.909778	0.327370	0.193811	24.914160	0.336943	0.107879	25.310452	0.457553	0.007981	25.304401	0.465211	0.094852	24.498890	0.377146	0.170128	24.500977	0.380975	0.107452	25.355398	0.047861	0.068364	25.348096	0.053605	0.129580	24.882561	0.283338	0.145421	25.364679	0.444152	0.065340	24.485439	0.478612	0.087637	25.315664	-0.063177	0.114875	24.307320	0.273766	-0.014255	25.602451	-0.026802	0.160038	24.337457	0.356087	0.058851	25.509533	-0.049776	0.100279	24.394920	0.338857	-0.010811	25.493262	-0.030631	0.188506	25.139211	1.349685	0.082334	25.066940	1.715344	0.129574	25.104897	1.342027	0.275159	24.981638	1.347770	-0.072848
238	3.950000	25.222845	0.915106	0.250550	25.171544	0.911277	-0.063250	25.044205	0.825127	0.120396	25.079139	0.323541	0.221555	25.084460	0.329285	0.137291	25.391482	0.415435	0.034889	25.390437	0.430751	0.118944	24.679097	0.428836	0.174200	24.683791	0.428836	0.112254	25.446126	0.007658	0.100799	25.437156	0.013401	0.162954	25.045977	0.285253	0.174312	25.450715	0.402034	0.089432	24.676805	0.530302	0.092022	25.406601	-0.095722	0.151586	24.474178	0.344600	-0.002675	25.692449	-0.057433	0.195080	24.515057	0.426922	0.062192	25.602138	-0.084236	0.136052	24.572729	0.396290	-0.003194	25.585867	-0.061262	0.224278	25.275097	1.345856	0.073994	25.205224	1.715344	0.117688	25.241721	1.343942	0.268488	25.115855	1.343942	-0.080250
239	3.966667	25.357688	0.911277	0.255976	25.303779	0.903619	-0.058554	25.177379	0.819383	0.126761	25.265186	0.315884	0.239914	25.268629	0.319713	0.152313	25.484714	0.379060	0.048344	25.483669	0.396290	0.132399	24.876199	0.459467	0.173161	24.883500	0.459467	0.111945	25.499625	-0.032546	0.125621	25.492323	-0.022973	0.186837	25.229208	0.283338	0.187665	25.541340	0.359916	0.102157	24.873176	0.560933	0.093591	25.464166	-0.130182	0.171923	24.662937	0.379060	0.000979	25.749389	-0.089979	0.202590	24.708091	0.461382	0.065638	25.656680	-0.114867	0.147107	24.765763	0.428836	0.000252	25.645623	-0.097637	0.236794	25.400762	1.342027	0.067010	25.330889	1.709601	0.110704	25.368325	1.342027	0.263172	25.245066	1.330540	-0.084835
240	3.983333	25.494199	0.903619	0.260463	25.438621	0.890218	-0.053128	25.315767	0.807897	0.134585	25.463643	0.310140	0.249095	25.462811	0.313969	0.161703	25.578467	0.344600	0.054916	25.580029	0.361830	0.139701	25.082790	0.476697	0.173375	25.091760	0.476697	0.111220	25.523715	-0.061262	0.145019	25.518082	-0.047861	0.205296	25.423181	0.279509	0.192780	25.631756	0.317798	0.110607	25.073823	0.578163	0.094951	25.487839	-0.158899	0.182770	24.873074	0.384804	0.003591	25.778173	-0.126353	0.195186	24.914683	0.470954	0.065851	25.679727	-0.141669	0.145127	24.972355	0.442237	0.000465	25.673885	-0.134011	0.236273	25.524759	1.334369	0.060964	25.448212	1.698114	0.108412	25.488984	1.340113	0.259003	25.373339	1.313310	-0.091089
241	4.000000	25.630710	0.897876	0.264951	25.573464	0.880645	-0.047702	25.450610	0.798324	0.140011	25.663352	0.313969	0.248787	25.657514	0.315884	0.164210	25.669405	0.315884	0.056483	25.673574	0.333114	0.141998	25.278432	0.478612	0.177551	25.287402	0.480526	0.115396	25.543112	-0.070835	0.156074	25.541754	-0.057433	0.216143	25.621221	0.283338	0.193410	25.716750	0.281424	0.113320	25.259975	0.578163	0.097875	25.502752	-0.170386	0.189757	25.082690	0.365659	0.013086	25.794129	-0.153156	0.188408	25.114078	0.451809	0.076702	25.693285	-0.162728	0.141894	25.171542	0.430751	0.007040	25.692657	-0.160814	0.234500	25.648965	1.328626	0.059194	25.563866	1.690456	0.107059	25.609853	1.338198	0.259110	25.504427	1.299909	-0.092338
242	4.016667	25.767012	0.894047	0.265162	25.703822	0.876817	-0.046343	25.587121	0.794495	0.144499	25.864521	0.329285	0.243264	25.853468	0.333114	0.157228	25.748976	0.296739	0.053460	25.760758	0.312055	0.136890	25.461454	0.465211	0.186628	25.468756	0.470954	0.125412	25.560423	-0.061262	0.159515	25.561673	-0.047861	0.220314	25.818845	0.298654	0.185489	25.790376	0.254621	0.111445	25.418282	0.557104	0.109872	25.511720	-0.151241	0.197892	25.280104	0.313969	0.036034	25.802472	-0.162728	0.183715	25.296058	0.405863	0.099545	25.697560	-0.172300	0.141685	25.350706	0.396290	0.024877	25.702147	-0.166557	0.235752	25.776924	1.326712	0.064098	25.683065	1.686628	0.108105	25.729991	1.338198	0.261824	25.636454	1.294166	-0.091918
243	4.033333	25.904045	0.892132	0.262767	25.835849	0.874902	-0.045923	25.721755	0.792581	0.145649	26.062666	0.358002	0.228460	26.048276	0.359916	0.144301	25.820725	0.285253	0.048248	25.841059	0.298654	0.131260	25.641140	0.432665	0.197582	25.645834	0.444152	0.135636	25.575649	-0.034460	0.155344	25.582113	-0.021059	0.217603	26.021265	0.321627	0.170476	25.857850	0.237391	0.106440	25.564178	0.513072	0.131045	25.513806	-0.112952	0.205505	25.482002	0.237391	0.063049	25.799656	-0.164642	0.178710	25.484399	0.335028	0.129792	25.689947	-0.170386	0.143771	25.527471	0.340772	0.046259	25.699540	-0.160814	0.235022	25.905822	1.328626	0.070671	25.801535	1.686628	0.111758	25.852006	1.338198	0.267876	25.771088	1.292252	-0.090768
244	4.050000	26.037949	0.892132	0.266524	25.974758	0.878731	-0.044981	25.858057	0.792581	0.145861	26.247253	0.392462	0.216889	26.230256	0.394376	0.131999	25.900504	0.283338	0.049501	25.924175	0.294825	0.130636	25.822286	0.382889	0.203322	25.822704	0.396290	0.141584	25.616321	0.000000	0.145647	25.624454	0.009572	0.206967	26.214404	0.348429	0.158487	25.931997	0.231648	0.097682	25.726969	0.444152	0.147109	25.533516	-0.063177	0.205401	25.714039	0.158899	0.092880	25.792773	-0.166557	0.178188	25.700793	0.250793	0.155243	25.688279	-0.166557	0.144710	25.731768	0.266108	0.069729	25.705484	-0.149327	0.233875	26.035867	1.330540	0.083188	25.924280	1.686628	0.115202	25.970684	1.338198	0.275804	25.911874	1.296080	-0.086489
245	4.066667	26.161841	0.897876	0.275913	26.126704	0.886389	-0.040389	25.994881	0.796410	0.139189	26.419952	0.434579	0.207611	26.407231	0.438408	0.122513	25.983620	0.296739	0.048877	26.002286	0.304397	0.132828	26.016989	0.315884	0.205829	26.011463	0.327370	0.145238	25.685359	0.022973	0.119994	25.693492	0.028717	0.181314	26.402016	0.384804	0.156197	26.013028	0.243135	0.089445	25.922089	0.348429	0.158168	25.583470	-0.011487	0.192679	25.995403	0.080407	0.132306	25.799239	-0.206760	0.170158	25.956816	0.158899	0.184762	25.695892	-0.162728	0.142624	25.977362	0.172300	0.096327	25.724047	-0.139755	0.227827	26.164452	1.340113	0.100920	26.053699	1.692371	0.114892	26.081749	1.342027	0.285818	26.062151	1.305653	-0.080958
246	4.083333	26.282396	0.903619	0.287179	26.285740	0.895961	-0.031000	26.134104	0.802153	0.128972	26.581909	0.478612	0.206572	26.573464	0.486269	0.121265	26.075810	0.319713	0.040953	26.084255	0.327370	0.126260	26.238493	0.246964	0.213030	26.230360	0.252707	0.151709	25.768476	0.045947	0.084225	25.776609	0.045947	0.145546	26.582953	0.430751	0.157662	26.099065	0.264194	0.078393	26.141195	0.233562	0.168914	25.665544	0.051690	0.170676	26.305029	0.005743	0.171212	25.790374	-0.212504	0.181734	26.238702	0.072749	0.217306	25.715602	-0.134011	0.142520	26.251427	0.078492	0.126681	25.759713	-0.111038	0.220945	26.293246	1.351599	0.122927	26.185726	1.701943	0.115312	26.190206	1.345856	0.295102	26.217851	1.319054	-0.069691
247	4.100000	26.400135	0.911277	0.293438	26.435287	0.905533	-0.022862	26.269990	0.807897	0.120633	26.724364	0.505414	0.209912	26.718526	0.516901	0.125336	26.188440	0.338857	0.030319	26.188333	0.348429	0.116042	26.467610	0.185701	0.218145	26.458539	0.189530	0.155156	25.856495	0.086150	0.061076	25.862959	0.080407	0.123335	26.745118	0.461382	0.160898	26.199076	0.281424	0.072659	26.366036	0.132097	0.174238	25.771395	0.132097	0.144086	26.594841	-0.044032	0.190512	25.800698	-0.151241	0.200088	26.508595	0.013401	0.232433	25.761175	-0.063177	0.145441	26.517774	0.017230	0.139410	25.814360	-0.044032	0.216566	26.421830	1.359257	0.140659	26.319630	1.709601	0.119069	26.303670	1.349685	0.301571	26.371882	1.332455	-0.057486
248	4.116667	26.520273	0.917020	0.296153	26.569191	0.911277	-0.019105	26.397532	0.815554	0.116986	26.840435	0.505414	0.217111	26.836265	0.516901	0.131596	26.324534	0.342686	0.026255	26.321090	0.352258	0.113855	26.684944	0.124439	0.210120	26.675872	0.128268	0.147131	25.948893	0.156985	0.057428	25.951081	0.155070	0.119895	26.877354	0.467125	0.165594	26.322551	0.283338	0.073496	26.592860	0.055519	0.167465	25.893098	0.237391	0.126151	26.856913	-0.055519	0.168305	25.842621	-0.032546	0.216045	26.766600	-0.021059	0.214710	25.829065	0.055519	0.148989	26.768897	-0.013401	0.121165	25.889133	0.067006	0.220635	26.557820	1.363086	0.152029	26.448737	1.715344	0.129918	26.428084	1.351599	0.304076	26.518821	1.340113	-0.050079
249	4.133333	26.638534	0.922763	0.295530	26.695273	0.915106	-0.017537	26.520069	0.821298	0.116154	26.939403	0.486269	0.225143	26.934295	0.493927	0.137959	26.478148	0.336943	0.029908	26.473766	0.348429	0.115840	26.885487	0.074663	0.191770	26.875686	0.078492	0.131388	26.067884	0.254621	0.054198	26.067465	0.258450	0.115935	26.987272	0.455638	0.169664	26.460939	0.283338	0.081321	26.817389	-0.005743	0.148803	26.030444	0.356087	0.112597	27.098233	-0.047861	0.124823	25.916873	0.114867	0.226997	27.007399	-0.044032	0.178111	25.925218	0.197188	0.152015	27.000413	-0.028717	0.087590	25.984346	0.202931	0.221993	26.695269	1.363086	0.158186	26.578782	1.721088	0.142436	26.557712	1.355428	0.308042	26.663154	1.345856	-0.043401
250	4.150000	26.762010	0.926592	0.296367	26.821356	0.918934	-0.015970	26.644274	0.827041	0.114384	27.033886	0.459467	0.229108	27.027110	0.467125	0.142863	26.636768	0.333114	0.030746	26.632386	0.342686	0.116678	27.050886	0.045947	0.173419	27.042753	0.051690	0.112099	26.218265	0.346515	0.044294	26.219515	0.354173	0.105093	27.086031	0.438408	0.173420	26.607670	0.287167	0.084453	27.002290	-0.053605	0.126072	26.188647	0.453724	0.104884	27.290538	-0.047861	0.095731	26.025644	0.245049	0.225122	27.194698	-0.063177	0.151835	26.050153	0.321627	0.147638	27.185106	-0.044032	0.060584	26.108552	0.317798	0.220223	26.832719	1.363086	0.164342	26.714041	1.723002	0.156413	26.689947	1.355428	0.312738	26.802272	1.351599	-0.038184
251	4.166667	26.890699	0.928507	0.298664	26.952653	0.920849	-0.012943	26.772025	0.830870	0.115013	27.123677	0.430751	0.224730	27.122115	0.440323	0.139945	26.797786	0.329285	0.028038	26.792466	0.338857	0.112302	27.174466	0.021059	0.158822	27.168002	0.026802	0.096563	26.389504	0.419264	0.040230	26.390754	0.425007	0.101030	27.181036	0.415435	0.170502	26.759929	0.290996	0.077886	27.129728	-0.089979	0.102715	26.370522	0.526473	0.108016	27.419750	-0.076578	0.091146	26.170811	0.338857	0.213758	27.320155	-0.093808	0.140575	26.214300	0.413520	0.138777	27.315777	-0.070835	0.050785	26.267693	0.400119	0.214178	26.966101	1.363086	0.174982	26.853576	1.724916	0.170182	26.822391	1.351599	0.321710	26.932108	1.357343	-0.029942
252	4.183333	27.021057	0.926592	0.300023	27.083011	0.924678	-0.011584	26.904052	0.830870	0.115433	27.207315	0.398205	0.217223	27.207421	0.411606	0.131500	26.965479	0.327370	0.021576	26.959428	0.335028	0.108447	27.258626	-0.011487	0.144433	27.256437	-0.003829	0.081965	26.575655	0.478612	0.043155	26.577844	0.480526	0.105622	27.267281	0.382889	0.163726	26.922408	0.294825	0.069964	27.215140	-0.116781	0.078835	26.569918	0.581992	0.118867	27.504952	-0.116781	0.098135	26.345700	0.409692	0.196659	27.400456	-0.132097	0.134946	26.399096	0.484355	0.131481	27.406506	-0.103380	0.048075	26.446545	0.459467	0.208029	27.098545	1.363086	0.183953	26.999056	1.726831	0.182804	26.958380	1.345856	0.333080	27.056731	1.363086	-0.023161
253	4.200000	27.151416	0.922763	0.301381	27.213369	0.922763	-0.010225	27.034410	0.828955	0.116791	27.287407	0.369488	0.207318	27.291059	0.384804	0.123993	27.140993	0.327370	0.017305	27.136611	0.331199	0.103237	27.314524	-0.042118	0.130564	27.316611	-0.032546	0.067888	26.767021	0.516901	0.047539	26.769210	0.516901	0.110007	27.348520	0.350344	0.159765	27.095315	0.298654	0.064962	27.270829	-0.134011	0.060691	26.762222	0.620281	0.124920	27.556678	-0.147412	0.104185	26.532686	0.451809	0.181542	27.450096	-0.160814	0.133383	26.589836	0.528387	0.123039	27.464698	-0.132097	0.046095	26.631341	0.497756	0.200733	27.230050	1.361172	0.191257	27.136714	1.724916	0.193236	27.093431	1.338198	0.342782	27.178746	1.366915	-0.017109
254	4.216667	27.281044	0.915106	0.305347	27.345604	0.917020	-0.005530	27.164768	0.823212	0.118150	27.365309	0.342686	0.205234	27.372299	0.358002	0.120032	27.331942	0.325456	0.013137	27.324953	0.329285	0.098339	27.331731	-0.067006	0.114295	27.336426	-0.055519	0.052349	26.965061	0.537960	0.048169	26.968918	0.537960	0.109699	27.422147	0.315884	0.157889	27.283865	0.304397	0.064341	27.292521	-0.149327	0.048490	26.944619	0.643254	0.121169	27.578265	-0.160814	0.107418	26.719151	0.463296	0.173308	27.468868	-0.170386	0.131610	26.778908	0.543703	0.115534	27.487746	-0.147412	0.044114	26.818744	0.516901	0.194167	27.361555	1.353514	0.198560	27.265612	1.717259	0.199809	27.228482	1.326712	0.352484	27.304307	1.363086	-0.008659
255	4.233333	27.410672	0.903619	0.309313	27.476901	0.907448	-0.002502	27.293458	0.815554	0.120447	27.439874	0.319713	0.205027	27.449471	0.335028	0.120555	27.529044	0.333114	0.012099	27.520386	0.333114	0.098240	27.323284	-0.070835	0.099278	27.327979	-0.057433	0.037332	27.162163	0.541788	0.047131	27.166020	0.543703	0.108660	27.490559	0.283338	0.154554	27.480236	0.310140	0.065910	27.283761	-0.156985	0.044631	27.124201	0.648997	0.112413	27.569922	-0.164642	0.112111	26.918651	0.444152	0.168724	27.458648	-0.170386	0.132966	26.970587	0.528387	0.108760	27.478256	-0.156985	0.042862	27.011361	0.511157	0.189062	27.493060	1.343942	0.205863	27.387627	1.707686	0.205860	27.365202	1.313310	0.361247	27.428929	1.357343	-0.001878
256	4.250000	27.543637	0.895961	0.311402	27.607259	0.899790	-0.001144	27.423086	0.811725	0.124413	27.517985	0.306311	0.207219	27.530188	0.321627	0.123477	27.723017	0.352258	0.017214	27.711752	0.350344	0.102624	27.328290	-0.051690	0.096462	27.335592	-0.038289	0.035246	27.338616	0.526473	0.044528	27.342473	0.532216	0.106057	27.559179	0.262279	0.155494	27.675878	0.321627	0.070086	27.280215	-0.143584	0.042232	27.291686	0.627939	0.101676	27.560432	-0.166557	0.110859	27.128371	0.394376	0.162784	27.450096	-0.170386	0.133383	27.164665	0.478612	0.098440	27.473980	-0.162728	0.043071	27.201371	0.474783	0.183226	27.622480	1.340113	0.205553	27.512979	1.701943	0.210035	27.504320	1.307567	0.366464	27.551674	1.351599	0.001567
257	4.266667	27.684215	0.897876	0.311405	27.735740	0.901704	-0.003122	27.556990	0.811725	0.128171	27.592028	0.304397	0.213895	27.608507	0.317798	0.129945	27.914799	0.386718	0.030149	27.903534	0.386718	0.115560	27.358846	-0.022973	0.107830	27.366147	-0.011487	0.046614	27.502033	0.486269	0.038274	27.503283	0.493927	0.099073	27.629885	0.258450	0.164047	27.870998	0.352258	0.081145	27.291166	-0.101466	0.038270	27.438730	0.564762	0.093649	27.552402	-0.174215	0.104393	27.348312	0.302483	0.155489	27.448949	-0.174215	0.127438	27.357073	0.388633	0.089059	27.476378	-0.160814	0.039525	27.387836	0.396290	0.174991	27.755759	1.342027	0.196483	27.640730	1.701943	0.210663	27.645628	1.313310	0.363860	27.668058	1.353514	-0.002394
258	4.283333	27.825524	0.903619	0.308801	27.861614	0.905533	-0.005831	27.690164	0.815554	0.134535	27.671286	0.315884	0.222031	27.689434	0.325456	0.137142	28.098969	0.432665	0.045171	28.087704	0.434579	0.130581	27.400039	0.017230	0.126394	27.409947	0.022973	0.065908	27.675879	0.419264	0.034941	27.672853	0.430751	0.095949	27.703199	0.264194	0.173330	28.064658	0.390547	0.097418	27.315360	-0.030631	0.042233	27.583167	0.467125	0.084892	27.542495	-0.179958	0.094590	27.582748	0.185701	0.146630	27.439772	-0.160814	0.115028	27.564917	0.273766	0.079782	27.475961	-0.139755	0.030974	27.585459	0.290996	0.167070	27.885283	1.349685	0.180739	27.771088	1.707686	0.212022	27.790274	1.324797	0.359379	27.783503	1.353514	-0.008022
259	4.300000	27.969439	0.907448	0.306927	27.983942	0.911277	-0.010938	27.822399	0.819383	0.139231	27.767438	0.331199	0.225058	27.783917	0.338857	0.141107	28.265619	0.476697	0.052475	28.254354	0.480526	0.137885	27.457396	0.063177	0.142456	27.468035	0.067006	0.079362	27.869852	0.342686	0.040056	27.862550	0.352258	0.101272	27.789131	0.273766	0.177712	28.249349	0.426922	0.105556	27.365626	0.053605	0.053497	27.754197	0.361830	0.076553	27.541869	-0.166557	0.081763	27.842839	0.089979	0.136520	27.445821	-0.118696	0.098446	27.805298	0.172300	0.069776	27.488372	-0.093808	0.021797	27.813951	0.195274	0.159358	28.016684	1.355428	0.168331	27.904784	1.711515	0.211504	27.936588	1.334369	0.353960	27.898949	1.357343	-0.013651
260	4.316667	28.113146	0.911277	0.300778	28.103663	0.917020	-0.016775	27.955573	0.823212	0.145596	27.885282	0.340772	0.215883	27.894878	0.352258	0.131411	28.416000	0.513072	0.042571	28.404735	0.513072	0.127981	27.539261	0.114867	0.151322	27.545624	0.120610	0.088437	28.080927	0.262279	0.044336	28.073626	0.269937	0.105552	27.896546	0.281424	0.165617	28.419440	0.457553	0.095549	27.446239	0.137840	0.071853	27.978413	0.252707	0.069050	27.546041	-0.135926	0.061844	28.151007	0.038289	0.110351	27.474604	-0.053605	0.091043	28.093233	0.095722	0.050594	27.522369	-0.030631	0.015853	28.093335	0.112952	0.140593	28.147355	1.361172	0.158531	28.043693	1.717259	0.212445	28.086448	1.338198	0.350939	28.010535	1.361172	-0.010520
261	4.333333	28.260190	0.913191	0.292751	28.219109	0.924678	-0.022404	28.088747	0.827041	0.151960	28.016683	0.348429	0.203476	28.019397	0.363745	0.118483	28.554076	0.541788	0.026410	28.542811	0.537960	0.111820	27.642713	0.168471	0.163421	27.641463	0.178044	0.102622	28.314634	0.195274	0.038084	28.310878	0.199102	0.101699	28.016580	0.292910	0.148621	28.577018	0.488184	0.075008	27.551046	0.225905	0.094173	28.235167	0.145498	0.060817	27.564709	-0.059348	0.040362	28.478676	0.013401	0.079803	27.529459	0.032546	0.090940	28.399732	0.045947	0.025363	27.577224	0.051690	0.015750	28.394828	0.051690	0.118178	28.277297	1.366915	0.151339	28.187609	1.721088	0.210571	28.237038	1.342027	0.345311	28.123999	1.365001	-0.004052
262	4.350000	28.400560	0.917020	0.288478	28.339038	0.930421	-0.023966	28.219313	0.830870	0.157595	28.157053	0.352258	0.199203	28.152884	0.369488	0.113688	28.675466	0.547532	0.019634	28.665869	0.541788	0.104106	27.758470	0.229734	0.181779	27.754613	0.241220	0.120249	28.535721	0.151241	0.036734	28.535303	0.151241	0.098471	28.144853	0.302483	0.142367	28.711235	0.503499	0.067606	27.684116	0.313969	0.115972	28.469290	0.059348	0.063117	27.616540	0.044032	0.030977	28.752011	-0.003829	0.077619	27.612992	0.132097	0.098867	28.655234	0.015316	0.026621	27.661487	0.143584	0.021071	28.651999	0.015316	0.118497	28.409845	1.370744	0.144876	28.333923	1.724916	0.205152	28.385020	1.345856	0.338953	28.242468	1.368829	-0.000399
263	4.366667	28.529980	0.924678	0.288168	28.460845	0.934250	-0.022190	28.343935	0.838528	0.164376	28.298987	0.352258	0.209427	28.295756	0.369488	0.125580	28.771096	0.514986	0.029543	28.764107	0.514986	0.114745	27.885387	0.306311	0.200449	27.884137	0.317798	0.139650	28.714155	0.105295	0.057178	28.712068	0.107209	0.119854	28.278444	0.306311	0.157283	28.813957	0.486269	0.082313	27.842422	0.405863	0.127969	28.654294	0.000000	0.095241	27.712692	0.162728	0.034003	28.944731	-0.019144	0.127368	27.727395	0.250793	0.107004	28.847746	-0.015316	0.072094	27.781104	0.248878	0.030668	28.837628	-0.007658	0.163449	28.549068	1.370744	0.134659	28.484096	1.730660	0.190972	28.531126	1.349685	0.329257	28.375955	1.368829	-0.005193
264	4.383333	28.654394	0.932336	0.290674	28.585259	0.936164	-0.019684	28.469288	0.846185	0.168550	28.450828	0.352258	0.229453	28.450934	0.365659	0.143730	28.843366	0.467125	0.052592	28.843260	0.476697	0.138316	28.037749	0.390547	0.213592	28.038168	0.398205	0.151855	28.855880	0.057433	0.098270	28.848578	0.061262	0.159486	28.421733	0.310140	0.177726	28.897594	0.447981	0.109951	28.022838	0.495842	0.136316	28.805925	-0.047861	0.146136	27.842528	0.290996	0.042245	29.089792	-0.030631	0.201728	27.873396	0.373317	0.112743	28.999273	-0.047861	0.138424	27.928982	0.356087	0.039744	28.981333	-0.028717	0.227588	28.689959	1.370744	0.123504	28.634060	1.734489	0.172517	28.676293	1.353514	0.317893	28.516847	1.368829	-0.016349
265	4.400000	28.783083	0.934250	0.292971	28.712280	0.936164	-0.016448	28.594640	0.848100	0.172725	28.614557	0.348429	0.247186	28.614663	0.358002	0.161462	28.918244	0.425007	0.076371	28.921475	0.440323	0.160218	28.212012	0.457553	0.218811	28.214099	0.461382	0.156134	28.968195	0.015316	0.133939	28.957557	0.021059	0.197032	28.578580	0.312055	0.194937	28.977477	0.409692	0.130914	28.210866	0.562847	0.142577	28.925333	-0.086150	0.186602	27.998020	0.388633	0.049236	29.204610	-0.049776	0.253561	28.042444	0.465211	0.116502	29.120766	-0.078492	0.186502	28.097300	0.438408	0.046109	29.096673	-0.051690	0.272538	28.827513	1.366915	0.114225	28.779958	1.734489	0.158546	28.812179	1.355428	0.309554	28.654401	1.363086	-0.025627
266	4.416667	28.916049	0.930421	0.295060	28.845245	0.928507	-0.014360	28.729274	0.842357	0.173875	28.790697	0.336943	0.255741	28.790803	0.346515	0.170018	29.006991	0.390547	0.085759	29.011891	0.409692	0.168667	28.404838	0.499671	0.217981	28.409532	0.503499	0.156035	29.050686	-0.019144	0.155632	29.044323	-0.009572	0.218517	28.750444	0.308226	0.203701	29.068623	0.375232	0.136757	28.408906	0.604965	0.143207	29.012307	-0.122525	0.212363	28.178957	0.444152	0.050700	29.295757	-0.086150	0.259403	28.235270	0.518815	0.115672	29.206176	-0.112952	0.197767	28.286789	0.486269	0.047157	29.188967	-0.088065	0.284325	28.957455	1.361172	0.107032	28.913236	1.728745	0.149476	28.938783	1.353514	0.304238	28.786011	1.351599	-0.033758
267	4.433333	29.052351	0.922763	0.295272	28.981548	0.917020	-0.014148	28.866515	0.830870	0.175755	28.980186	0.327370	0.256788	28.976016	0.336943	0.171273	29.099598	0.359916	0.086387	29.107104	0.377146	0.170025	28.609552	0.524558	0.214857	28.615915	0.528387	0.151972	29.108043	-0.051690	0.171693	29.107624	-0.040203	0.233431	28.935656	0.302483	0.204957	29.160291	0.336943	0.135716	28.612683	0.629853	0.138415	29.071333	-0.155070	0.227486	28.383880	0.469039	0.051852	29.358329	-0.132097	0.241780	28.439254	0.543703	0.115155	29.261552	-0.151241	0.190781	28.489835	0.511157	0.044971	29.255710	-0.130182	0.281928	29.081451	1.355428	0.100987	29.039840	1.719173	0.144160	29.058712	1.349685	0.302676	28.915952	1.336284	-0.040951
268	4.450000	29.188654	0.915106	0.295483	29.117850	0.905533	-0.013936	29.002818	0.821298	0.175967	29.173950	0.323541	0.257627	29.165505	0.331199	0.172321	29.189597	0.333114	0.086285	29.201379	0.348429	0.169714	28.805924	0.534131	0.216426	28.812287	0.537960	0.153541	29.147359	-0.072749	0.186920	29.152884	-0.061262	0.247511	29.125875	0.300568	0.203397	29.249352	0.304397	0.133945	28.803840	0.639425	0.138523	29.108771	-0.170386	0.239375	28.586404	0.463296	0.056549	29.398793	-0.164642	0.227806	28.635835	0.539874	0.120999	29.295550	-0.178044	0.184838	28.685477	0.511157	0.049147	29.299928	-0.160814	0.274629	29.209933	1.347770	0.099008	29.164045	1.709601	0.142390	29.178642	1.345856	0.301115	29.051107	1.322883	-0.046684
269	4.466667	29.326625	0.907448	0.294757	29.251545	0.897876	-0.014455	29.139329	0.813640	0.180454	29.370113	0.329285	0.254920	29.359061	0.335028	0.168883	29.276989	0.312055	0.085452	29.293047	0.327370	0.168673	28.992284	0.524558	0.223626	28.998647	0.532216	0.160741	29.165087	-0.076578	0.198914	29.170613	-0.063177	0.259504	29.320161	0.306311	0.197353	29.331738	0.275680	0.135928	28.962146	0.629853	0.150520	29.122016	-0.160814	0.247302	28.775580	0.421178	0.068755	29.411411	-0.172300	0.222905	28.811453	0.505414	0.136438	29.306708	-0.181872	0.185151	28.860886	0.490098	0.060310	29.314632	-0.166557	0.277340	29.341959	1.342027	0.099428	29.285122	1.703858	0.146773	29.304724	1.342027	0.302682	29.185533	1.313310	-0.049809
270	4.483333	29.466264	0.899790	0.293091	29.383572	0.890218	-0.014035	29.276570	0.805982	0.182335	29.568675	0.342686	0.248667	29.551678	0.348429	0.163778	29.362713	0.298654	0.085559	29.386384	0.312055	0.166694	29.170092	0.495842	0.231243	29.174786	0.509243	0.169296	29.168633	-0.053605	0.201312	29.176766	-0.042118	0.262633	29.519453	0.317798	0.188493	29.409849	0.252707	0.138120	29.107834	0.595393	0.167418	29.117010	-0.132097	0.250117	28.964964	0.350344	0.085237	29.403590	-0.168471	0.220715	28.989887	0.440323	0.156882	29.296488	-0.174215	0.186506	29.033897	0.442237	0.075018	29.307749	-0.160814	0.276819	29.477532	1.334369	0.102247	29.402861	1.696200	0.153033	29.430807	1.334369	0.304249	29.325173	1.303738	-0.051475
271	4.500000	29.601837	0.897876	0.295910	29.525089	0.886389	-0.012363	29.414541	0.802153	0.181608	29.759415	0.367574	0.240225	29.740750	0.371403	0.156273	29.451043	0.292910	0.086395	29.477322	0.304397	0.168260	29.341539	0.447981	0.231455	29.342896	0.465211	0.171386	29.199815	-0.019144	0.190363	29.207948	-0.007658	0.251684	29.715408	0.333114	0.181510	29.489420	0.241220	0.135098	29.262804	0.534131	0.181291	29.129837	-0.093808	0.249492	29.182088	0.266108	0.108080	29.401713	-0.168471	0.217378	29.189699	0.354173	0.176284	29.295550	-0.170386	0.184838	29.224950	0.365659	0.090561	29.312755	-0.153156	0.274003	29.609975	1.334369	0.111219	29.523208	1.694285	0.160023	29.552822	1.330540	0.310300	29.470027	1.301824	-0.051680
272	4.516667	29.731673	0.901704	0.304152	29.681310	0.892132	-0.007979	29.555641	0.804068	0.174728	29.943481	0.403948	0.235536	29.928153	0.409692	0.149708	29.540104	0.304397	0.084624	29.562107	0.312055	0.166698	29.519869	0.379060	0.232189	29.516950	0.392462	0.172329	29.267184	0.007658	0.165648	29.278654	0.013401	0.225092	29.911779	0.359916	0.183079	29.574518	0.252707	0.122377	29.438005	0.434579	0.188178	29.181668	-0.040203	0.240107	29.448018	0.158899	0.147402	29.421528	-0.202931	0.201839	29.425073	0.239306	0.204238	29.315052	-0.170386	0.180458	29.452503	0.252707	0.116325	29.343207	-0.145498	0.265661	29.739499	1.342027	0.130619	29.650959	1.698114	0.160651	29.662218	1.332455	0.321253	29.621972	1.307567	-0.047088
273	4.533333	29.854836	0.907448	0.316147	29.845353	0.903619	-0.001405	29.700808	0.809811	0.163364	30.117535	0.446066	0.236478	30.109090	0.455638	0.151172	29.633754	0.327370	0.071486	29.648143	0.335028	0.155646	29.729485	0.294825	0.241684	29.723959	0.302483	0.181093	29.351970	0.032546	0.128942	29.364379	0.030631	0.190054	30.105752	0.400119	0.188194	29.662015	0.273766	0.106110	29.633855	0.304397	0.196630	29.262073	0.026802	0.219043	29.740019	0.044032	0.194025	29.421528	-0.216332	0.201839	29.687457	0.122525	0.241162	29.334970	-0.151241	0.184630	29.707065	0.130182	0.151058	29.379812	-0.122525	0.260448	29.864955	1.355428	0.154503	29.777771	1.707686	0.159612	29.765670	1.336284	0.333353	29.776733	1.322883	-0.037490
274	4.550000	29.977789	0.913191	0.323867	30.000844	0.913191	0.005585	29.840969	0.813640	0.154816	30.272088	0.474783	0.241801	30.266250	0.488184	0.157224	29.747114	0.348429	0.058244	29.752952	0.354173	0.142821	29.955474	0.214418	0.252952	29.949009	0.216332	0.190693	29.435713	0.072749	0.106000	29.448121	0.067006	0.167113	30.280953	0.428836	0.195080	29.763486	0.289081	0.095162	29.845870	0.183787	0.202579	29.353637	0.107209	0.198292	30.027641	-0.038289	0.221146	29.422570	-0.168471	0.223218	29.955891	0.034460	0.261504	29.362919	-0.088065	0.195268	29.970284	0.040203	0.169940	29.421109	-0.063177	0.263577	29.994479	1.365001	0.173904	29.909068	1.713430	0.162639	29.874858	1.340113	0.340029	29.929825	1.334369	-0.026954
275	4.566667	30.102203	0.917020	0.326373	30.139962	0.917020	0.010803	29.972788	0.819383	0.150960	30.399317	0.480526	0.249312	30.395148	0.492013	0.163797	29.883208	0.352258	0.054180	29.885708	0.358002	0.140634	30.178230	0.134011	0.250663	30.171765	0.135926	0.188404	29.519559	0.143584	0.102769	29.527692	0.139755	0.164090	30.428623	0.436494	0.199881	29.886231	0.290996	0.098606	30.079576	0.086150	0.196327	29.464911	0.218247	0.177437	30.315263	-0.072749	0.213123	29.445200	-0.063177	0.247830	30.230686	-0.022973	0.254105	29.418190	0.030631	0.203717	30.242472	-0.015316	0.161812	29.481387	0.047861	0.269210	30.129529	1.366915	0.183605	30.040573	1.717259	0.169942	29.999272	1.342027	0.342535	30.079372	1.342027	-0.018816
276	4.583333	30.224010	0.920849	0.328149	30.268652	0.917020	0.013100	30.097931	0.821298	0.150859	30.506837	0.469039	0.256927	30.502667	0.476697	0.171412	30.032546	0.344600	0.058042	30.034108	0.352258	0.142827	30.397545	0.068920	0.230540	30.389412	0.072749	0.169220	29.629060	0.241220	0.098288	29.632917	0.243135	0.159817	30.551368	0.430751	0.203325	30.020343	0.289081	0.106639	30.323085	0.000000	0.180168	29.592559	0.340772	0.158356	30.593292	-0.078492	0.184137	29.496091	0.091893	0.271922	30.500371	-0.061262	0.229813	29.496301	0.178044	0.205908	30.506214	-0.049776	0.138667	29.559497	0.185701	0.271402	30.271255	1.365001	0.189553	30.172287	1.721088	0.181521	30.128692	1.343942	0.342225	30.227042	1.345856	-0.014015
277	4.600000	30.348424	0.920849	0.330654	30.398280	0.917020	0.017066	30.224744	0.825127	0.149819	30.608203	0.446066	0.261414	30.603095	0.453724	0.174230	30.188559	0.336943	0.058150	30.188452	0.346515	0.143874	30.585991	0.032546	0.210209	30.577858	0.038289	0.148888	29.772350	0.335028	0.083586	29.774539	0.340772	0.146054	30.658679	0.419264	0.206665	30.162799	0.289081	0.109980	30.530303	-0.063177	0.158064	29.743670	0.444152	0.145845	30.819281	-0.086150	0.160261	29.590783	0.235477	0.280163	30.717809	-0.089979	0.206353	29.610808	0.310140	0.198611	30.719376	-0.070835	0.115415	29.673274	0.308226	0.266711	30.409643	1.363086	0.197378	30.309945	1.721088	0.191952	30.259988	1.342027	0.345253	30.370436	1.347770	-0.009006
278	4.616667	30.476175	0.918934	0.331283	30.530306	0.918934	0.017486	30.353225	0.825127	0.147840	30.695387	0.413520	0.256306	30.692886	0.423093	0.169852	30.346031	0.331199	0.053044	30.344256	0.338857	0.139706	30.729073	0.003829	0.191232	30.725215	0.011487	0.129703	29.937436	0.415435	0.076394	29.939625	0.419264	0.138862	30.750138	0.398205	0.201348	30.311720	0.290996	0.105290	30.681728	-0.105295	0.134395	29.927006	0.522644	0.143763	30.973938	-0.107209	0.150149	29.729276	0.344600	0.272553	30.868712	-0.116781	0.189567	29.769011	0.415435	0.190897	30.872886	-0.093808	0.099359	29.828140	0.402034	0.260875	30.545424	1.359257	0.204472	30.453547	1.721088	0.201237	30.395769	1.338198	0.352347	30.507885	1.351599	-0.002850
279	4.633333	30.602987	0.917020	0.330243	30.662333	0.918934	0.017906	30.483375	0.825127	0.144923	30.771203	0.379060	0.246609	30.771309	0.390547	0.160886	30.507780	0.327370	0.047729	30.505067	0.333114	0.132722	30.833673	-0.028717	0.174131	30.831484	-0.021059	0.111664	30.120980	0.482441	0.078589	30.125776	0.484355	0.141786	30.829501	0.365659	0.194050	30.467316	0.292910	0.096847	30.792585	-0.134011	0.104988	30.128800	0.585821	0.151068	31.081562	-0.130182	0.142330	29.902496	0.434579	0.256392	30.974251	-0.147412	0.174135	29.955475	0.503499	0.182663	30.986246	-0.118696	0.086117	30.006991	0.476697	0.254726	30.680475	1.355428	0.214174	30.603094	1.719173	0.209375	30.532489	1.330540	0.361110	30.640329	1.353514	0.006121
280	4.650000	30.732407	0.913191	0.329933	30.792691	0.917020	0.019265	30.612794	0.821298	0.144613	30.842744	0.348429	0.237121	30.847126	0.363745	0.151189	30.681417	0.319713	0.040120	30.677035	0.325456	0.126052	30.903858	-0.059348	0.154423	30.902608	-0.049776	0.093624	30.316622	0.528387	0.082765	30.320479	0.528387	0.144294	30.905526	0.333114	0.188629	30.635009	0.294825	0.090385	30.866108	-0.153156	0.083403	30.327049	0.631767	0.155974	31.151643	-0.149327	0.138056	30.085936	0.493927	0.238876	31.044853	-0.168471	0.162978	30.146216	0.560933	0.174220	31.060394	-0.139755	0.077359	30.191787	0.528387	0.247430	30.813648	1.351599	0.220538	30.744089	1.715344	0.217930	30.669208	1.320968	0.369874	30.770896	1.353514	0.011756
281	4.666667	30.861096	0.903619	0.332230	30.925657	0.911277	0.021354	30.742214	0.817469	0.144303	30.920438	0.327370	0.230761	30.927427	0.342686	0.145559	30.869550	0.315884	0.030947	30.862561	0.317798	0.116149	30.925133	-0.084236	0.133670	30.927220	-0.072749	0.070994	30.519668	0.555190	0.080579	30.526132	0.553275	0.142838	30.982281	0.302483	0.180601	30.819804	0.296739	0.083089	30.892075	-0.170386	0.070993	30.521335	0.662399	0.149930	31.175629	-0.160814	0.137743	30.275738	0.520730	0.228765	31.066962	-0.176129	0.159328	30.340293	0.589650	0.163900	31.085840	-0.155070	0.071832	30.382527	0.559018	0.238987	30.945154	1.345856	0.227842	30.869650	1.709601	0.226380	30.802382	1.309482	0.376238	30.895518	1.351599	0.018537
282	4.683333	30.990724	0.894047	0.336196	31.057892	0.901704	0.026050	30.872572	0.809811	0.145662	31.000738	0.308226	0.225131	31.012942	0.325456	0.141390	31.065505	0.317798	0.023964	31.058516	0.317798	0.109166	30.912932	-0.088065	0.111978	30.915957	-0.074663	0.050971	30.724382	0.564762	0.077455	30.730847	0.564762	0.139715	31.054760	0.273766	0.172781	31.015759	0.298654	0.076106	30.879770	-0.176129	0.064736	30.712075	0.675800	0.141487	31.163010	-0.166557	0.142644	30.474091	0.516901	0.218236	31.051527	-0.172300	0.159223	30.537708	0.587735	0.151703	31.073743	-0.164642	0.069850	30.580151	0.564762	0.231066	31.072175	1.338198	0.231077	30.988328	1.701943	0.234308	30.936494	1.297995	0.384271	31.013987	1.347770	0.022190
283	4.700000	31.123690	0.888303	0.338285	31.188250	0.895961	0.027408	31.003869	0.805982	0.148689	31.078641	0.298654	0.223047	31.095120	0.313969	0.139097	31.260938	0.331199	0.023864	31.252280	0.329285	0.110005	30.913453	-0.068920	0.105096	30.920755	-0.055519	0.043879	30.904903	0.557104	0.070368	30.911367	0.557104	0.132627	31.126718	0.256536	0.171844	31.210254	0.306311	0.074338	30.871948	-0.166557	0.062546	30.883835	0.662399	0.130541	31.151121	-0.168471	0.144938	30.676720	0.472868	0.207500	31.039639	-0.170386	0.161517	30.726571	0.547532	0.139923	31.067068	-0.172300	0.073604	30.768284	0.536045	0.221893	31.202533	1.334369	0.232436	31.109405	1.696200	0.238691	31.073005	1.292252	0.388759	31.134125	1.343942	0.024904
284	4.716667	31.259992	0.886389	0.338497	31.316731	0.894047	0.025430	31.135165	0.804068	0.151717	31.151745	0.296739	0.228055	31.170832	0.310140	0.144835	31.455328	0.356087	0.037530	31.445732	0.356087	0.122002	30.940672	-0.044032	0.118341	30.950580	-0.032546	0.057855	31.062167	0.520730	0.060986	31.066024	0.524558	0.122515	31.194817	0.252707	0.179667	31.406312	0.327370	0.087065	30.881438	-0.134011	0.063797	31.018782	0.610709	0.120532	31.154146	-0.181872	0.154220	30.877889	0.377146	0.201977	31.039847	-0.179958	0.165793	30.899270	0.457553	0.130645	31.069884	-0.178044	0.078610	30.939314	0.459467	0.213554	31.332474	1.334369	0.225243	31.237156	1.694285	0.239320	31.211915	1.294166	0.389700	31.251448	1.343942	0.022613
285	4.733333	31.399632	0.888303	0.336831	31.442605	0.895961	0.022721	31.267401	0.804068	0.156413	31.227666	0.306311	0.238068	31.247691	0.315884	0.156516	31.645650	0.394376	0.055680	31.636054	0.396290	0.140152	30.980404	-0.013401	0.142119	30.990313	-0.005743	0.081633	31.225584	0.451809	0.054732	31.225166	0.463296	0.116470	31.264793	0.256536	0.190827	31.604456	0.358002	0.107406	30.900627	-0.076578	0.070576	31.142571	0.518815	0.110211	31.152685	-0.187616	0.159434	31.085941	0.246964	0.196976	31.035571	-0.179958	0.166002	31.081459	0.333114	0.122619	31.069884	-0.172300	0.078610	31.113890	0.352258	0.207614	31.463145	1.336284	0.215443	31.368244	1.694285	0.238071	31.353223	1.299909	0.387096	31.370439	1.342027	0.019382
286	4.750000	31.541879	0.890218	0.335896	31.567541	0.897876	0.018344	31.402243	0.804068	0.161839	31.319751	0.321627	0.245579	31.338837	0.327370	0.162359	31.818453	0.434579	0.066113	31.808857	0.436494	0.150585	31.037240	0.024888	0.165063	31.046210	0.030631	0.102909	31.406730	0.365659	0.060472	31.401097	0.377146	0.120750	31.349265	0.262279	0.200423	31.796239	0.388633	0.120341	30.944948	-0.003829	0.082987	31.298166	0.409692	0.101767	31.147993	-0.166557	0.151091	31.329659	0.134011	0.185093	31.041307	-0.155070	0.160579	31.306405	0.214418	0.112509	31.082711	-0.143584	0.077985	31.326009	0.243135	0.198129	31.595485	1.340113	0.204705	31.500062	1.698114	0.234216	31.497139	1.307567	0.385223	31.486823	1.343942	0.015422
287	4.766667	31.690800	0.894047	0.331207	31.689869	0.905533	0.013237	31.536355	0.809811	0.169872	31.438950	0.333114	0.246624	31.452822	0.342686	0.161944	31.977594	0.474783	0.060068	31.968937	0.472868	0.146208	31.118792	0.072749	0.185088	31.125155	0.076578	0.122203	31.610923	0.271851	0.064231	31.606228	0.279509	0.126177	31.458974	0.271851	0.200217	31.975090	0.419264	0.114193	31.021286	0.076578	0.101552	31.495477	0.268023	0.105005	31.160820	-0.172300	0.150466	31.634489	0.019144	0.160801	31.067900	-0.103380	0.160997	31.580783	0.091893	0.096559	31.111911	-0.093808	0.079133	31.586830	0.116781	0.185412	31.727825	1.347770	0.193966	31.633758	1.703858	0.233697	31.649606	1.313310	0.382932	31.600078	1.347770	0.017615
288	4.783333	31.843059	0.899790	0.324640	31.809590	0.913191	0.007399	31.673805	0.815554	0.176028	31.576921	0.342686	0.245898	31.581303	0.354173	0.159965	32.125369	0.507328	0.049434	32.116711	0.503499	0.135575	31.220992	0.126353	0.206678	31.223079	0.132097	0.144001	31.852242	0.189530	0.055894	31.849216	0.191445	0.116901	31.582971	0.285253	0.194172	32.144035	0.453724	0.098241	31.127032	0.168471	0.125541	31.751083	0.135926	0.090827	31.161655	-0.122525	0.132424	31.981035	-0.040203	0.113046	31.113474	-0.022973	0.163918	31.900422	0.013401	0.059545	31.161030	-0.019144	0.084452	31.898856	0.024888	0.150483	31.857558	1.355428	0.182498	31.771520	1.709601	0.228695	31.807079	1.320968	0.377825	31.713333	1.351599	0.019807
289	4.800000	31.986766	0.905533	0.318490	31.931188	0.920849	0.004899	31.807917	0.821298	0.184061	31.718438	0.348429	0.247569	31.716876	0.361830	0.162784	32.254580	0.520730	0.044848	32.245922	0.516901	0.130989	31.334351	0.187616	0.228580	31.332162	0.195274	0.166113	32.089286	0.137840	0.047765	32.087198	0.135926	0.110441	31.713329	0.294825	0.195530	32.289410	0.474783	0.091152	31.258432	0.260365	0.148278	32.013573	0.051690	0.077172	31.193567	-0.021059	0.118868	32.288472	-0.038289	0.089484	31.188247	0.080407	0.167987	32.194302	-0.009572	0.039216	31.238411	0.076578	0.089251	32.191067	-0.009572	0.131092	31.990836	1.363086	0.173428	31.910013	1.715344	0.221085	31.960067	1.326712	0.368652	31.835140	1.355428	0.021583
290	4.816667	32.116185	0.913191	0.318180	32.052995	0.926592	0.006675	31.931601	0.828955	0.189174	31.862040	0.350344	0.256854	31.860478	0.363745	0.172069	32.355425	0.499671	0.056218	32.351043	0.501585	0.142150	31.454176	0.269937	0.242453	31.452926	0.277595	0.181654	32.282424	0.091893	0.070921	32.277729	0.093808	0.132867	31.845773	0.298654	0.204502	32.399954	0.467125	0.108049	31.412463	0.361830	0.160483	32.214011	-0.011487	0.109401	31.271990	0.114867	0.109901	32.500902	-0.049776	0.139129	31.295349	0.206760	0.167050	32.405586	-0.036374	0.082917	31.346451	0.193359	0.089984	32.395468	-0.030631	0.174271	32.133396	1.363086	0.161334	32.058517	1.723002	0.207844	32.111179	1.334369	0.356141	31.969357	1.359257	0.014182
291	4.833333	32.237992	0.922763	0.319956	32.174801	0.930421	0.008451	32.054346	0.838528	0.192618	32.011796	0.350344	0.269268	32.011902	0.359916	0.183544	32.436246	0.461382	0.078850	32.433533	0.470954	0.163844	31.595171	0.361830	0.251008	31.597258	0.369488	0.188332	32.438122	0.049776	0.117332	32.428214	0.053605	0.177818	31.985308	0.304397	0.218271	32.487867	0.440323	0.135479	31.583389	0.465211	0.167578	32.382015	-0.051690	0.162069	31.391711	0.258450	0.104064	32.664944	-0.045947	0.215992	31.431443	0.342686	0.162986	32.577031	-0.057433	0.153418	31.482754	0.317798	0.090196	32.559092	-0.040203	0.242583	32.278563	1.361172	0.149970	32.210150	1.728745	0.188450	32.259683	1.340113	0.342900	32.109518	1.359257	0.005633
292	4.850000	32.364074	0.928507	0.321523	32.302552	0.930421	0.009079	32.181367	0.842357	0.195854	32.170102	0.346515	0.281264	32.174484	0.354173	0.195332	32.516129	0.426922	0.099813	32.516023	0.442237	0.185537	31.766827	0.438408	0.255496	31.768914	0.444152	0.192820	32.562744	0.017230	0.159258	32.551167	0.022973	0.220682	32.136732	0.306311	0.229746	32.574633	0.411606	0.156964	31.766203	0.541788	0.172380	32.518734	-0.086150	0.205977	31.543970	0.373317	0.097497	32.799680	-0.051690	0.271997	31.595799	0.451809	0.158402	32.713228	-0.078492	0.204209	31.643772	0.417349	0.087488	32.690075	-0.055519	0.291913	32.417786	1.359257	0.139753	32.353441	1.730660	0.173749	32.398906	1.343942	0.332683	32.248741	1.357343	-0.004583
293	4.866667	32.497770	0.926592	0.321005	32.437186	0.924678	0.010229	32.313394	0.838528	0.196274	32.343635	0.336943	0.289090	32.345410	0.344600	0.202428	32.608423	0.394376	0.111600	32.609985	0.411606	0.196385	31.957045	0.490098	0.253936	31.961740	0.493927	0.191990	32.661607	-0.013401	0.182725	32.652637	-0.005743	0.244879	32.305050	0.304397	0.236111	32.669325	0.380975	0.165205	31.967580	0.591564	0.171133	32.622081	-0.122525	0.233511	31.724490	0.444152	0.090410	32.905531	-0.086150	0.280551	31.787478	0.518815	0.151627	32.815950	-0.111038	0.218916	31.834721	0.478612	0.083321	32.799680	-0.088065	0.307142	32.547727	1.357343	0.132560	32.487449	1.726831	0.162072	32.523841	1.347770	0.328305	32.382749	1.345856	-0.016261
294	4.883333	32.634072	0.920849	0.321216	32.576826	0.915106	0.008564	32.451365	0.830870	0.195547	32.528118	0.325456	0.292952	32.527285	0.333114	0.205560	32.701237	0.361830	0.116504	32.704468	0.379060	0.200350	32.161552	0.526473	0.246537	32.166246	0.526473	0.184590	32.732730	-0.045947	0.199829	32.729704	-0.036374	0.260837	32.485257	0.298654	0.240182	32.761931	0.346515	0.165832	32.178031	0.624110	0.162586	32.694143	-0.155070	0.252284	31.930873	0.484355	0.086347	32.982078	-0.130182	0.268247	31.995530	0.557104	0.146626	32.886031	-0.149327	0.214641	32.041104	0.514986	0.079258	32.878520	-0.130182	0.306726	32.670786	1.353514	0.124846	32.613114	1.719173	0.155088	32.637618	1.349685	0.323615	32.516028	1.330540	-0.025330
295	4.900000	32.770375	0.915106	0.321428	32.714797	0.905533	0.007837	32.589336	0.821298	0.194820	32.717606	0.319713	0.294000	32.715106	0.325456	0.207546	32.793844	0.336943	0.117131	32.799682	0.354173	0.201708	32.361990	0.541788	0.243621	32.368353	0.541788	0.180736	32.782266	-0.072749	0.213700	32.783516	-0.061262	0.274500	32.670470	0.296739	0.241438	32.852869	0.312055	0.167399	32.373255	0.641340	0.158211	32.742740	-0.170386	0.264487	32.134128	0.493927	0.088438	33.032031	-0.162728	0.255525	32.192631	0.566676	0.145588	32.930457	-0.176129	0.211618	32.238206	0.526473	0.078220	32.931498	-0.158899	0.303286	32.798328	1.349685	0.121199	32.738050	1.711515	0.150710	32.754940	1.347770	0.321324	32.650245	1.317139	-0.032732
296	4.916667	32.907407	0.905533	0.319033	32.848493	0.895961	0.007319	32.725639	0.811725	0.195032	32.913039	0.317798	0.293900	32.906263	0.323541	0.207655	32.886450	0.315884	0.117759	32.896564	0.333114	0.202127	32.551479	0.537960	0.244668	32.558781	0.543703	0.183452	32.798326	-0.082321	0.226632	32.801244	-0.068920	0.286493	32.863087	0.298654	0.236332	32.940470	0.281424	0.170842	32.540635	0.643254	0.162907	32.755984	-0.162728	0.272413	32.319549	0.465211	0.093969	33.045589	-0.170386	0.252292	32.371378	0.547532	0.154873	32.940886	-0.179958	0.214538	32.418413	0.514986	0.082291	32.947871	-0.164642	0.305059	32.930146	1.340113	0.117343	32.859857	1.703858	0.152486	32.881753	1.342027	0.320284	32.787069	1.305653	-0.039403
297	4.933333	33.046109	0.897876	0.315699	32.979581	0.884474	0.006070	32.860273	0.804068	0.196182	33.112540	0.325456	0.289316	33.099819	0.329285	0.204218	32.978118	0.298654	0.116718	32.995845	0.315884	0.199001	32.732416	0.516901	0.246132	32.742325	0.526473	0.185646	32.795927	-0.061262	0.230178	32.798846	-0.047861	0.290039	33.062379	0.302483	0.227473	33.024525	0.254621	0.171887	32.692789	0.624110	0.171775	32.745764	-0.137840	0.273769	32.503510	0.405863	0.104715	33.034430	-0.168471	0.251979	32.546058	0.495842	0.168643	32.928059	-0.174215	0.215164	32.591946	0.478612	0.090117	32.937651	-0.158899	0.306415	33.064780	1.332455	0.118493	32.976657	1.694285	0.157077	33.011173	1.334369	0.319974	32.924101	1.296080	-0.041798
298	4.950000	33.180743	0.892132	0.316849	33.119221	0.880645	0.004405	32.998244	0.798324	0.195455	33.304949	0.344600	0.279934	33.292228	0.346515	0.194836	33.071455	0.289081	0.114739	33.090850	0.304397	0.196083	32.902925	0.476697	0.244676	32.910226	0.490098	0.183460	32.821895	-0.024888	0.217769	32.827421	-0.011487	0.278359	33.260941	0.313969	0.221220	33.107432	0.241220	0.166987	32.847550	0.574334	0.181373	32.754316	-0.101466	0.273352	32.711875	0.325456	0.123700	33.030884	-0.166557	0.249581	32.735442	0.415435	0.185125	32.925451	-0.170386	0.214434	32.776846	0.411606	0.102531	32.938381	-0.153156	0.303808	33.199623	1.328626	0.123919	33.097734	1.690456	0.161460	33.133918	1.330540	0.323418	33.066348	1.292252	-0.042734
299	4.966667	33.312248	0.897876	0.324152	33.274503	0.888303	0.007120	33.141742	0.800239	0.185030	33.497358	0.379060	0.270553	33.487244	0.384804	0.186185	33.162706	0.296739	0.105147	33.179703	0.308226	0.190036	33.073433	0.415435	0.243220	33.076459	0.426922	0.182213	32.889994	0.001914	0.190447	32.896459	0.009572	0.252706	33.461380	0.340772	0.218305	33.194929	0.248878	0.150721	33.009924	0.486269	0.188885	32.803539	-0.049776	0.263237	32.958094	0.210589	0.163125	33.054245	-0.197188	0.236441	32.952044	0.300568	0.214851	32.945892	-0.172300	0.211723	32.984688	0.302483	0.128399	32.969771	-0.145498	0.297134	33.328208	1.338198	0.141651	33.221209	1.694285	0.162297	33.241437	1.332455	0.331033	33.216625	1.301824	-0.037203
300	4.983333	33.436870	0.905533	0.330933	33.438546	0.901704	0.013694	33.286909	0.805982	0.173666	33.682362	0.425007	0.267533	33.678192	0.432665	0.182018	33.257085	0.315884	0.089402	33.267199	0.325456	0.173770	33.274498	0.333114	0.253132	33.272309	0.340772	0.190664	32.971443	0.024888	0.155617	32.982183	0.026802	0.217668	33.664634	0.380975	0.220395	33.283886	0.264194	0.129240	33.185334	0.363745	0.200048	32.880607	0.017230	0.244050	33.228717	0.082321	0.210791	33.062796	-0.210589	0.236024	33.192111	0.176129	0.251149	32.966749	-0.156985	0.217563	33.216933	0.176129	0.162506	33.007315	-0.120610	0.293589	33.451057	1.353514	0.164805	33.348022	1.703858	0.161257	33.343950	1.338198	0.341464	33.371386	1.317139	-0.027605
301	5.000000	33.563161	0.913191	0.336776	33.591430	0.911277	0.019954	33.431347	0.811725	0.164909	33.846196	0.459467	0.269831	33.843695	0.470954	0.183377	33.367838	0.335028	0.075430	33.372008	0.342686	0.160945	33.491935	0.248878	0.264817	33.489746	0.252707	0.202349	33.054247	0.061262	0.131007	33.064987	0.059348	0.193058	33.849847	0.411606	0.221651	33.384419	0.277595	0.116623	33.380454	0.243135	0.211107	32.968626	0.093808	0.220900	33.509664	-0.015316	0.241666	33.068844	-0.168471	0.254587	33.453140	0.074663	0.277852	32.995636	-0.099551	0.229870	33.471809	0.072749	0.186080	33.050281	-0.067006	0.295780	33.577973	1.363086	0.183475	33.476711	1.711515	0.163554	33.453868	1.340113	0.345534	33.521871	1.330540	-0.017799
302	5.016667	33.687575	0.915106	0.339282	33.732217	0.913191	0.024233	33.564103	0.813640	0.162722	33.986044	0.474783	0.272441	33.982813	0.484355	0.188595	33.496528	0.340772	0.077727	33.496421	0.350344	0.163451	33.715629	0.162728	0.264196	33.711772	0.166557	0.202667	33.137885	0.124439	0.123501	33.142681	0.124439	0.186698	34.009406	0.425007	0.224157	33.501428	0.279509	0.125490	33.611240	0.132097	0.215284	33.070202	0.193359	0.194518	33.812199	-0.059348	0.240630	33.083444	-0.086150	0.272733	33.742118	0.001914	0.280049	33.041939	0.003829	0.230184	33.753904	0.001914	0.187755	33.104197	0.028717	0.294008	33.712085	1.365001	0.191509	33.604671	1.715344	0.168459	33.575675	1.342027	0.347310	33.670480	1.336284	-0.011330
303	5.033333	33.814596	0.917020	0.342518	33.866120	0.911277	0.027991	33.691854	0.815554	0.163351	34.109728	0.472868	0.277554	34.103890	0.480526	0.192978	33.638461	0.336943	0.087950	33.634079	0.348429	0.173882	33.943913	0.091893	0.252209	33.938387	0.095722	0.191618	33.239356	0.208675	0.112553	33.238938	0.212504	0.174291	34.146647	0.428836	0.226037	33.626467	0.281424	0.140823	33.862988	0.030631	0.209866	33.185543	0.300568	0.169179	34.120784	-0.074663	0.223012	33.118484	0.044032	0.288169	34.032869	-0.045947	0.265872	33.108266	0.128268	0.219235	34.038711	-0.044032	0.174726	33.169063	0.147412	0.288274	33.852872	1.363086	0.195788	33.737845	1.715344	0.174823	33.706763	1.342027	0.346061	33.816272	1.336284	-0.009866
304	5.050000	33.940678	0.917020	0.344085	33.997417	0.909362	0.031018	33.821274	0.815554	0.163041	34.220376	0.457553	0.279017	34.213599	0.463296	0.192771	33.788008	0.329285	0.096088	33.781019	0.342686	0.181290	34.147064	0.047861	0.234589	34.138931	0.053605	0.173268	33.372218	0.289081	0.094931	33.369192	0.300568	0.155939	34.264908	0.425007	0.225414	33.763187	0.283338	0.149587	34.082720	-0.044032	0.198296	33.326956	0.394376	0.151141	34.370029	-0.088065	0.201431	33.198263	0.174215	0.289422	34.270226	-0.076578	0.246585	33.210467	0.246964	0.205680	34.270854	-0.072749	0.153978	33.269596	0.256536	0.275658	33.991990	1.359257	0.201005	33.873625	1.713430	0.181918	33.840459	1.340113	0.345543	33.959666	1.338198	-0.004857
305	5.066667	34.067491	0.915106	0.343045	34.129444	0.909362	0.031438	33.951424	0.815554	0.160124	34.312566	0.425007	0.271093	34.308396	0.432665	0.185578	33.942874	0.323541	0.090252	33.935885	0.336943	0.175454	34.305371	0.013401	0.211441	34.298177	0.019144	0.151789	33.527605	0.367574	0.082212	33.525518	0.377146	0.144888	34.362103	0.403948	0.214675	33.908562	0.281424	0.142498	34.246972	-0.095722	0.174001	33.504139	0.476697	0.145931	34.541894	-0.112952	0.175050	33.327996	0.283338	0.277953	34.436146	-0.109123	0.221351	33.358971	0.354173	0.192439	34.436774	-0.101466	0.128745	33.415701	0.350344	0.265962	34.130378	1.355428	0.208830	34.018896	1.713430	0.190264	33.972694	1.336284	0.350239	34.101391	1.338198	0.001090
306	5.083333	34.194303	0.911277	0.342005	34.261471	0.909362	0.031858	34.080635	0.815554	0.155538	34.386297	0.384804	0.253783	34.386403	0.398205	0.168059	34.105144	0.317798	0.078054	34.098155	0.327370	0.163256	34.423320	-0.024888	0.186832	34.417794	-0.017230	0.126241	33.704996	0.438408	0.081278	33.705516	0.444152	0.144684	34.443655	0.369488	0.199555	34.064680	0.281424	0.127172	34.370656	-0.132097	0.143969	33.704056	0.547532	0.149898	34.663180	-0.141669	0.148564	33.493395	0.379060	0.259603	34.559101	-0.143584	0.193926	33.538553	0.449895	0.183683	34.561397	-0.132097	0.100382	33.591007	0.430751	0.257415	34.267098	1.349685	0.217593	34.168443	1.711515	0.198402	34.108475	1.328626	0.357333	34.242387	1.338198	0.009645
307	5.100000	34.321115	0.905533	0.340965	34.392559	0.907448	0.030610	34.208177	0.813640	0.151891	34.457629	0.352258	0.240019	34.462011	0.367574	0.154087	34.278573	0.310140	0.066169	34.272522	0.319713	0.153040	34.502787	-0.059348	0.164099	34.498929	-0.049776	0.102570	33.898761	0.490098	0.082116	33.899281	0.493927	0.145522	34.519263	0.335028	0.185583	34.232164	0.283338	0.116434	34.454190	-0.155070	0.116752	33.901366	0.599222	0.153135	34.745462	-0.162728	0.130837	33.670891	0.447981	0.243234	34.641175	-0.168471	0.171924	33.726686	0.514986	0.174510	34.645348	-0.156985	0.081716	33.773196	0.488184	0.249389	34.402879	1.343942	0.224687	34.312046	1.707686	0.207687	34.245924	1.319054	0.363489	34.376499	1.338198	0.017678
308	5.116667	34.450535	0.897876	0.340655	34.519371	0.901704	0.029570	34.336659	0.807897	0.149912	34.535114	0.327370	0.229383	34.540435	0.344600	0.145120	34.462430	0.304397	0.057205	34.453772	0.312055	0.143345	34.530006	-0.084236	0.142200	34.526149	-0.072749	0.080671	34.100138	0.524558	0.080869	34.102327	0.526473	0.143337	34.595080	0.304397	0.175886	34.413414	0.285253	0.106740	34.485164	-0.172300	0.101527	34.095652	0.633682	0.147091	34.773724	-0.172300	0.130317	33.858086	0.482441	0.232392	34.669228	-0.178044	0.167127	33.919095	0.551361	0.165129	34.676739	-0.172300	0.075042	33.963936	0.526473	0.240946	34.535114	1.338198	0.229383	34.444489	1.701943	0.216658	34.382644	1.307567	0.372252	34.501851	1.338198	0.021852
309	5.133333	34.579016	0.888303	0.338677	34.646184	0.894047	0.028530	34.461802	0.802153	0.149811	34.611869	0.306311	0.221355	34.619797	0.323541	0.137822	34.654109	0.308226	0.050430	34.647120	0.312055	0.135632	34.517805	-0.089979	0.120508	34.514886	-0.076578	0.060647	34.302246	0.541788	0.077015	34.307041	0.543703	0.140213	34.663284	0.273766	0.168274	34.605093	0.287167	0.099965	34.475257	-0.178044	0.091724	34.286393	0.652826	0.138648	34.762252	-0.176129	0.141162	34.056439	0.488184	0.221864	34.654732	-0.174215	0.168691	34.116510	0.559018	0.152932	34.669126	-0.179958	0.077128	34.161560	0.539874	0.233025	34.664012	1.328626	0.235956	34.568382	1.694285	0.226047	34.520302	1.294166	0.382684	34.620321	1.336284	0.025505
310	5.150000	34.711043	0.882560	0.339097	34.774665	0.888303	0.026551	34.590492	0.796410	0.152108	34.688103	0.292910	0.220210	34.697699	0.310140	0.135738	34.847665	0.319713	0.046993	34.839007	0.321627	0.133134	34.518327	-0.074663	0.113625	34.518745	-0.059348	0.051887	34.486312	0.537960	0.072327	34.488500	0.541788	0.134794	34.731696	0.252707	0.164939	34.797919	0.296739	0.099135	34.467957	-0.168471	0.082651	34.461699	0.647083	0.130101	34.749842	-0.176129	0.150339	34.260945	0.453724	0.214464	34.641175	-0.172300	0.171924	34.307250	0.528387	0.144489	34.661721	-0.183787	0.083489	34.350631	0.516901	0.225521	34.795100	1.322883	0.234708	34.693004	1.688542	0.232828	34.659420	1.284594	0.387902	34.737852	1.334369	0.027489
311	5.166667	34.844738	0.878731	0.338578	34.904085	0.884474	0.026242	34.722519	0.792581	0.152528	34.759539	0.287167	0.226156	34.776018	0.302483	0.142205	35.041846	0.344600	0.056384	35.032250	0.346515	0.140855	34.540122	-0.049776	0.121134	34.544817	-0.036374	0.059188	34.648790	0.505414	0.064405	34.650979	0.513072	0.126872	34.799795	0.243135	0.172762	34.993769	0.317798	0.107587	34.476300	-0.135926	0.077958	34.602798	0.599222	0.123221	34.755265	-0.181872	0.156075	34.459715	0.365659	0.212487	34.640445	-0.176129	0.174531	34.481826	0.446066	0.138549	34.665267	-0.183787	0.085888	34.524477	0.449895	0.222187	34.928587	1.320968	0.229914	34.822423	1.684713	0.232519	34.800937	1.282679	0.389574	34.859450	1.332455	0.024989
312	5.183333	34.982709	0.876817	0.337852	35.034234	0.882560	0.023325	34.855484	0.790666	0.154617	34.833791	0.290996	0.237107	34.852877	0.302483	0.153887	35.235298	0.380975	0.068381	35.222364	0.382889	0.154730	34.573494	-0.017230	0.137508	34.580795	-0.007658	0.076292	34.815023	0.444152	0.063157	34.814604	0.455638	0.124895	34.868102	0.241220	0.184861	35.193373	0.346515	0.122713	34.493403	-0.082321	0.077124	34.731071	0.514986	0.116967	34.752866	-0.183787	0.159621	34.669853	0.245049	0.215099	34.636899	-0.174215	0.172132	34.666100	0.331199	0.138136	34.664328	-0.174215	0.084219	34.701868	0.352258	0.221253	35.061866	1.320968	0.220844	34.953512	1.682799	0.231270	34.942245	1.284594	0.386970	34.981778	1.330540	0.019882
313	5.200000	35.124956	0.878731	0.336916	35.161777	0.882560	0.019677	34.989388	0.792581	0.158375	34.923268	0.302483	0.243888	34.942355	0.310140	0.160668	35.411437	0.421178	0.076936	35.399234	0.423093	0.160678	34.628244	0.022973	0.152839	34.636484	0.030631	0.093292	34.996169	0.363745	0.068897	34.990536	0.375232	0.129174	34.950905	0.245049	0.195395	35.384947	0.375232	0.131373	34.535639	-0.015316	0.081922	34.889482	0.411606	0.113529	34.745983	-0.166557	0.159099	34.916178	0.137840	0.203946	34.642843	-0.153156	0.170985	34.891985	0.216332	0.129694	34.677156	-0.149327	0.083594	34.915865	0.246964	0.215105	35.194206	1.322883	0.210105	35.086999	1.684713	0.226476	35.087829	1.288423	0.384157	35.100769	1.330540	0.016652
314	5.216667	35.274816	0.882560	0.333895	35.284105	0.890218	0.014570	35.124439	0.796410	0.168076	35.034855	0.317798	0.247019	35.048727	0.327370	0.162339	35.572247	0.463296	0.069953	35.560983	0.463296	0.155363	34.709065	0.065091	0.175471	34.718035	0.070835	0.113317	35.199423	0.271851	0.070987	35.194729	0.281424	0.132933	35.053940	0.258450	0.198944	35.567136	0.409692	0.123347	34.609891	0.057433	0.092874	35.084185	0.271851	0.116036	34.760896	-0.179958	0.166087	35.218401	0.022973	0.178924	34.665161	-0.112952	0.171612	35.165425	0.093808	0.112075	34.709171	-0.111038	0.089748	35.173140	0.122525	0.199989	35.327275	1.330540	0.196760	35.222363	1.690456	0.225019	35.243633	1.297995	0.379989	35.215484	1.334369	0.013630
315	5.233333	35.428743	0.890218	0.326390	35.404765	0.899790	0.010401	35.262097	0.804068	0.178508	35.160937	0.333114	0.248586	35.166258	0.344600	0.164323	35.723359	0.503499	0.057442	35.714701	0.501585	0.143582	34.812413	0.109123	0.203005	34.816168	0.112952	0.139390	35.443141	0.193359	0.059104	35.438447	0.195274	0.121050	35.169803	0.275680	0.201866	35.739418	0.449895	0.105518	34.718765	0.139755	0.110709	35.342191	0.141669	0.098314	34.760479	-0.147412	0.157535	35.567345	-0.038289	0.127623	34.708127	-0.045947	0.173803	35.487462	0.015316	0.071515	34.758290	-0.051690	0.095067	35.487565	0.028717	0.161515	35.458468	1.342027	0.180077	35.360334	1.698114	0.224292	35.403505	1.307567	0.371337	35.326863	1.340113	0.012485
316	5.250000	35.575057	0.895961	0.320971	35.525424	0.907448	0.006233	35.397878	0.811725	0.185603	35.296718	0.344600	0.255681	35.296824	0.358002	0.169957	35.855907	0.522644	0.050979	35.847250	0.518815	0.137120	34.922226	0.164642	0.222509	34.922644	0.168471	0.160772	35.686129	0.141669	0.049828	35.685710	0.139755	0.111566	35.296824	0.289081	0.205102	35.889069	0.476697	0.098222	34.850688	0.225905	0.126564	35.609686	0.057433	0.081842	34.791244	-0.059348	0.138034	35.883125	-0.036374	0.099369	34.782483	0.047861	0.169320	35.790416	-0.007658	0.043886	34.836401	0.032546	0.097259	35.785512	-0.003829	0.136701	35.593207	1.349685	0.165793	35.501434	1.705772	0.217412	35.559831	1.317139	0.360286	35.444185	1.343942	0.010194
317	5.266667	35.709483	0.905533	0.317845	35.648900	0.913191	0.007070	35.525837	0.821298	0.190507	35.441051	0.348429	0.262359	35.439488	0.359916	0.177574	35.962488	0.505414	0.056926	35.958106	0.507328	0.142858	35.037567	0.241220	0.232315	35.039654	0.246964	0.169639	35.891886	0.097637	0.068083	35.889799	0.097637	0.130759	35.428329	0.294825	0.212405	36.008686	0.472868	0.107819	35.000443	0.325456	0.138978	35.822534	-0.003829	0.104895	34.869772	0.068920	0.113633	36.110365	-0.045947	0.136291	34.885623	0.168471	0.157434	36.015048	-0.030631	0.080079	34.941418	0.147412	0.088710	36.004930	-0.026802	0.171434	35.735767	1.351599	0.153699	35.651607	1.713430	0.203233	35.710942	1.322883	0.347775	35.577672	1.347770	0.005400
318	5.283333	35.837234	0.915106	0.318474	35.773105	0.917020	0.005300	35.651920	0.828955	0.192074	35.594873	0.346515	0.270288	35.594979	0.356087	0.184564	36.050714	0.467125	0.073197	36.048001	0.476697	0.158190	35.177623	0.331199	0.239201	35.179710	0.336943	0.176525	36.061142	0.055519	0.111261	36.055509	0.057433	0.171539	35.571723	0.298654	0.217414	36.104733	0.447981	0.126280	35.168031	0.428836	0.147950	36.008163	-0.045947	0.149846	34.985322	0.210589	0.092570	36.293490	-0.042118	0.200223	35.018693	0.302483	0.144088	36.202971	-0.047861	0.136919	35.076365	0.271851	0.078702	36.185970	-0.038289	0.227752	35.882603	1.349685	0.141396	35.803240	1.717259	0.183839	35.860385	1.328626	0.336203	35.716895	1.349685	-0.004817
319	5.300000	35.966654	0.920849	0.318164	35.902524	0.918934	0.004990	35.780609	0.834699	0.194371	35.755578	0.342686	0.278739	35.757353	0.350344	0.192077	36.138002	0.432665	0.087799	36.137895	0.446066	0.173522	35.345003	0.407777	0.243898	35.349697	0.415435	0.181952	36.200051	0.022973	0.147348	36.191081	0.028717	0.209502	35.725545	0.300568	0.225343	36.197235	0.417349	0.142342	35.347508	0.509243	0.154628	36.160838	-0.080407	0.186976	35.134557	0.329285	0.076722	36.442306	-0.045947	0.246113	35.178564	0.413520	0.135436	36.355124	-0.068920	0.180932	35.234568	0.375232	0.070988	36.334578	-0.053605	0.269366	36.021825	1.347770	0.131179	35.951535	1.721088	0.166322	36.000547	1.332455	0.327655	35.857056	1.349685	-0.013366
320	5.316667	36.102018	0.920849	0.316707	36.038827	0.915106	0.005202	35.915973	0.832784	0.192915	35.928173	0.333114	0.284896	35.928279	0.340772	0.199172	36.230087	0.398205	0.095309	36.231649	0.413520	0.180095	35.531885	0.465211	0.244215	35.538248	0.469039	0.181330	36.309656	-0.005743	0.162576	36.303293	0.001914	0.225461	35.890526	0.298654	0.233586	36.293387	0.388633	0.145368	35.547217	0.560933	0.154320	36.274406	-0.116781	0.213154	35.311531	0.405863	0.067235	36.560046	-0.076578	0.252373	35.368574	0.486269	0.129600	36.468066	-0.101466	0.194283	35.421241	0.442237	0.067029	36.451795	-0.082321	0.282509	36.153435	1.347770	0.123048	36.090550	1.719173	0.151830	36.125482	1.338198	0.323278	35.992003	1.340113	-0.023374
321	5.333333	36.238320	0.917020	0.316919	36.178467	0.909362	0.003536	36.055613	0.827041	0.191249	36.109318	0.323541	0.290635	36.109424	0.331199	0.204912	36.323632	0.365659	0.097606	36.325194	0.380975	0.182391	35.733054	0.503499	0.238692	35.739416	0.503499	0.175808	36.389852	-0.040203	0.172381	36.388495	-0.032546	0.232450	36.067396	0.294825	0.239534	36.385055	0.352258	0.144328	35.755999	0.597307	0.146712	36.356687	-0.151241	0.230572	35.511970	0.455638	0.064320	36.644414	-0.114867	0.242259	35.574019	0.532216	0.123869	36.547637	-0.141669	0.191260	35.622410	0.482441	0.061507	36.540856	-0.116781	0.280738	36.280039	1.347770	0.117732	36.223620	1.713430	0.138484	36.240197	1.342027	0.320256	36.128619	1.328626	-0.034321
322	5.350000	36.375353	0.913191	0.314523	36.318106	0.903619	0.001871	36.194314	0.821298	0.187915	36.295470	0.317798	0.293560	36.292969	0.321627	0.207106	36.415299	0.338857	0.096565	36.419469	0.354173	0.182080	35.932554	0.524558	0.234108	35.938917	0.522644	0.171223	36.445123	-0.072749	0.180829	36.447312	-0.061262	0.243297	36.250940	0.290996	0.241728	36.475993	0.319713	0.145894	35.953830	0.618366	0.143066	36.409560	-0.170386	0.242566	35.711887	0.474783	0.068287	36.699582	-0.145498	0.230997	35.769452	0.551361	0.123769	36.598216	-0.170386	0.191366	35.817843	0.503499	0.061407	36.599987	-0.143584	0.280427	36.409250	1.343942	0.113147	36.351892	1.709601	0.132230	36.357520	1.342027	0.317964	36.264504	1.317139	-0.042661
323	5.366667	36.514784	0.905533	0.308582	36.451593	0.894047	-0.002923	36.330617	0.811725	0.188127	36.489964	0.313969	0.291791	36.484126	0.317798	0.207215	36.506237	0.317798	0.098132	36.513744	0.333114	0.181770	36.125380	0.526473	0.233278	36.134350	0.528387	0.171124	36.459723	-0.089979	0.198976	36.463580	-0.078492	0.260505	36.440951	0.290996	0.235893	36.563594	0.287167	0.149338	36.126216	0.626024	0.144948	36.427080	-0.174215	0.250284	35.894910	0.461382	0.077365	36.718353	-0.158899	0.229225	35.950806	0.543703	0.133785	36.613650	-0.176129	0.191470	35.998988	0.503499	0.067147	36.618967	-0.155070	0.282930	36.541069	1.338198	0.109291	36.473699	1.701943	0.134005	36.483394	1.336284	0.315256	36.399660	1.307567	-0.048394
324	5.383333	36.652547	0.895961	0.303579	36.583412	0.884474	-0.006779	36.467649	0.804068	0.185731	36.688526	0.315884	0.285539	36.676743	0.319713	0.202109	36.596237	0.300568	0.098029	36.612295	0.315884	0.181250	36.312261	0.513072	0.233595	36.322170	0.520730	0.173109	36.454196	-0.080407	0.208674	36.456384	-0.065091	0.271142	36.639304	0.290996	0.225364	36.647857	0.258450	0.154658	36.287651	0.618366	0.150791	36.417799	-0.162728	0.253308	36.079080	0.419264	0.092386	36.708863	-0.164642	0.227973	36.127363	0.507328	0.150892	36.602492	-0.170386	0.191157	36.175128	0.478612	0.075702	36.608747	-0.156985	0.284285	36.676433	1.330540	0.107834	36.590500	1.694285	0.138597	36.610936	1.328626	0.311609	36.535754	1.297995	-0.052458
325	5.400000	36.789579	0.890218	0.301184	36.723051	0.880645	-0.008444	36.603743	0.800239	0.181667	36.883542	0.331199	0.276887	36.868214	0.333114	0.191059	36.687174	0.290996	0.099596	36.704901	0.306311	0.181878	36.485377	0.480526	0.232869	36.494347	0.492013	0.170715	36.471090	-0.047861	0.203564	36.474009	-0.034460	0.263425	36.835989	0.300568	0.215774	36.728366	0.245049	0.153304	36.446688	0.581992	0.160181	36.416130	-0.137840	0.254246	36.279101	0.350344	0.116064	36.702919	-0.166557	0.229120	36.314348	0.440323	0.170919	36.598216	-0.170386	0.191366	36.356691	0.425007	0.089994	36.607808	-0.156985	0.282617	36.807729	1.328626	0.110861	36.708969	1.690456	0.142249	36.734411	1.324797	0.312446	36.677062	1.294166	-0.055062
326	5.416667	36.920146	0.895961	0.306818	36.876457	0.888303	-0.009067	36.745573	0.802153	0.172180	37.076681	0.363745	0.264899	37.065629	0.365659	0.178862	36.771751	0.296739	0.093758	36.787809	0.310140	0.176979	36.656094	0.428836	0.235689	36.660788	0.440323	0.173743	36.522295	-0.019144	0.181353	36.530428	-0.009572	0.242673	37.036427	0.327370	0.212859	36.806582	0.252707	0.140062	36.604056	0.509243	0.170509	36.448459	-0.088065	0.249241	36.502273	0.245049	0.157470	36.720543	-0.191445	0.221403	36.512179	0.340772	0.202418	36.611982	-0.178044	0.192409	36.548369	0.329285	0.118364	36.630856	-0.151241	0.280636	36.938713	1.338198	0.125047	36.833383	1.696200	0.144755	36.847875	1.326712	0.318914	36.828069	1.303738	-0.052138
327	5.433333	37.046437	0.907448	0.312661	37.036954	0.901704	-0.004891	36.890740	0.809811	0.160817	37.265753	0.407777	0.257394	37.257307	0.413520	0.172088	36.855911	0.319713	0.079368	36.866963	0.329285	0.165405	36.846938	0.358002	0.246956	36.846418	0.363745	0.183550	36.588518	0.011487	0.150694	36.599258	0.015316	0.212745	37.241142	0.363745	0.209735	36.886257	0.269937	0.121605	36.764240	0.405863	0.185842	36.501020	-0.017230	0.237250	36.745572	0.118696	0.207325	36.723567	-0.204846	0.230685	36.730137	0.222076	0.242365	36.621367	-0.168471	0.209095	36.758505	0.212504	0.156121	36.653381	-0.128268	0.285538	37.063961	1.353514	0.144656	36.962073	1.707686	0.147052	36.955394	1.332455	0.326529	36.981891	1.319054	-0.044209
328	5.450000	37.174396	0.915106	0.317566	37.190568	0.913191	-0.001238	37.032570	0.815554	0.151330	37.433654	0.444152	0.255208	37.429485	0.451809	0.169693	36.958112	0.340772	0.065813	36.962281	0.350344	0.151328	37.054885	0.275680	0.257390	37.052697	0.277595	0.194922	36.659434	0.051690	0.128378	36.670174	0.051690	0.190429	37.428754	0.394376	0.207445	36.978238	0.285253	0.109405	36.946533	0.292910	0.197527	36.569536	0.067006	0.218480	37.010355	0.015316	0.240703	36.724610	-0.168471	0.252063	36.975001	0.114867	0.271571	36.632421	-0.118696	0.224843	36.997216	0.107209	0.182198	36.681121	-0.074663	0.291900	37.191607	1.365001	0.160719	37.090762	1.715344	0.149350	37.069588	1.336284	0.330391	37.131438	1.332455	-0.036071
329	5.466667	37.303086	0.918934	0.319863	37.333023	0.917020	0.002102	37.170333	0.819383	0.146327	37.581115	0.461382	0.255733	37.575277	0.469039	0.171156	37.083047	0.350344	0.061436	37.085548	0.361830	0.147889	37.274304	0.183787	0.256977	37.269508	0.185701	0.193780	36.737649	0.114867	0.115136	36.744113	0.114867	0.177395	37.595925	0.409692	0.207866	37.090555	0.290996	0.109929	37.168767	0.178044	0.202120	36.657346	0.164642	0.191054	37.318522	-0.051690	0.249678	36.728364	-0.109123	0.258738	37.260851	0.024888	0.279920	36.667357	-0.026802	0.220568	37.278790	0.017230	0.190756	36.722002	0.007658	0.286478	37.327388	1.368829	0.167814	37.218722	1.719173	0.154254	37.195670	1.338198	0.331958	37.276501	1.338198	-0.032001
330	5.483333	37.433444	0.920849	0.321222	37.471203	0.918934	0.005651	37.304028	0.823212	0.145809	37.713142	0.467125	0.256153	37.706365	0.470954	0.169908	37.222895	0.352258	0.064046	37.221120	0.363745	0.150708	37.508532	0.103380	0.243843	37.503006	0.107209	0.183252	36.834636	0.195274	0.100120	36.836824	0.199102	0.162588	37.744116	0.417349	0.205783	37.216845	0.294825	0.115772	37.417178	0.061262	0.198580	36.763198	0.271851	0.164464	37.643896	-0.093808	0.242386	36.747553	0.000000	0.265517	37.561509	-0.045947	0.275547	36.719709	0.086150	0.204300	37.575903	-0.051690	0.183984	36.777900	0.111038	0.272609	37.466506	1.370744	0.173031	37.348558	1.721088	0.162496	37.326759	1.340113	0.330709	37.420625	1.342027	-0.029599
331	5.500000	37.562864	0.920849	0.320912	37.605837	0.920849	0.006802	37.434178	0.825127	0.142892	37.827857	0.455638	0.253131	37.821081	0.459467	0.166886	37.368688	0.348429	0.065509	37.365974	0.359916	0.150503	37.721903	0.053605	0.224867	37.715438	0.057433	0.162608	36.959676	0.277595	0.080309	36.957588	0.285253	0.142985	37.869782	0.419264	0.198799	37.351479	0.296739	0.116922	37.643793	-0.028717	0.187531	36.895851	0.369488	0.142566	37.914729	-0.122525	0.224038	36.809082	0.120610	0.261660	37.813570	-0.089979	0.258971	36.807936	0.201017	0.185426	37.825356	-0.093808	0.166678	36.865397	0.216332	0.256342	37.607293	1.370744	0.177310	37.484339	1.723002	0.169590	37.460454	1.338198	0.330191	37.563080	1.345856	-0.026258
332	5.516667	37.688738	0.920849	0.318203	37.740262	0.920849	0.003676	37.564119	0.827041	0.135699	37.919838	0.425007	0.240932	37.914730	0.432665	0.153748	37.520946	0.342686	0.058943	37.515626	0.356087	0.143206	37.897835	0.013401	0.194003	37.889702	0.019144	0.132682	37.103904	0.358002	0.067276	37.103486	0.365659	0.129014	37.968437	0.402034	0.182846	37.492579	0.298654	0.110043	37.823271	-0.084236	0.159065	37.067611	0.459467	0.131620	38.110684	-0.143584	0.181910	36.925257	0.235477	0.253424	38.004519	-0.122525	0.219660	36.942675	0.315884	0.171142	38.012030	-0.122525	0.127575	37.001074	0.315884	0.243727	37.748288	1.366915	0.185865	37.631279	1.723002	0.176998	37.594358	1.334369	0.333948	37.709081	1.349685	-0.020519
333	5.533333	37.812004	0.918934	0.314764	37.871350	0.922763	0.002428	37.692392	0.828955	0.129445	37.990024	0.388633	0.221223	37.987523	0.400119	0.134770	37.681548	0.336943	0.047684	37.675497	0.348429	0.134554	38.034868	-0.021059	0.156463	38.025067	-0.015316	0.096080	37.274934	0.434579	0.058937	37.275454	0.442237	0.122344	38.045505	0.373317	0.163659	37.642961	0.298654	0.100139	37.967917	-0.118696	0.119439	37.262836	0.541788	0.127245	38.258042	-0.156985	0.127580	37.077099	0.350344	0.238306	38.153025	-0.149327	0.171274	37.111098	0.425007	0.162073	38.156260	-0.143584	0.079398	37.165221	0.411606	0.234866	37.889283	1.359257	0.194420	37.786040	1.723002	0.186596	37.729200	1.330540	0.339374	37.856959	1.351599	-0.011443
334	5.550000	37.937878	0.915106	0.312056	37.999832	0.922763	0.000449	37.818057	0.828955	0.122460	38.056872	0.358002	0.203392	38.056978	0.375232	0.117668	37.848302	0.329285	0.039553	37.841313	0.338857	0.124755	38.127684	-0.047861	0.126222	38.116944	-0.040203	0.064171	37.461607	0.495842	0.054979	37.465465	0.501585	0.116508	38.117568	0.346515	0.147287	37.804501	0.300568	0.090548	38.066677	-0.143584	0.088051	37.458060	0.604965	0.122869	38.356594	-0.166557	0.091917	37.245313	0.434579	0.224961	38.254183	-0.166557	0.136340	37.290679	0.507328	0.153317	38.255750	-0.160814	0.045402	37.344803	0.484355	0.226110	38.026003	1.355428	0.203183	37.933918	1.721088	0.195672	37.865711	1.324797	0.343862	37.995347	1.353514	-0.003618
335	5.566667	38.062084	0.913191	0.310286	38.125705	0.920849	-0.002260	37.942263	0.828955	0.120690	38.125805	0.340772	0.193174	38.128519	0.358002	0.108180	38.026945	0.325456	0.029128	38.018288	0.333114	0.115269	38.157510	-0.070835	0.105052	38.146770	-0.059348	0.043001	37.662776	0.541788	0.049456	37.665903	0.545617	0.113592	38.184833	0.321627	0.138007	37.976261	0.304397	0.079602	38.101718	-0.160814	0.068342	37.654953	0.650912	0.117555	38.391530	-0.174215	0.087642	37.428024	0.488184	0.210052	38.287242	-0.176129	0.128728	37.483818	0.560933	0.141328	38.292146	-0.172300	0.035913	37.531997	0.536045	0.215269	38.156570	1.351599	0.208817	38.068969	1.719173	0.205374	37.999824	1.317139	0.351895	38.119031	1.357343	0.001495
336	5.583333	38.188896	0.911277	0.309246	38.249181	0.918934	-0.001422	38.065738	0.828955	0.121527	38.191610	0.327370	0.189108	38.196931	0.344600	0.104844	38.211533	0.327370	0.017557	38.201207	0.331199	0.104636	38.142181	-0.078492	0.089513	38.134986	-0.065091	0.029861	37.866761	0.572420	0.048939	37.868949	0.572420	0.111407	38.245423	0.300568	0.132481	38.160848	0.310140	0.068030	38.089204	-0.168471	0.057809	37.852785	0.681543	0.113909	38.376721	-0.176129	0.100364	37.626168	0.511157	0.195248	38.269409	-0.176129	0.132169	37.682902	0.585821	0.128193	38.283803	-0.179958	0.040606	37.728682	0.564762	0.205679	38.283590	1.349685	0.212053	38.195468	1.717259	0.215492	38.133936	1.309482	0.359928	38.234893	1.363086	0.004417
337	5.600000	38.316647	0.907448	0.309875	38.375993	0.915106	-0.002462	38.191820	0.828955	0.123094	38.261899	0.319713	0.189109	38.268889	0.336943	0.103907	38.397267	0.335028	0.011930	38.386941	0.336943	0.099009	38.136758	-0.068920	0.083777	38.132901	-0.053605	0.022248	38.051765	0.578163	0.045919	38.055622	0.578163	0.107448	38.310498	0.283338	0.131023	38.343976	0.315884	0.061673	38.080235	-0.160814	0.049674	38.029968	0.685372	0.108699	38.363581	-0.178044	0.112148	37.823583	0.493927	0.183051	38.254183	-0.174215	0.136340	37.871765	0.570505	0.116413	38.273791	-0.181872	0.046237	37.915146	0.555190	0.197444	38.411341	1.347770	0.212682	38.322698	1.713430	0.223004	38.270447	1.301824	0.364415	38.352424	1.365001	0.006401
338	5.616667	38.447005	0.899790	0.311233	38.506351	0.907448	-0.001104	38.321240	0.821298	0.122785	38.333127	0.313969	0.190780	38.344392	0.329285	0.105369	38.586964	0.346515	0.017253	38.574031	0.346515	0.103602	38.153131	-0.049776	0.085550	38.153549	-0.034460	0.023813	38.215912	0.553275	0.037059	38.218101	0.557104	0.099526	38.375782	0.271851	0.133840	38.534611	0.321627	0.068665	38.087640	-0.134011	0.043313	38.167522	0.648997	0.099421	38.366396	-0.179958	0.117154	38.007857	0.421178	0.182638	38.254183	-0.174215	0.136340	38.036851	0.503499	0.109221	38.276398	-0.181872	0.046967	38.079502	0.503499	0.192860	38.544098	1.340113	0.210495	38.453056	1.707686	0.224363	38.406958	1.294166	0.368903	38.475900	1.361172	0.007239
339	5.633333	38.579971	0.890218	0.313322	38.640985	0.897876	0.000047	38.454205	0.813640	0.124873	38.406962	0.313969	0.193180	38.423441	0.327370	0.109230	38.775201	0.361830	0.027790	38.761329	0.361830	0.112470	38.179202	-0.021059	0.092851	38.183897	-0.009572	0.030905	38.371717	0.495842	0.032891	38.373905	0.505414	0.095358	38.446279	0.266108	0.138118	38.726394	0.331199	0.081601	38.101197	-0.089979	0.040080	38.287035	0.576248	0.089308	38.365666	-0.178044	0.119761	38.195678	0.312055	0.184624	38.251576	-0.168471	0.135610	38.204752	0.400119	0.107035	38.276398	-0.172300	0.046967	38.241459	0.417349	0.191820	38.677585	1.332455	0.205700	38.583206	1.698114	0.221446	38.547536	1.288423	0.368906	38.600105	1.351599	0.005469
340	5.650000	38.718880	0.884474	0.314264	38.770405	0.894047	-0.000263	38.588109	0.809811	0.128631	38.496231	0.321627	0.195685	38.514379	0.333114	0.110796	38.953010	0.386718	0.035407	38.937469	0.386718	0.121026	38.225192	0.017230	0.104324	38.232494	0.026802	0.043108	38.532214	0.415435	0.037066	38.529188	0.428836	0.098073	38.527205	0.268023	0.145315	38.916300	0.344600	0.091199	38.133735	-0.030631	0.039351	38.432410	0.476697	0.082220	38.359722	-0.166557	0.120908	38.424170	0.202931	0.176912	38.254913	-0.151241	0.133733	38.410197	0.285253	0.101304	38.284950	-0.153156	0.046550	38.439082	0.312055	0.183899	38.810864	1.330540	0.196631	38.715962	1.694285	0.219259	38.692390	1.286508	0.368701	38.723372	1.347770	0.002030
341	5.666667	38.869470	0.888303	0.308636	38.893463	0.899790	-0.007978	38.723890	0.813640	0.135725	38.601143	0.340772	0.202570	38.615015	0.352258	0.117890	39.122788	0.425007	0.036558	39.109855	0.425007	0.122907	38.298401	0.063177	0.129041	38.304764	0.068920	0.066157	38.715549	0.317798	0.034984	38.710855	0.327370	0.096930	38.625443	0.283338	0.155955	39.103911	0.373317	0.088909	38.198496	0.045947	0.049051	38.601250	0.335028	0.081702	38.363476	-0.181872	0.127583	38.697922	0.068920	0.148135	38.266072	-0.114867	0.134046	38.655166	0.147412	0.079930	38.307476	-0.114867	0.051452	38.669765	0.174215	0.168366	38.942995	1.338198	0.181616	38.851326	1.700029	0.217802	38.846526	1.294166	0.365471	38.838087	1.351599	-0.000992
342	5.683333	39.027673	0.895961	0.300922	39.011307	0.911277	-0.017152	38.861548	0.821298	0.146157	38.719091	0.361830	0.213106	38.726080	0.375232	0.127904	39.283807	0.469039	0.033850	39.272542	0.470954	0.119260	38.389130	0.112952	0.161476	38.393824	0.116781	0.099530	38.948839	0.220161	0.020181	38.944144	0.222076	0.082127	38.734839	0.304397	0.166907	39.287769	0.417349	0.079945	38.296212	0.135926	0.066574	38.841214	0.183787	0.063144	38.349085	-0.147412	0.113712	39.040714	-0.024888	0.093705	38.293395	-0.047861	0.131857	38.966776	0.038289	0.036450	38.344497	-0.051690	0.054790	38.972092	0.053605	0.127909	39.072519	1.351599	0.165872	38.989297	1.709601	0.217075	39.009004	1.307567	0.357549	38.950195	1.357343	-0.004744
343	5.700000	39.176386	0.903619	0.291957	39.129360	0.920849	-0.022051	38.995660	0.828955	0.154190	38.849866	0.377146	0.223016	38.851641	0.388633	0.136354	39.424177	0.495842	0.029577	39.418126	0.497756	0.116448	38.489661	0.168471	0.184005	38.491748	0.172300	0.121328	39.198501	0.151241	0.007151	39.194745	0.147412	0.070765	38.855186	0.319713	0.173897	39.449517	0.447981	0.074630	38.419792	0.229734	0.087121	39.111108	0.074663	0.043128	38.369213	-0.055519	0.087015	39.372450	-0.047861	0.058672	38.355446	0.047861	0.121117	39.281617	-0.011487	0.006527	38.411971	0.038289	0.049786	39.280990	-0.003829	0.099133	39.206319	1.359257	0.149919	39.129667	1.717259	0.212802	39.166060	1.317139	0.343891	39.068248	1.361172	-0.009642
344	5.716667	39.312480	0.907448	0.287893	39.251896	0.924678	-0.022883	39.125288	0.832784	0.158156	38.994720	0.375232	0.222811	38.993158	0.390547	0.138026	39.539100	0.490098	0.030832	39.534718	0.493927	0.116764	38.599579	0.241220	0.188074	38.599998	0.246964	0.126337	39.420423	0.095722	0.022903	39.417397	0.093808	0.083911	38.984397	0.321627	0.169311	39.581753	0.451809	0.079326	38.560995	0.327370	0.099951	39.345127	0.001914	0.060862	38.438981	0.070835	0.058755	39.626596	-0.055519	0.084854	38.450764	0.168471	0.107040	39.533886	-0.036374	0.029371	38.509166	0.151241	0.039047	39.527314	-0.028717	0.123125	39.347941	1.359257	0.136157	39.273896	1.719173	0.199770	39.322386	1.320968	0.332840	39.197459	1.363086	-0.014228
345	5.733333	39.440961	0.911277	0.285914	39.376102	0.926592	-0.024653	39.251371	0.838528	0.159723	39.149586	0.367574	0.216974	39.145416	0.382889	0.131459	39.636191	0.467125	0.035527	39.633478	0.472868	0.120520	38.734213	0.323541	0.189224	38.734632	0.333114	0.127487	39.616585	0.051690	0.055341	39.611890	0.053605	0.117287	39.127896	0.319713	0.158886	39.689272	0.438408	0.086941	38.720971	0.426922	0.111009	39.565275	-0.044032	0.092987	38.545771	0.210589	0.033833	39.849455	-0.038289	0.137419	38.575283	0.298654	0.094112	39.759874	-0.045947	0.075784	38.633685	0.273766	0.026118	39.745480	-0.036374	0.167347	39.494777	1.353514	0.123854	39.423130	1.721088	0.183922	39.476105	1.320968	0.321060	39.329277	1.365001	-0.018084
346	5.750000	39.572049	0.913191	0.284666	39.504583	0.924678	-0.026631	39.380791	0.840442	0.159413	39.311334	0.356087	0.211659	39.308104	0.371403	0.127813	39.733282	0.436494	0.040222	39.730568	0.446066	0.125215	38.895649	0.396290	0.195068	38.897006	0.409692	0.134999	39.780001	0.024888	0.084232	39.775307	0.028717	0.146178	39.279424	0.315884	0.154927	39.791577	0.419264	0.093096	38.894503	0.505414	0.118835	39.749340	-0.082321	0.123443	38.686454	0.329285	0.018402	40.030391	-0.032546	0.174028	38.729210	0.407777	0.086606	39.942479	-0.059348	0.111454	38.785943	0.377146	0.019551	39.924540	-0.045947	0.200619	39.637337	1.347770	0.111760	39.568089	1.721088	0.168282	39.617935	1.320968	0.311573	39.466101	1.363086	-0.024755
347	5.766667	39.707413	0.911277	0.283209	39.642554	0.920849	-0.027358	39.518762	0.836613	0.158686	39.477776	0.342686	0.214687	39.476213	0.358002	0.129902	39.832041	0.405863	0.043978	39.831935	0.415435	0.129702	39.075126	0.453724	0.201747	39.078151	0.463296	0.140739	39.911715	0.000000	0.095811	39.905352	0.003829	0.158695	39.439191	0.308226	0.161709	39.892005	0.394376	0.095914	39.089936	0.557104	0.118735	39.883139	-0.118696	0.142635	38.858423	0.413520	0.011732	40.167111	-0.057433	0.182791	38.913276	0.486269	0.081918	40.076800	-0.088065	0.123763	38.966672	0.447981	0.016740	40.058861	-0.072749	0.212928	39.771554	1.345856	0.104359	39.710441	1.717259	0.151912	39.748814	1.326712	0.306049	39.602717	1.353514	-0.035702
348	5.783333	39.842047	0.907448	0.284359	39.784801	0.915106	-0.028293	39.657463	0.830870	0.155352	39.650370	0.329285	0.220844	39.650476	0.340772	0.135121	39.928193	0.373317	0.047005	39.928087	0.382889	0.132728	39.269620	0.497756	0.199978	39.271707	0.501585	0.137302	40.009744	-0.034460	0.102174	40.005050	-0.028717	0.164120	39.609386	0.298654	0.171411	39.988887	0.359916	0.096334	39.297988	0.595393	0.113734	39.979917	-0.149327	0.158488	39.053856	0.472868	0.011632	40.264723	-0.095722	0.180604	39.115383	0.539874	0.078064	40.171283	-0.128268	0.127728	39.163773	0.495842	0.015701	40.159288	-0.105295	0.215746	39.901495	1.343942	0.097166	39.847578	1.713430	0.134082	39.866867	1.330540	0.301150	39.742670	1.338198	-0.048526
349	5.800000	39.980018	0.901704	0.283632	39.924441	0.907448	-0.029959	39.796164	0.823212	0.152018	39.833184	0.315884	0.225646	39.831622	0.325456	0.140861	40.020800	0.346515	0.047633	40.020693	0.356087	0.133356	39.468182	0.522644	0.193726	39.472876	0.524558	0.131779	40.074506	-0.067006	0.111874	40.071480	-0.061262	0.172882	39.787925	0.290996	0.176421	40.080763	0.327370	0.099569	39.500095	0.618366	0.109880	40.043010	-0.168471	0.169127	39.251896	0.503499	0.012262	40.328859	-0.128268	0.177476	39.314153	0.570505	0.076087	40.233960	-0.156985	0.129815	39.360875	0.520730	0.014663	40.227179	-0.132097	0.219293	40.029767	1.340113	0.090912	39.978979	1.707686	0.121675	39.985858	1.332455	0.297920	39.879285	1.322883	-0.059473
350	5.816667	40.116112	0.894047	0.279568	40.058866	0.899790	-0.033084	39.931528	0.815554	0.150561	40.027157	0.304397	0.230760	40.022987	0.313969	0.145245	40.108400	0.323541	0.051076	40.111631	0.335028	0.134923	39.669351	0.528387	0.188203	39.675714	0.532216	0.125318	40.092443	-0.091893	0.128144	40.090356	-0.082321	0.190820	39.979812	0.285253	0.173923	40.166695	0.294825	0.103951	39.689376	0.629853	0.106651	40.061468	-0.179958	0.178513	39.441384	0.505414	0.013309	40.351907	-0.147412	0.175496	39.503642	0.574334	0.077134	40.250332	-0.168471	0.131589	39.552762	0.530302	0.012165	40.248766	-0.149327	0.222526	40.159709	1.334369	0.083719	40.099639	1.700029	0.117506	40.111523	1.328626	0.290935	40.012564	1.311396	-0.068543
351	5.833333	40.253875	0.884474	0.274566	40.190684	0.890218	-0.036940	40.066892	0.805982	0.149105	40.231142	0.300568	0.230243	40.220089	0.308226	0.144207	40.193394	0.304397	0.053790	40.200901	0.317798	0.137427	39.867913	0.518815	0.181950	39.877821	0.526473	0.121464	40.081179	-0.091893	0.143265	40.078154	-0.080407	0.204272	40.180981	0.281424	0.168400	40.242407	0.266108	0.109688	39.870104	0.627939	0.103840	40.046243	-0.179958	0.182684	39.633480	0.476697	0.015086	40.339809	-0.158899	0.173514	39.692401	0.551361	0.080788	40.234898	-0.170386	0.131484	39.741313	0.516901	0.011543	40.235939	-0.160814	0.223152	40.289650	1.328626	0.076526	40.213624	1.694285	0.117092	40.236459	1.322883	0.286558	40.143443	1.297995	-0.074067
352	5.850000	40.390908	0.880645	0.272170	40.327717	0.884474	-0.039335	40.203925	0.802153	0.146709	40.432310	0.310140	0.224721	40.419589	0.315884	0.139623	40.281724	0.294825	0.054626	40.291838	0.306311	0.138994	40.050310	0.493927	0.178200	40.060218	0.505414	0.117714	40.088062	-0.067006	0.143786	40.087644	-0.053605	0.205524	40.384757	0.285253	0.163608	40.321248	0.248878	0.109273	40.041551	0.603051	0.104052	40.041237	-0.162728	0.185500	39.833814	0.419264	0.027605	40.330319	-0.168471	0.172262	39.878969	0.497756	0.092264	40.227077	-0.174215	0.129294	39.928403	0.472868	0.016136	40.232393	-0.166557	0.220753	40.420008	1.324797	0.077885	40.330216	1.688542	0.117407	40.360664	1.320968	0.284788	40.279537	1.294166	-0.078131
353	5.866667	40.523873	0.884474	0.274259	40.474240	0.888303	-0.040479	40.343356	0.802153	0.140768	40.638485	0.338857	0.216382	40.625764	0.344600	0.131284	40.368700	0.296739	0.045242	40.379752	0.308226	0.131279	40.225303	0.451809	0.180811	40.232604	0.465211	0.119595	40.129986	-0.034460	0.124599	40.132175	-0.022973	0.187066	40.593747	0.308226	0.160275	40.403009	0.248878	0.098429	40.198711	0.547532	0.110104	40.057610	-0.116781	0.187273	40.039258	0.315884	0.057019	40.331466	-0.176129	0.178207	40.065224	0.405863	0.114899	40.233229	-0.183787	0.132422	40.110174	0.390547	0.034703	40.242822	-0.164642	0.223673	40.550783	1.332455	0.087795	40.451084	1.692371	0.117514	40.475796	1.322883	0.290318	40.424392	1.299909	-0.078336
354	5.883333	40.653501	0.892132	0.278225	40.626915	0.897876	-0.038494	40.485186	0.805982	0.131281	40.841323	0.380975	0.209921	40.830270	0.386718	0.123885	40.459012	0.310140	0.033981	40.469126	0.319713	0.118349	40.415208	0.388633	0.190410	40.415627	0.400119	0.128672	40.186197	0.005743	0.099571	40.190993	0.011487	0.162769	40.806075	0.342686	0.155066	40.487898	0.258450	0.081432	40.348466	0.463296	0.122518	40.093276	-0.040203	0.180391	40.260553	0.185701	0.095089	40.330945	-0.181872	0.185089	40.264724	0.287167	0.145459	40.232186	-0.172300	0.146188	40.303520	0.283338	0.062135	40.254189	-0.137840	0.228262	40.680307	1.342027	0.107195	40.577167	1.700029	0.119082	40.585923	1.326712	0.298663	40.576337	1.313310	-0.073744
355	5.900000	40.783129	0.897876	0.282191	40.777922	0.903619	-0.035571	40.626286	0.809811	0.124401	41.022051	0.421178	0.207110	41.013606	0.426922	0.121803	40.564759	0.327370	0.022825	40.571536	0.335028	0.109070	40.619610	0.308226	0.198445	40.615752	0.317798	0.136916	40.253775	0.051690	0.079133	40.260239	0.053605	0.141392	41.005784	0.373317	0.154757	40.584155	0.269937	0.069024	40.521269	0.359916	0.132950	40.157517	0.047861	0.161830	40.515116	0.070835	0.129822	40.339705	-0.166557	0.188948	40.498429	0.170386	0.174352	40.244700	-0.126353	0.156722	40.529404	0.170386	0.088837	40.281720	-0.086150	0.230349	40.811290	1.351599	0.121381	40.705856	1.705772	0.121379	40.701055	1.328626	0.304193	40.727552	1.322883	-0.066545
356	5.916667	40.913696	0.899790	0.287825	40.927260	0.907448	-0.031709	40.766655	0.811725	0.120129	41.182548	0.447981	0.211285	41.174103	0.453724	0.125978	40.685419	0.338857	0.018656	40.689588	0.344600	0.104171	40.836630	0.216332	0.201578	40.831834	0.222076	0.138380	40.338665	0.103380	0.062136	40.345129	0.103380	0.124395	41.185991	0.394376	0.158829	40.693656	0.277595	0.064542	40.735891	0.239306	0.139630	40.243136	0.132097	0.142226	40.828809	-0.019144	0.164243	40.350863	-0.135926	0.189261	40.784382	0.061262	0.202411	40.279637	-0.059348	0.152447	40.809205	0.061262	0.113768	40.324270	-0.024888	0.223988	40.944672	1.355428	0.132022	40.831939	1.707686	0.122946	40.821923	1.330540	0.304300	40.876891	1.326712	-0.062683
357	5.933333	41.041655	0.901704	0.292729	41.076807	0.909362	-0.023571	40.907025	0.813640	0.115856	41.328549	0.463296	0.217024	41.320104	0.469039	0.131717	40.819114	0.344600	0.018138	40.817339	0.352258	0.104800	41.077428	0.132097	0.200124	41.071902	0.135926	0.139533	40.443265	0.162728	0.045035	40.443785	0.162728	0.108441	41.350972	0.413520	0.167071	40.817131	0.285253	0.065380	40.982319	0.109123	0.148187	40.350865	0.218247	0.118972	41.168887	-0.088065	0.194807	40.369844	-0.063177	0.191765	41.095051	-0.030631	0.227551	40.332927	0.024888	0.137848	41.116328	-0.032546	0.136510	40.382775	0.049776	0.210849	41.080453	1.357343	0.139116	40.960628	1.709601	0.125243	40.943521	1.330540	0.301800	41.026959	1.326712	-0.061428
358	5.950000	41.168676	0.901704	0.295965	41.220201	0.909362	-0.018562	41.044788	0.813640	0.110854	41.455570	0.461382	0.220260	41.448794	0.467125	0.134014	40.961361	0.344600	0.017202	40.956979	0.354173	0.103134	41.309465	0.072749	0.194810	41.303940	0.076578	0.134220	40.560900	0.227819	0.031585	40.558813	0.229734	0.094261	41.492489	0.421178	0.168743	40.948220	0.290996	0.064131	41.218111	0.005743	0.149548	40.488002	0.308226	0.101142	41.464956	-0.135926	0.201801	40.428244	0.038289	0.194060	41.368595	-0.086150	0.229643	40.419694	0.126353	0.124188	41.385596	-0.089979	0.138810	40.473087	0.139755	0.199588	41.218841	1.357343	0.146941	41.097139	1.709601	0.129731	41.070334	1.330540	0.300760	41.177236	1.328626	-0.055898
359	5.966667	41.294550	0.903619	0.293257	41.359111	0.911277	-0.017620	41.177336	0.817469	0.104391	41.556311	0.436494	0.211919	41.552142	0.446066	0.126404	41.114558	0.340772	0.012304	41.108507	0.352258	0.099175	41.515015	0.026802	0.173645	41.506882	0.030631	0.112324	40.696056	0.312055	0.025852	40.695637	0.317798	0.087590	41.605119	0.409692	0.158108	41.088798	0.290996	0.064134	41.426268	-0.055519	0.129113	40.658824	0.409692	0.088528	41.699811	-0.155070	0.166349	40.535555	0.170386	0.197400	41.596775	-0.120610	0.197946	40.543899	0.254621	0.122418	41.609500	-0.118696	0.107321	40.602298	0.256536	0.195003	41.360775	1.355428	0.157164	41.242410	1.711515	0.138077	41.199753	1.330540	0.300450	41.331058	1.332455	-0.047968
360	5.983333	41.417817	0.903619	0.289818	41.492806	0.913191	-0.018139	41.307278	0.819383	0.097198	41.636195	0.400119	0.197738	41.636301	0.413520	0.112014	41.276515	0.333114	0.011265	41.268587	0.344600	0.094799	41.684794	-0.009572	0.139651	41.676661	-0.003829	0.078331	40.863749	0.403948	0.019390	40.863330	0.411606	0.081128	41.694284	0.384804	0.140903	41.239596	0.292910	0.062782	41.609813	-0.095722	0.096162	40.856447	0.513072	0.080606	41.892325	-0.158899	0.106389	40.680617	0.319713	0.201470	41.790645	-0.145498	0.148205	40.706795	0.394376	0.123047	41.794818	-0.137840	0.057997	40.765924	0.382889	0.193025	41.505316	1.349685	0.168117	41.395503	1.711515	0.148613	41.331050	1.330540	0.303477	41.484151	1.334369	-0.037432
361	6.000000	41.544629	0.903619	0.288778	41.626501	0.913191	-0.018657	41.436489	0.819383	0.092612	41.708466	0.367574	0.185642	41.711179	0.382889	0.100649	41.445146	0.325456	0.006472	41.436489	0.335028	0.092612	41.801074	-0.036374	0.115981	41.792002	-0.030631	0.052992	41.052820	0.476697	0.011886	41.055009	0.486269	0.074354	41.771769	0.356087	0.130268	41.400615	0.294825	0.060074	41.733706	-0.126353	0.070406	41.056677	0.589650	0.073415	42.020598	-0.166557	0.064990	40.844243	0.438408	0.199493	41.918396	-0.168471	0.113689	40.888462	0.503499	0.121904	41.919963	-0.156985	0.022751	40.944984	0.482441	0.191152	41.644643	1.343942	0.177611	41.542651	1.711515	0.160297	41.465893	1.328626	0.308903	41.627753	1.336284	-0.028147
362	6.016667	41.674049	0.899790	0.288468	41.754252	0.911277	-0.018028	41.564240	0.817469	0.093241	41.780424	0.338857	0.184705	41.784806	0.354173	0.098773	41.618054	0.317798	0.001470	41.606789	0.323541	0.086881	41.839347	-0.068920	0.109829	41.831214	-0.059348	0.048508	41.253259	0.528387	0.008970	41.255448	0.534131	0.071438	41.842997	0.325456	0.131938	41.569038	0.294825	0.051005	41.770311	-0.155070	0.065193	41.262539	0.639425	0.076235	42.057203	-0.193359	0.059776	41.023825	0.509243	0.190737	41.956670	-0.197188	0.107537	41.082748	0.570505	0.115860	41.955629	-0.185701	0.015869	41.134264	0.543703	0.187923	41.776148	1.340113	0.184914	41.678640	1.707686	0.171667	41.600005	1.319054	0.316937	41.751437	1.340113	-0.023034
363	6.033333	41.805346	0.895961	0.291495	41.882003	0.905533	-0.017400	41.691261	0.815554	0.096477	41.844977	0.315884	0.190130	41.851966	0.331199	0.104928	41.796905	0.310140	-0.004679	41.785640	0.315884	0.080732	41.822244	-0.093808	0.110663	41.818387	-0.082321	0.049134	41.460059	0.564762	0.013459	41.460579	0.562847	0.076866	41.903274	0.290996	0.137571	41.743405	0.292910	0.040789	41.749870	-0.174215	0.067904	41.470278	0.670056	0.082393	42.032904	-0.225905	0.071247	41.220301	0.547532	0.176871	41.931432	-0.225905	0.117340	41.286316	0.608794	0.106792	41.933729	-0.218247	0.023795	41.331157	0.578163	0.182609	41.906715	1.336284	0.190548	41.809624	1.703858	0.185853	41.738601	1.305653	0.329037	41.865630	1.345856	-0.019173
364	6.050000	41.938311	0.892132	0.293584	42.012362	0.899790	-0.016041	41.820889	0.811725	0.100443	41.916413	0.302483	0.196076	41.926009	0.315884	0.111604	41.981910	0.312055	-0.007699	41.968976	0.313969	0.078650	41.811086	-0.093808	0.110350	41.811504	-0.084236	0.048612	41.651425	0.576248	0.017844	41.651006	0.574334	0.079582	41.968766	0.266108	0.144664	41.926741	0.294825	0.038707	41.733706	-0.172300	0.070406	41.657159	0.683457	0.082710	42.010274	-0.243135	0.081780	41.413440	0.547532	0.164883	41.908593	-0.241220	0.123596	41.476117	0.610709	0.096681	41.914435	-0.235477	0.032450	41.518560	0.583906	0.176044	42.035404	1.334369	0.192845	41.939460	1.700029	0.194095	41.877928	1.296080	0.338530	41.981493	1.347770	-0.016250
365	6.066667	42.069608	0.886389	0.296611	42.147204	0.894047	-0.010615	41.953854	0.807897	0.102531	41.999738	0.296739	0.199728	42.011003	0.308226	0.114317	42.172545	0.317798	-0.000707	42.157005	0.317798	0.084912	41.825581	-0.076578	0.108786	41.828607	-0.065091	0.047778	41.826939	0.564762	0.013572	41.827459	0.564762	0.076978	42.044270	0.250793	0.146125	42.116647	0.298654	0.048306	41.742987	-0.139755	0.067382	41.807541	0.671971	0.072806	42.016426	-0.239306	0.084908	41.586347	0.503499	0.159881	41.906925	-0.229734	0.124535	41.640265	0.574334	0.087820	41.914435	-0.225905	0.032450	41.681977	0.559018	0.169790	42.171707	1.328626	0.193057	42.072426	1.694285	0.196183	42.017046	1.290337	0.343748	42.111851	1.343942	-0.014892
366	6.083333	42.201843	0.882560	0.301307	42.283715	0.888303	-0.006128	42.089427	0.804068	0.105350	42.089007	0.294825	0.202232	42.102879	0.306311	0.117552	42.366935	0.331199	0.012959	42.348787	0.331199	0.097848	41.850506	-0.038289	0.110142	41.855200	-0.026802	0.048196	41.991295	0.530302	0.008987	41.990877	0.536045	0.070725	42.124987	0.243135	0.149047	42.311975	0.304397	0.063641	41.759882	-0.086150	0.062272	41.938004	0.633682	0.058731	42.016635	-0.214418	0.089184	41.757794	0.421178	0.160093	41.905986	-0.202931	0.122866	41.798468	0.499671	0.080106	41.917773	-0.197188	0.030573	41.841119	0.503499	0.163745	42.309678	1.324797	0.192330	42.202575	1.690456	0.193266	42.159502	1.286508	0.347088	42.244816	1.338198	-0.012803
367	6.100000	42.341691	0.880645	0.303918	42.418349	0.886389	-0.004977	42.225938	0.804068	0.109838	42.181822	0.300568	0.207136	42.198301	0.310140	0.123186	42.554651	0.356087	0.030379	42.535564	0.354173	0.113599	41.897226	0.007658	0.119007	41.904528	0.017230	0.057791	42.149915	0.474783	0.009825	42.146889	0.482441	0.070833	42.210189	0.245049	0.156036	42.505635	0.319713	0.079914	41.797634	-0.022973	0.063003	42.080772	0.568591	0.050913	42.008292	-0.181872	0.093877	41.965846	0.321627	0.155092	41.908593	-0.170386	0.123596	41.983472	0.400119	0.077086	41.928201	-0.162728	0.033493	42.020909	0.417349	0.159265	42.446502	1.324797	0.185659	42.337939	1.690456	0.191810	42.307901	1.286508	0.349282	42.373297	1.338198	-0.014781
368	6.116667	42.492490	0.888303	0.302565	42.546621	0.894047	-0.011232	42.364326	0.809811	0.117662	42.275784	0.319713	0.217984	42.292263	0.325456	0.134034	42.743305	0.396290	0.049468	42.724218	0.398205	0.132688	41.970643	0.049776	0.148001	41.979613	0.053605	0.085846	42.322301	0.396290	0.011706	42.314999	0.403948	0.072922	42.301022	0.264194	0.173037	42.705239	0.354173	0.095040	41.868548	0.051690	0.075832	42.224166	0.459467	0.055922	42.016009	-0.195274	0.111502	42.199135	0.183787	0.140289	41.923715	-0.126353	0.134860	42.191315	0.268023	0.067809	41.956358	-0.118696	0.048407	42.217802	0.290996	0.153951	42.580510	1.334369	0.173982	42.474242	1.696200	0.192021	42.462975	1.296080	0.347721	42.491350	1.342027	-0.019680
369	6.133333	42.652570	0.899790	0.298189	42.673956	0.903619	-0.019155	42.506259	0.817469	0.127886	42.375169	0.350344	0.234568	42.389041	0.354173	0.149887	42.924867	0.449895	0.063759	42.910056	0.453724	0.146771	42.056366	0.089979	0.183252	42.065336	0.088065	0.121097	42.536714	0.302483	0.014110	42.526805	0.308226	0.074596	42.394671	0.292910	0.195044	42.908180	0.402034	0.108289	41.971687	0.132097	0.099090	42.421476	0.321627	0.059159	41.995360	-0.160814	0.109937	42.507303	0.049776	0.114120	41.950516	-0.057433	0.139553	42.467362	0.132097	0.050921	41.998073	-0.057433	0.060088	42.481960	0.155070	0.139357	42.713372	1.347770	0.156361	42.612213	1.707686	0.191294	42.621387	1.309482	0.344283	42.604188	1.351599	-0.026039
370	6.150000	42.803159	0.907448	0.292561	42.797952	0.913191	-0.025200	42.644647	0.825127	0.135710	42.491448	0.375232	0.246042	42.500106	0.377146	0.159902	43.083695	0.488184	0.068873	43.069823	0.495842	0.153553	42.148346	0.139755	0.206197	42.155648	0.135926	0.144981	42.776260	0.218247	0.022145	42.764682	0.218247	0.083570	42.502399	0.312055	0.206935	43.090264	0.438408	0.115697	42.087445	0.210589	0.117447	42.661022	0.191445	0.067194	42.002869	-0.065091	0.088141	42.841020	-0.034460	0.102135	42.002555	0.036374	0.134444	42.773026	0.032546	0.043733	42.058142	0.026802	0.061445	42.780011	0.051690	0.134253	42.848110	1.359257	0.142076	42.751853	1.715344	0.189629	42.777921	1.319054	0.337508	42.721510	1.355428	-0.028331
371	6.166667	42.945198	0.911277	0.287350	42.921219	0.917020	-0.028639	42.776883	0.828955	0.140406	42.628481	0.380975	0.243647	42.632863	0.384804	0.157715	43.211968	0.495842	0.062618	43.200703	0.503499	0.148029	42.245228	0.210589	0.206616	42.249923	0.208675	0.144670	43.008610	0.137840	0.040818	42.997033	0.137840	0.102242	42.626187	0.317798	0.196613	43.239394	0.449895	0.115284	42.216030	0.306311	0.135179	42.901715	0.089979	0.081174	42.065441	0.067006	0.070518	43.137298	-0.068920	0.113404	42.089739	0.156985	0.129336	43.059814	-0.022973	0.053751	42.145325	0.141669	0.056337	43.058248	-0.005743	0.144688	42.985665	1.361172	0.132798	42.893891	1.721088	0.184418	42.928511	1.324797	0.331880	42.849053	1.357343	-0.031978
372	6.183333	43.082230	0.913191	0.284954	43.044486	0.918934	-0.032078	42.905572	0.834699	0.142703	42.777923	0.373317	0.232074	42.778030	0.384804	0.146351	43.322199	0.482441	0.055529	43.312603	0.490098	0.140001	42.367035	0.294825	0.208392	42.367454	0.300568	0.146654	43.231678	0.076578	0.062515	43.222708	0.078492	0.124669	42.760717	0.319713	0.178053	43.364121	0.446066	0.106631	42.356295	0.405863	0.146341	43.153775	0.007658	0.099743	42.160030	0.210589	0.059049	43.423042	-0.068920	0.137188	42.200178	0.289081	0.126523	43.337007	-0.053605	0.077951	42.253158	0.269937	0.052794	43.328558	-0.038289	0.168368	43.126764	1.361172	0.125918	43.036660	1.723002	0.176600	43.076494	1.330540	0.325522	42.982748	1.359257	-0.032496
373	6.200000	43.216656	0.915106	0.281829	43.171298	0.920849	-0.033118	43.036869	0.838528	0.145731	42.932789	0.365659	0.226238	42.928620	0.379060	0.140723	43.426486	0.461382	0.049587	43.417828	0.467125	0.135728	42.514913	0.377146	0.217468	42.513663	0.388633	0.156669	43.425755	0.045947	0.087339	43.418453	0.049776	0.148555	42.903486	0.321627	0.170235	43.476229	0.436494	0.102879	42.516062	0.490098	0.153123	43.371108	-0.053605	0.126863	42.287572	0.338857	0.055402	43.656748	-0.068920	0.166081	42.341695	0.405863	0.128195	43.563830	-0.072749	0.106322	42.389460	0.382889	0.053005	43.551105	-0.059348	0.196947	43.265257	1.359257	0.118309	43.179428	1.724916	0.168781	43.219471	1.334369	0.321979	43.115505	1.357343	-0.034683
374	6.216667	43.350351	0.917020	0.281310	43.303325	0.920849	-0.032697	43.168896	0.840442	0.146151	43.086612	0.359916	0.234167	43.084111	0.369488	0.147713	43.523576	0.432665	0.054283	43.516587	0.442237	0.139485	42.681563	0.453724	0.224772	42.681981	0.463296	0.163034	43.580411	0.022973	0.112371	43.571441	0.028717	0.174526	43.050634	0.321627	0.181919	43.576866	0.419264	0.109973	42.704403	0.559018	0.148226	43.530457	-0.089979	0.160238	42.448799	0.447981	0.056970	43.821311	-0.076578	0.200916	42.516479	0.507328	0.126530	43.724117	-0.091893	0.141366	42.558300	0.472868	0.052488	43.711392	-0.072749	0.231991	43.404688	1.359257	0.112367	43.327202	1.724916	0.158148	43.358902	1.338198	0.316038	43.250661	1.357343	-0.040416
375	6.233333	43.484047	0.920849	0.280792	43.438689	0.920849	-0.034154	43.303530	0.840442	0.147301	43.246795	0.352258	0.249501	43.248570	0.358002	0.162839	43.611594	0.400119	0.066278	43.606273	0.411606	0.150541	42.868236	0.524558	0.220813	42.870323	0.524558	0.158137	43.695856	-0.003829	0.141887	43.688554	0.003829	0.203103	43.205082	0.319713	0.202675	43.669159	0.390547	0.121759	42.907762	0.616452	0.134882	43.650594	-0.111038	0.198097	42.637558	0.539874	0.060624	43.938111	-0.086150	0.240652	42.714311	0.593478	0.122885	43.843525	-0.111038	0.181832	42.748519	0.545617	0.050928	43.828923	-0.082321	0.269120	43.543181	1.357343	0.104758	43.474977	1.724916	0.147514	43.495726	1.340113	0.309367	43.389153	1.353514	-0.048026
376	6.250000	43.618681	0.918934	0.281942	43.575930	0.917020	-0.032274	43.439832	0.836613	0.147513	43.417199	0.340772	0.263479	43.419913	0.344600	0.178485	43.701280	0.371403	0.077334	43.696898	0.386718	0.163266	43.069196	0.568591	0.211015	43.073891	0.564762	0.149069	43.783769	-0.032546	0.169317	43.773860	-0.021059	0.229803	43.372879	0.315884	0.215923	43.761452	0.359916	0.133546	43.112999	0.656655	0.124875	43.738716	-0.128268	0.229802	42.834868	0.603051	0.063861	44.025294	-0.099551	0.270689	42.917357	0.650912	0.120699	43.933315	-0.128268	0.212599	42.943013	0.597307	0.049159	43.917774	-0.095722	0.298218	43.675730	1.355428	0.098295	43.612531	1.723002	0.138235	43.625667	1.342027	0.302174	43.523370	1.347770	-0.055427
377	6.266667	43.756652	0.913191	0.281215	43.715570	0.905533	-0.033939	43.579472	0.828955	0.145847	43.603768	0.325456	0.274955	43.605543	0.327370	0.188293	43.800456	0.346515	0.089642	43.799412	0.365659	0.173697	43.278917	0.585821	0.205075	43.285280	0.581992	0.142191	43.833930	-0.061262	0.196015	43.826629	-0.047861	0.257231	43.556631	0.306311	0.222393	43.858960	0.329285	0.146792	43.321050	0.675800	0.119874	43.794613	-0.151241	0.251077	43.035515	0.631767	0.065222	44.081713	-0.118696	0.285081	43.124679	0.677714	0.118305	43.987335	-0.143584	0.230537	43.148666	0.622195	0.047704	43.974401	-0.116781	0.316886	43.804002	1.349685	0.092041	43.729853	1.715344	0.135944	43.748934	1.338198	0.298735	43.650704	1.336284	-0.063350
378	6.283333	43.898899	0.903619	0.280280	43.856148	0.892132	-0.033936	43.720050	0.817469	0.145851	43.802016	0.312055	0.279861	43.799515	0.313969	0.193407	43.902970	0.323541	0.100073	43.904532	0.344600	0.184858	43.489576	0.589650	0.200804	43.501153	0.585821	0.139380	43.854891	-0.078492	0.221566	43.848320	-0.061262	0.280175	43.753003	0.294825	0.223962	43.956468	0.296739	0.160039	43.530041	0.681543	0.116542	43.817555	-0.170386	0.264531	43.243984	0.631767	0.068772	44.107784	-0.139755	0.292382	43.334816	0.677714	0.120917	44.010799	-0.156985	0.237108	43.357865	0.624110	0.048647	44.000681	-0.139755	0.328463	43.927999	1.345856	0.085995	43.834349	1.705772	0.134277	43.865318	1.334369	0.294775	43.777308	1.320968	-0.068666
379	6.300000	44.037808	0.897876	0.281222	43.998395	0.884474	-0.034872	43.860628	0.809811	0.145854	44.003394	0.308226	0.278614	43.999224	0.310140	0.193099	44.000999	0.306311	0.106437	44.004230	0.329285	0.190283	43.683340	0.580077	0.201643	43.694917	0.580077	0.140219	43.877625	-0.074663	0.230743	43.873661	-0.057433	0.290082	43.953442	0.292910	0.221047	44.047614	0.275680	0.165881	43.718799	0.675800	0.120196	43.835075	-0.170386	0.272249	43.441502	0.599222	0.076285	44.123427	-0.156985	0.296762	43.523783	0.652826	0.128847	44.028111	-0.172300	0.240550	43.549231	0.604965	0.053032	44.020600	-0.156985	0.332635	44.053873	1.343942	0.083286	43.943119	1.698114	0.132403	43.982640	1.330540	0.292484	43.908188	1.311396	-0.074190
380	6.316667	44.175779	0.899790	0.280495	44.141581	0.886389	-0.034138	44.001937	0.809811	0.143250	44.211237	0.321627	0.269337	44.202792	0.321627	0.184031	44.082238	0.300568	0.102476	44.089745	0.321627	0.186114	43.858541	0.557104	0.208530	43.868450	0.562847	0.148044	43.909537	-0.059348	0.217187	43.908180	-0.042118	0.277256	44.158678	0.302483	0.211040	44.124577	0.266108	0.162129	43.870223	0.658570	0.131671	43.846964	-0.145498	0.269955	43.613783	0.530302	0.093601	44.136254	-0.174215	0.296137	43.684176	0.597307	0.148457	44.036871	-0.187616	0.244409	43.713691	0.560933	0.068157	44.030090	-0.162728	0.333886	44.184440	1.347770	0.088921	44.060442	1.700029	0.130111	44.103509	1.332455	0.292591	44.049497	1.311396	-0.076794
381	6.333333	44.314689	0.905533	0.281437	44.286435	0.892132	-0.034344	44.144914	0.811725	0.139707	44.419602	0.348429	0.253177	44.406881	0.348429	0.168079	44.158055	0.308226	0.092779	44.167230	0.325456	0.175478	44.026130	0.514986	0.217502	44.033431	0.524558	0.156286	43.942701	-0.032546	0.194140	43.943951	-0.017230	0.254939	44.369650	0.321627	0.195610	44.195910	0.268023	0.148364	43.999747	0.618366	0.151071	43.859166	-0.093808	0.256502	43.779390	0.428836	0.114670	44.134586	-0.181872	0.297076	43.837893	0.511157	0.171821	44.027589	-0.189530	0.247433	43.868868	0.492013	0.086306	44.029151	-0.151241	0.332218	44.316883	1.355428	0.097892	44.182040	1.703858	0.127611	44.224585	1.336284	0.296973	44.194351	1.319054	-0.076999
382	6.350000	44.448593	0.909362	0.285194	44.432227	0.899790	-0.032880	44.286222	0.815554	0.137103	44.611594	0.379060	0.235245	44.598873	0.380975	0.150146	44.245760	0.323541	0.080788	44.255874	0.338857	0.165156	44.194240	0.449895	0.219592	44.196327	0.461382	0.156916	43.992029	0.001914	0.168591	43.994948	0.013401	0.228452	44.572071	0.340772	0.180597	44.275794	0.271851	0.134183	44.138552	0.551361	0.167448	43.893268	-0.028717	0.235124	43.979203	0.312055	0.134072	44.128433	-0.166557	0.293947	44.019664	0.400119	0.190388	44.028111	-0.170386	0.240550	44.044487	0.394376	0.101745	44.039685	-0.124439	0.319704	44.450266	1.363086	0.108533	44.306245	1.707686	0.125841	44.346392	1.338198	0.298749	44.342750	1.326712	-0.074806
383	6.366667	44.579890	0.915106	0.288221	44.583234	0.907448	-0.029957	44.427322	0.819383	0.130224	44.790029	0.413520	0.220544	44.778976	0.417349	0.134508	44.350569	0.340772	0.067963	44.358075	0.354173	0.151601	44.373091	0.365659	0.213443	44.370903	0.375232	0.150976	44.065865	0.040203	0.135847	44.071390	0.045947	0.196438	44.765210	0.365659	0.168609	44.375179	0.285253	0.115622	44.303324	0.444152	0.171414	43.957092	0.036374	0.208011	44.235955	0.176129	0.160984	44.143868	-0.181872	0.258907	44.242733	0.262279	0.212085	44.047508	-0.135926	0.216460	44.259734	0.262279	0.121251	44.075247	-0.093808	0.293111	44.583648	1.368829	0.119173	44.433058	1.711515	0.124801	44.465591	1.342027	0.299795	44.491150	1.334369	-0.072612
384	6.383333	44.706911	0.918934	0.291457	44.735179	0.915106	-0.025365	44.569152	0.825127	0.120737	44.957513	0.446066	0.209807	44.950736	0.453724	0.123561	44.467996	0.358002	0.050237	44.470496	0.369488	0.136691	44.580413	0.271851	0.211049	44.576556	0.277595	0.149520	44.154926	0.084236	0.098932	44.161391	0.086150	0.161191	44.951674	0.396290	0.160375	44.484785	0.300568	0.095706	44.486139	0.306311	0.176215	44.048239	0.109123	0.178708	44.527123	0.030631	0.190504	44.147623	-0.160814	0.230437	44.502615	0.120610	0.232843	44.082654	-0.082321	0.181316	44.510125	0.116781	0.140759	44.123220	-0.051690	0.257342	44.717030	1.376487	0.129813	44.563416	1.717259	0.126160	44.583852	1.343942	0.299172	44.644764	1.343942	-0.068959
385	6.400000	44.831324	0.922763	0.293963	44.881181	0.920849	-0.019626	44.705976	0.830870	0.114066	45.102889	0.465211	0.202718	45.098719	0.478612	0.117203	44.595121	0.369488	0.038038	44.595015	0.382889	0.123762	44.804838	0.185701	0.207822	44.798373	0.189530	0.145562	44.247220	0.141669	0.075574	44.252016	0.139755	0.138771	45.117698	0.419264	0.154851	44.602420	0.313969	0.082256	44.687516	0.181872	0.174969	44.160974	0.195274	0.152639	44.814432	-0.078492	0.193639	44.167646	-0.086150	0.219174	44.767607	0.015316	0.235352	44.138135	0.001914	0.158896	44.769903	0.007658	0.141807	44.188921	0.021059	0.233566	44.854688	1.380316	0.140245	44.696381	1.721088	0.128248	44.708996	1.347770	0.299070	44.795041	1.351599	-0.063428
386	6.416667	44.953861	0.928507	0.293131	45.015814	0.926592	-0.018475	44.834249	0.836613	0.107811	45.223548	0.467125	0.198550	45.220317	0.480526	0.114703	44.733822	0.371403	0.034704	44.731109	0.384804	0.119698	45.024361	0.107209	0.191975	45.017897	0.111038	0.129716	44.343686	0.223990	0.067441	44.345874	0.225905	0.129909	45.254523	0.425007	0.148180	44.726834	0.315884	0.084762	44.907978	0.086150	0.160791	44.290811	0.310140	0.125736	45.097050	-0.130182	0.153286	44.216974	0.049776	0.228770	45.036875	-0.055519	0.202508	44.212491	0.132097	0.154413	45.031559	-0.057433	0.111049	44.269221	0.145498	0.227937	44.994745	1.382231	0.147131	44.831224	1.724916	0.133674	44.838416	1.349685	0.298760	44.949593	1.357343	-0.058106
387	6.433333	45.072122	0.932336	0.292508	45.146173	0.928507	-0.017117	44.956577	0.840442	0.102704	45.322099	0.453724	0.198030	45.320537	0.467125	0.113245	44.884829	0.365659	0.037628	44.877840	0.380975	0.122830	45.238984	0.049776	0.163510	45.228243	0.055519	0.101459	44.467474	0.323541	0.057120	44.466117	0.331199	0.117189	45.369968	0.421178	0.142551	44.860008	0.317798	0.091126	45.136366	0.005743	0.133369	44.438690	0.432665	0.099668	45.370073	-0.151241	0.091972	44.301446	0.218247	0.238366	45.296759	-0.103380	0.152978	44.317925	0.289081	0.154416	45.286228	-0.095722	0.060059	44.375385	0.296739	0.225332	45.138139	1.380316	0.152140	44.971280	1.726831	0.140561	44.973780	1.353514	0.297303	45.102477	1.361172	-0.051845
388	6.450000	45.194659	0.934250	0.291677	45.273924	0.928507	-0.016488	45.084119	0.844271	0.099057	45.416166	0.432665	0.193444	45.414603	0.446066	0.108659	45.039173	0.358002	0.038674	45.029577	0.373317	0.123146	45.420130	0.021059	0.134105	45.409390	0.026802	0.072054	44.622444	0.409692	0.035849	44.622026	0.423093	0.097587	45.470917	0.411606	0.138486	45.002463	0.319713	0.094467	45.332009	-0.053605	0.102400	44.603150	0.526473	0.079649	45.594812	-0.162728	0.042441	44.421167	0.359916	0.232529	45.508878	-0.135926	0.108348	44.453602	0.419264	0.141800	45.495949	-0.118696	0.018974	44.512001	0.421178	0.214385	45.277257	1.378402	0.157358	45.113006	1.728745	0.146508	45.108414	1.353514	0.298454	45.248478	1.365001	-0.046106
389	6.466667	45.324078	0.932336	0.291367	45.405950	0.928507	-0.016068	45.213539	0.844271	0.098747	45.504079	0.405863	0.185729	45.500848	0.419264	0.101882	45.194978	0.350344	0.034506	45.185381	0.363745	0.118978	45.558727	0.000000	0.111061	45.550594	0.007658	0.049740	44.795665	0.474783	0.019688	44.795246	0.486269	0.081426	45.559770	0.394376	0.132440	45.151176	0.317798	0.085501	45.475403	-0.091893	0.072264	44.787216	0.589650	0.074960	45.751451	-0.176129	0.020232	44.570923	0.446066	0.209798	45.657696	-0.160814	0.083949	44.619001	0.503499	0.123450	45.646435	-0.139755	-0.006364	44.672394	0.493927	0.198850	45.412099	1.376487	0.162784	45.257338	1.730660	0.153186	45.243256	1.347770	0.303880	45.382382	1.366915	-0.042349
390	6.483333	45.457774	0.930421	0.290849	45.537039	0.924678	-0.017316	45.345566	0.840442	0.099167	45.583442	0.375232	0.178431	45.579272	0.390547	0.092915	45.357456	0.340772	0.026584	45.346191	0.352258	0.111995	45.658113	-0.026802	0.092500	45.655924	-0.015316	0.030032	44.980669	0.524558	0.016668	44.978582	0.530302	0.079345	45.641009	0.365659	0.128479	45.308440	0.312055	0.076119	45.580108	-0.112952	0.039729	44.982858	0.635596	0.079136	45.860743	-0.183787	0.011474	44.744248	0.499671	0.178203	45.761357	-0.181872	0.065179	44.805779	0.559018	0.104056	45.759586	-0.158899	-0.023881	44.849890	0.539874	0.182481	45.544334	1.372658	0.167480	45.403339	1.730660	0.158925	45.381644	1.340113	0.311704	45.506796	1.366915	-0.039843
391	6.500000	45.593138	0.924678	0.289392	45.668127	0.920849	-0.018565	45.477593	0.836613	0.099587	45.665411	0.354173	0.171862	45.663849	0.369488	0.087077	45.530363	0.331199	0.021582	45.516491	0.340772	0.106263	45.732574	-0.051690	0.072583	45.732992	-0.040203	0.010845	45.172765	0.555190	0.018446	45.170678	0.557104	0.081122	45.727254	0.338857	0.121702	45.476863	0.308226	0.067050	45.661243	-0.128268	0.016058	45.173285	0.664313	0.081852	45.941983	-0.187616	0.007513	44.928210	0.526473	0.153804	45.840511	-0.197188	0.053605	44.992765	0.589650	0.088939	45.845623	-0.172300	-0.034934	45.030932	0.564762	0.168511	45.678238	1.366915	0.171237	45.546733	1.726831	0.163934	45.520032	1.330540	0.319529	45.631210	1.365001	-0.037337
392	6.516667	45.727772	0.917020	0.290542	45.801822	0.913191	-0.019083	45.612227	0.830870	0.100738	45.764483	0.336943	0.164460	45.767197	0.356087	0.079467	45.716098	0.319713	0.015955	45.702226	0.327370	0.100635	45.777626	-0.072749	0.047242	45.778983	-0.057433	-0.012827	45.369866	0.566676	0.017407	45.367779	0.566676	0.080083	45.825388	0.313969	0.112631	45.662598	0.304397	0.061423	45.713595	-0.143584	-0.000209	45.359019	0.677714	0.076225	45.999445	-0.185701	0.008140	45.113527	0.532216	0.139625	45.894427	-0.195274	0.051834	45.181628	0.597307	0.077159	45.900269	-0.178044	-0.039313	45.216458	0.576248	0.158608	45.812872	1.359257	0.172387	45.679907	1.719173	0.170298	45.660819	1.320968	0.323808	45.755624	1.361172	-0.034832
393	6.533333	45.862406	0.905533	0.291692	45.934788	0.903619	-0.016994	45.744253	0.821298	0.101158	45.873776	0.323541	0.155703	45.881704	0.344600	0.072169	45.912991	0.315884	0.010641	45.899119	0.321627	0.095321	45.796294	-0.072749	0.025760	45.797651	-0.055519	-0.034309	45.566968	0.560933	0.016369	45.564881	0.560933	0.079045	45.928528	0.292910	0.100745	45.859491	0.298654	0.056109	45.738103	-0.149327	-0.007405	45.543815	0.673885	0.068929	46.028853	-0.181872	0.013564	45.305936	0.511157	0.130244	45.921020	-0.179958	0.052251	45.374037	0.580077	0.067778	45.928531	-0.178044	-0.039833	45.406468	0.564762	0.152772	45.949175	1.349685	0.172599	45.809535	1.707686	0.174264	45.802544	1.309482	0.329755	45.881706	1.353514	-0.033264
394	6.550000	45.998708	0.897876	0.291904	46.067544	0.895961	-0.019181	45.878887	0.815554	0.102308	45.977333	0.312055	0.152368	45.989536	0.335028	0.068626	46.111031	0.325456	0.011271	46.095491	0.327370	0.096890	45.821740	-0.053605	0.020233	45.825704	-0.036374	-0.039106	45.746758	0.539874	0.011889	45.744671	0.541788	0.074565	46.024263	0.275680	0.095220	46.057531	0.300568	0.056739	45.761880	-0.139755	-0.011993	45.714845	0.648997	0.060590	46.045435	-0.176129	0.019613	45.507314	0.457553	0.128997	45.940939	-0.172300	0.056423	45.561440	0.528387	0.061212	45.950118	-0.176129	-0.036600	45.594810	0.522644	0.147875	46.084539	1.343942	0.171142	45.940832	1.700029	0.177292	45.945000	1.301824	0.333096	46.006850	1.347770	-0.033366
395	6.566667	46.140017	0.895961	0.289300	46.201970	0.895961	-0.022307	46.016128	0.813640	0.104188	46.070148	0.308226	0.157271	46.084958	0.327370	0.074260	46.308758	0.346515	0.023060	46.292279	0.350344	0.107010	45.865123	-0.032546	0.030976	45.870756	-0.017230	-0.029302	45.910905	0.493927	0.003028	45.908818	0.499671	0.065704	46.112072	0.268023	0.102939	46.257865	0.317798	0.069258	45.786596	-0.103380	-0.014912	45.861890	0.585821	0.052563	46.060348	-0.193359	0.026600	45.713384	0.356087	0.136093	45.948760	-0.183787	0.058614	45.743107	0.430751	0.060069	45.963154	-0.181872	-0.032950	45.773140	0.440323	0.148609	46.221363	1.342027	0.164471	46.071920	1.698114	0.176043	46.085578	1.305653	0.333099	46.134392	1.347770	-0.037013
396	6.583333	46.283932	0.897876	0.287426	46.335457	0.899790	-0.027101	46.155768	0.813640	0.102523	46.158165	0.310140	0.169266	46.174644	0.325456	0.085316	46.504087	0.380975	0.038395	46.487607	0.386718	0.122345	45.915806	-0.007658	0.050791	45.924046	0.005743	-0.008756	46.084960	0.419264	0.003971	46.079327	0.432665	0.064248	46.195084	0.264194	0.117750	46.462892	0.344600	0.090120	45.819342	-0.044032	-0.011366	45.998714	0.488184	0.045892	46.053673	-0.199102	0.030354	45.934367	0.225905	0.150177	45.939062	-0.181872	0.053086	45.938957	0.304397	0.068521	45.962215	-0.172300	-0.034618	45.962837	0.331199	0.153932	46.356310	1.345856	0.154462	46.202800	1.700029	0.170519	46.225948	1.311396	0.328826	46.261935	1.349685	-0.040660
397	6.600000	46.430246	0.901704	0.282006	46.466336	0.905533	-0.032625	46.293948	0.815554	0.106072	46.256403	0.319713	0.179906	46.268606	0.333114	0.096164	46.685441	0.419264	0.048410	46.668962	0.425007	0.132361	45.976917	0.024888	0.073527	45.988494	0.034460	0.012103	46.276742	0.333114	0.016906	46.266834	0.348429	0.077392	46.284040	0.266108	0.131413	46.659889	0.373317	0.104516	45.877430	0.024888	0.002089	46.165885	0.380975	0.046313	46.043453	-0.166557	0.031710	46.186740	0.114867	0.157587	45.944276	-0.151241	0.054546	46.171620	0.187616	0.076035	45.976920	-0.139755	-0.031906	46.183403	0.223990	0.159464	46.491257	1.351599	0.144454	46.335557	1.703858	0.168332	46.368925	1.320968	0.325284	46.386870	1.351599	-0.045037
398	6.616667	46.579167	0.909362	0.277317	46.592002	0.911277	-0.039610	46.430459	0.821298	0.110559	46.362253	0.336943	0.188460	46.373518	0.346515	0.103049	46.851673	0.457553	0.047163	46.836133	0.463296	0.132782	46.058156	0.061262	0.104711	46.067126	0.067006	0.042556	46.489174	0.248878	0.031407	46.477597	0.260365	0.092832	46.384676	0.279509	0.138507	46.844894	0.405863	0.101496	45.958460	0.084236	0.028996	46.384782	0.268023	0.052783	46.066291	-0.178044	0.060598	46.494803	0.028717	0.146852	45.977126	-0.103380	0.077803	46.455175	0.086150	0.072495	46.014984	-0.097637	-0.007190	46.456738	0.120610	0.157280	46.622658	1.359257	0.132047	46.471651	1.711515	0.164268	46.521392	1.326712	0.322993	46.503254	1.357343	-0.048997
399	6.633333	46.728089	0.917020	0.272627	46.713392	0.918934	-0.046386	46.567178	0.828955	0.119322	46.475717	0.354173	0.194928	46.482706	0.365659	0.109726	47.005601	0.492013	0.039658	46.992667	0.497756	0.126007	46.150761	0.099551	0.140483	46.155456	0.105295	0.078537	46.731118	0.178044	0.035897	46.723817	0.181872	0.097113	46.493134	0.296739	0.147791	47.019261	0.442237	0.091280	46.056071	0.145498	0.061953	46.635487	0.153156	0.061132	46.075155	-0.145498	0.084167	46.830710	-0.038289	0.127046	46.031041	-0.042118	0.111176	46.764907	0.005743	0.060822	46.072445	-0.045947	0.028582	46.759795	0.032546	0.149361	46.749784	1.368829	0.119848	46.611290	1.721088	0.162602	46.676257	1.332455	0.317157	46.615571	1.361172	-0.048473
400	6.650000	46.873464	0.924678	0.265539	46.838327	0.924678	-0.050763	46.702021	0.834699	0.124748	46.600339	0.367574	0.201710	46.603053	0.379060	0.116716	47.141695	0.509243	0.035593	47.130430	0.513072	0.121004	46.247226	0.149327	0.167496	46.249313	0.151241	0.104819	46.977130	0.128268	0.035903	46.972436	0.128268	0.097849	46.606598	0.310140	0.154259	47.174127	0.467125	0.085443	46.168700	0.214418	0.086463	46.885462	0.059348	0.072088	46.103104	-0.068920	0.094805	47.136583	-0.074663	0.124133	46.102373	0.036374	0.132556	47.054615	-0.040203	0.060412	46.143776	0.024888	0.049962	47.043558	-0.021059	0.150098	46.879517	1.376487	0.108380	46.749053	1.726831	0.157600	46.825909	1.340113	0.309860	46.734562	1.363086	-0.051704
401	6.666667	47.007890	0.928507	0.262414	46.966808	0.926592	-0.052741	46.834047	0.838528	0.125169	46.731845	0.373317	0.209013	46.733619	0.382889	0.122351	47.257557	0.493927	0.038516	47.246292	0.501585	0.123927	46.346194	0.216332	0.175528	46.348281	0.220161	0.112852	47.206873	0.084236	0.053845	47.199572	0.086150	0.115061	46.728404	0.315884	0.156035	47.303025	0.465211	0.092016	46.295199	0.302483	0.096582	47.122296	0.000000	0.094828	46.163277	0.045947	0.080727	47.396151	-0.070835	0.156050	46.187888	0.143584	0.128387	47.309699	-0.053605	0.088262	46.230230	0.126353	0.047461	47.294367	-0.038289	0.178157	47.016132	1.378402	0.097433	46.886607	1.730660	0.148321	46.966070	1.345856	0.301312	46.868779	1.361172	-0.059105
402	6.683333	47.138040	0.930421	0.259497	47.098626	0.924678	-0.056597	46.965136	0.840442	0.123920	46.871693	0.371403	0.211623	46.874406	0.379060	0.126630	47.356525	0.461382	0.046548	47.346928	0.472868	0.131020	46.462786	0.296739	0.175843	46.464873	0.304397	0.113167	47.411587	0.053605	0.085866	47.400010	0.055519	0.147290	46.857094	0.315884	0.158332	47.408145	0.447981	0.103177	46.435048	0.400119	0.099192	47.348389	-0.038289	0.125806	46.254841	0.178044	0.059976	47.624746	-0.045947	0.203193	46.293426	0.266108	0.112955	47.542361	-0.051690	0.130921	46.337645	0.243135	0.035367	47.519208	-0.038289	0.218625	47.153686	1.378402	0.088154	47.026560	1.732574	0.135497	47.101017	1.353514	0.291303	47.008002	1.357343	-0.069322
403	6.700000	47.270796	0.930421	0.257310	47.229715	0.920849	-0.057845	47.095285	0.840442	0.121003	47.020301	0.363745	0.218092	47.022076	0.371403	0.131430	47.451947	0.430751	0.052182	47.442351	0.444152	0.136654	46.605241	0.371403	0.179184	46.608267	0.379060	0.118176	47.579488	0.038289	0.118824	47.565303	0.040203	0.179519	46.996212	0.315884	0.163550	47.509720	0.425007	0.111940	46.593667	0.476697	0.100030	47.535061	-0.067006	0.156992	46.375814	0.292910	0.044649	47.813296	-0.034460	0.237716	46.427435	0.373317	0.101278	47.730911	-0.055519	0.165444	46.472592	0.342686	0.025358	47.703481	-0.040203	0.253357	47.289572	1.374573	0.079814	47.163906	1.730660	0.121943	47.235234	1.357343	0.283902	47.147224	1.351599	-0.079539
404	6.716667	47.403553	0.928507	0.255123	47.362472	0.915106	-0.060032	47.228981	0.834699	0.120485	47.175062	0.354173	0.227690	47.177775	0.359916	0.142697	47.551436	0.402034	0.053332	47.541840	0.415435	0.137803	46.767407	0.428836	0.182420	46.772101	0.432665	0.120474	47.713078	0.022973	0.133740	47.704108	0.028717	0.195895	47.144299	0.310140	0.176902	47.610670	0.402034	0.107875	46.773457	0.528387	0.095550	47.674491	-0.091893	0.186195	46.529011	0.377146	0.039751	47.956168	-0.051690	0.249608	46.593459	0.453724	0.095754	47.870654	-0.080407	0.183488	46.636218	0.413520	0.023380	47.846562	-0.053605	0.269524	47.421182	1.370744	0.071683	47.301251	1.728745	0.108389	47.360900	1.357343	0.276918	47.275497	1.347770	-0.085793
405	6.733333	47.536310	0.922763	0.252936	47.496897	0.909362	-0.063158	47.363406	0.827041	0.117359	47.338583	0.340772	0.241147	47.340358	0.342686	0.154485	47.650717	0.373317	0.050205	47.641121	0.386718	0.134677	46.946467	0.474783	0.180547	46.952100	0.472868	0.120270	47.818929	-0.003829	0.142294	47.813296	0.007658	0.202572	47.300207	0.302483	0.192444	47.709742	0.375232	0.100473	46.969412	0.566676	0.088567	47.776900	-0.107209	0.212061	46.709010	0.444152	0.039546	48.064209	-0.086150	0.250341	46.780132	0.513072	0.091796	47.970561	-0.112952	0.193189	46.816947	0.463296	0.020569	47.956689	-0.076578	0.277870	47.549454	1.365001	0.065429	47.439536	1.723002	0.096504	47.484896	1.353514	0.270872	47.401163	1.342027	-0.092777
406	6.750000	47.669797	0.917020	0.248142	47.629654	0.901704	-0.065345	47.497831	0.819383	0.114234	47.507840	0.327370	0.249181	47.510553	0.327370	0.164187	47.748329	0.348429	0.048017	47.739672	0.361830	0.134158	47.133140	0.499671	0.176589	47.139503	0.495842	0.113704	47.892451	-0.036374	0.155853	47.891094	-0.022973	0.215922	47.467795	0.292910	0.201417	47.808293	0.344600	0.099953	47.159422	0.589650	0.082731	47.843747	-0.122525	0.229374	46.891615	0.482441	0.040072	48.132829	-0.118696	0.251281	46.968474	0.549446	0.086899	48.035322	-0.143584	0.202889	47.001221	0.495842	0.020156	48.030732	-0.101466	0.284546	47.677727	1.359257	0.059174	47.571876	1.715344	0.085765	47.604617	1.349685	0.265034	47.529435	1.332455	-0.099032
407	6.766667	47.802554	0.907448	0.245955	47.761472	0.890218	-0.069200	47.630588	0.807897	0.112047	47.686378	0.312055	0.254191	47.688153	0.312055	0.167528	47.844690	0.325456	0.055320	47.841977	0.342686	0.140313	47.321482	0.507328	0.171692	47.330452	0.503499	0.109537	47.916019	-0.074663	0.182134	47.912055	-0.059348	0.241473	47.643518	0.281424	0.201421	47.904862	0.313969	0.111531	47.341820	0.599222	0.078981	47.865543	-0.147412	0.236883	47.072344	0.493927	0.037260	48.156815	-0.151241	0.250968	47.151809	0.560933	0.084817	48.055971	-0.168471	0.204454	47.183618	0.507328	0.016406	48.051589	-0.135926	0.290386	47.806000	1.349685	0.052920	47.693995	1.703858	0.076382	47.728614	1.340113	0.258989	47.661045	1.319054	-0.107163
408	6.783333	47.936041	0.895961	0.241160	47.890683	0.878731	-0.073786	47.760738	0.796410	0.109130	47.873051	0.300568	0.250232	47.870551	0.298654	0.163778	47.943866	0.306311	0.067628	47.944490	0.327370	0.150744	47.509823	0.501585	0.166794	47.518793	0.497756	0.104640	47.904026	-0.093808	0.199862	47.897454	-0.076578	0.258471	47.829252	0.269937	0.195793	47.998302	0.281424	0.129262	47.523487	0.597307	0.077838	47.850839	-0.170386	0.234171	47.256618	0.478612	0.036848	48.143049	-0.181872	0.249925	47.334415	0.547532	0.085343	48.042935	-0.187616	0.200804	47.369561	0.497756	0.015054	48.037093	-0.170386	0.291950	47.935211	1.338198	0.048335	47.814447	1.690456	0.067938	47.850004	1.330540	0.252213	47.796931	1.301824	-0.115503
409	6.800000	48.066190	0.890218	0.238243	48.027716	0.872988	-0.076182	47.895163	0.792581	0.106004	48.063792	0.300568	0.241789	48.057954	0.300568	0.157212	48.039288	0.294825	0.073261	48.044188	0.317798	0.156169	47.687215	0.482441	0.165860	47.696185	0.482441	0.103705	47.907154	-0.084236	0.193709	47.898914	-0.065091	0.253257	48.018324	0.269937	0.188289	48.085173	0.262279	0.135313	47.694204	0.580077	0.080658	47.843747	-0.170386	0.229374	47.446316	0.432665	0.042170	48.131891	-0.199102	0.249612	47.512224	0.507328	0.092960	48.033237	-0.202931	0.195277	47.549768	0.467125	0.019125	48.028333	-0.195274	0.288091	48.063692	1.334369	0.046356	47.933229	1.684713	0.060432	47.970664	1.326712	0.248044	47.933755	1.294166	-0.122174
410	6.816667	48.196549	0.897876	0.239602	48.168294	0.880645	-0.076178	48.031988	0.796410	0.099333	48.261937	0.321627	0.226985	48.253491	0.321627	0.141678	48.131478	0.294825	0.065338	48.136377	0.315884	0.148246	47.857202	0.446066	0.171287	47.864503	0.449895	0.110071	47.943864	-0.061262	0.173061	47.939900	-0.042118	0.232400	48.218137	0.289081	0.172546	48.170271	0.258450	0.122592	47.845628	0.543703	0.092133	47.858035	-0.134011	0.223534	47.637577	0.348429	0.061989	48.137627	-0.218247	0.244189	47.686382	0.432665	0.113612	48.033237	-0.218247	0.195277	47.722779	0.403948	0.033834	48.031670	-0.197188	0.286214	48.193320	1.342027	0.050322	48.058164	1.690456	0.056055	48.087986	1.332455	0.245752	48.075793	1.299909	-0.127385
411	6.833333	48.325238	0.913191	0.241899	48.314087	0.897876	-0.074715	48.171419	0.807897	0.093392	48.462480	0.359916	0.208635	48.451428	0.361830	0.122598	48.220435	0.304397	0.043857	48.223666	0.323541	0.127703	48.038347	0.390547	0.177026	48.041373	0.400119	0.116019	47.993922	-0.032546	0.144905	47.994233	-0.015316	0.204036	48.427232	0.319713	0.153779	48.254014	0.262279	0.099651	47.989647	0.480526	0.109969	47.893284	-0.065091	0.208101	47.839266	0.235477	0.084728	48.135958	-0.210589	0.245128	47.869300	0.329285	0.138124	48.025832	-0.206760	0.201638	47.901943	0.317798	0.051671	48.037615	-0.170386	0.285067	48.321279	1.357343	0.055226	48.185707	1.703858	0.052407	48.202701	1.345856	0.242731	48.222316	1.315225	-0.128529
412	6.850000	48.455596	0.924678	0.243258	48.459879	0.913191	-0.073252	48.308243	0.819383	0.086720	48.646651	0.400119	0.188512	48.635598	0.402034	0.102475	48.313667	0.321627	0.022167	48.313561	0.336943	0.107891	48.232842	0.325456	0.175258	48.230653	0.335028	0.112790	48.055869	0.001914	0.114455	48.059726	0.013401	0.175984	48.625169	0.352258	0.134700	48.340363	0.271851	0.077440	48.149622	0.403948	0.121027	47.950225	0.005743	0.180466	48.066402	0.128268	0.101941	48.135019	-0.166557	0.243459	48.080062	0.225905	0.153563	48.033237	-0.168471	0.195277	48.104885	0.223990	0.064920	48.059307	-0.126353	0.272866	48.450178	1.372658	0.061799	48.312520	1.715344	0.051367	48.320024	1.355428	0.240439	48.367170	1.328626	-0.128734
413	6.866667	48.585016	0.932336	0.242948	48.603795	0.924678	-0.075126	48.446736	0.827041	0.079111	48.817055	0.434579	0.167346	48.806941	0.440323	0.082978	48.408777	0.342686	0.003815	48.408671	0.354173	0.089538	48.438078	0.260365	0.165251	48.433282	0.268023	0.102053	48.131165	0.034460	0.076496	48.135022	0.042118	0.138026	48.810278	0.382889	0.116245	48.431927	0.289081	0.056689	48.341510	0.315884	0.118529	48.024582	0.061262	0.140839	48.337025	0.032546	0.114461	48.161613	-0.181872	0.208732	48.326491	0.126353	0.162120	48.067652	-0.128268	0.162740	48.342554	0.128268	0.069618	48.101335	-0.088065	0.238244	48.575738	1.384145	0.070249	48.439540	1.724916	0.054603	48.434739	1.359257	0.237417	48.510355	1.340113	-0.128001
414	6.883333	48.713497	0.939993	0.240970	48.746042	0.936164	-0.076061	48.584290	0.834699	0.069832	48.976510	0.463296	0.150142	48.968064	0.474783	0.064835	48.505764	0.365659	-0.011200	48.507326	0.377146	0.073585	48.661147	0.199102	0.151803	48.653014	0.204846	0.090483	48.214803	0.068920	0.033845	48.218661	0.072749	0.095374	48.985167	0.415435	0.099146	48.527037	0.312055	0.038336	48.553629	0.220161	0.109043	48.112497	0.111038	0.097979	48.631426	-0.053605	0.122394	48.177048	-0.164642	0.173692	48.594091	0.038289	0.165359	48.120214	-0.084236	0.115604	48.605877	0.036374	0.073066	48.157442	-0.051690	0.193506	48.702968	1.393717	0.077761	48.565831	1.732574	0.060446	48.549454	1.363086	0.234396	48.652811	1.351599	-0.124661
415	6.900000	48.841978	0.943822	0.238991	48.884013	0.943822	-0.076788	48.718507	0.840442	0.062431	49.120008	0.480526	0.139717	49.115839	0.495842	0.054201	48.614848	0.384804	-0.024233	48.617349	0.394376	0.062220	48.886824	0.145498	0.139086	48.878691	0.149327	0.077765	48.300736	0.109123	0.003082	48.301986	0.111038	0.063882	49.145768	0.438408	0.087887	48.630907	0.327370	0.023843	48.770024	0.134011	0.099350	48.209380	0.168471	0.063254	48.919257	-0.116781	0.118646	48.203329	-0.107209	0.150124	48.861273	-0.028717	0.160047	48.183621	-0.022973	0.079939	48.868784	-0.032546	0.067962	48.224395	0.000000	0.160241	48.830927	1.401375	0.082665	48.693791	1.736403	0.065351	48.670114	1.365001	0.230227	48.792659	1.361172	-0.122050
416	6.916667	48.967852	0.945737	0.236282	49.014162	0.949566	-0.079705	48.846779	0.844271	0.056177	49.250366	0.484355	0.141075	49.241921	0.495842	0.055769	48.739783	0.390547	-0.028611	48.739677	0.400119	0.057113	49.109893	0.097637	0.125638	49.101760	0.099551	0.064317	48.387503	0.164642	-0.010577	48.386354	0.168471	0.053768	49.288954	0.447981	0.088620	48.745622	0.331199	0.020821	48.997577	0.065091	0.089969	48.313041	0.245049	0.044485	49.197494	-0.141669	0.093937	48.252761	-0.019144	0.144285	49.126891	-0.072749	0.140238	48.251616	0.061262	0.068052	49.129188	-0.070835	0.046693	48.295727	0.082321	0.146476	48.962224	1.403289	0.085693	48.820082	1.740232	0.071193	48.801411	1.365001	0.233254	48.928231	1.366915	-0.119231
417	6.933333	49.093726	0.943822	0.233574	49.140036	0.949566	-0.082413	48.971715	0.844271	0.051800	49.364769	0.476697	0.149212	49.355385	0.482441	0.062237	48.876086	0.386718	-0.028399	48.871704	0.398205	0.057533	49.326079	0.061262	0.111668	49.317008	0.065091	0.048679	48.486784	0.233562	-0.013703	48.483758	0.239306	0.047304	49.412637	0.446066	0.093733	48.867429	0.331199	0.022597	49.225861	0.011487	0.077981	48.424732	0.329285	0.032181	49.463947	-0.145498	0.056087	48.320443	0.084236	0.143557	49.384271	-0.097637	0.109688	48.331186	0.160814	0.065029	49.381562	-0.089979	0.018959	48.377905	0.176129	0.144184	49.095189	1.401375	0.087781	48.947103	1.740232	0.074429	48.938652	1.361172	0.235135	49.062135	1.370744	-0.115474
418	6.950000	49.218661	0.941908	0.229197	49.265910	0.949566	-0.085122	49.097589	0.844271	0.049091	49.471141	0.457553	0.150883	49.460088	0.461382	0.064847	49.017394	0.379060	-0.031003	49.010405	0.392462	0.054199	49.512127	0.042118	0.094882	49.503994	0.047861	0.033562	48.607235	0.296739	-0.022148	48.604209	0.304397	0.038860	49.523285	0.436494	0.095195	48.996849	0.329285	0.022287	49.423797	-0.030631	0.058901	48.553943	0.400119	0.027596	49.687643	-0.145498	0.020321	48.413780	0.174215	0.141578	49.598894	-0.114867	0.081223	48.435682	0.248878	0.063363	49.590970	-0.101466	-0.010967	48.484069	0.258450	0.141579	49.230762	1.399461	0.090600	49.076731	1.740232	0.078395	49.076831	1.359257	0.238684	49.195100	1.370744	-0.113385
419	6.966667	49.347142	0.939993	0.227218	49.396060	0.947651	-0.088039	49.226800	0.844271	0.044505	49.561453	0.425007	0.139622	49.549671	0.430751	0.056193	49.160893	0.373317	-0.041428	49.153904	0.386718	0.043774	49.658546	0.024888	0.074028	49.648744	0.030631	0.013646	48.742390	0.348429	-0.027881	48.741972	0.356087	0.033857	49.615266	0.417349	0.082996	49.133464	0.325456	0.011340	49.574491	-0.061262	0.037839	48.704012	0.455638	0.028850	49.847410	-0.155070	-0.008041	48.534439	0.243135	0.137409	49.754385	-0.134011	0.053069	48.567500	0.319713	0.059508	49.744793	-0.118696	-0.038182	48.615887	0.319713	0.137724	49.366334	1.395632	0.093419	49.208236	1.738318	0.085698	49.209797	1.357343	0.240772	49.329734	1.372658	-0.112235
420	6.983333	49.478961	0.934250	0.223363	49.527878	0.947651	-0.091895	49.357680	0.840442	0.038981	49.637791	0.390547	0.123042	49.625070	0.400119	0.037944	49.309397	0.365659	-0.054669	49.304077	0.375232	0.029594	49.772218	0.001914	0.049628	49.762417	0.005743	-0.010754	48.891520	0.390547	-0.028294	48.892770	0.398205	0.032505	49.693273	0.388633	0.065478	49.277693	0.319713	-0.001692	49.689833	-0.082321	0.012500	48.868993	0.499671	0.037093	49.963482	-0.162728	-0.035987	48.678146	0.300568	0.131259	49.870457	-0.153156	0.025123	48.716630	0.379060	0.059094	49.859196	-0.135926	-0.065190	48.768354	0.365659	0.135433	49.501907	1.391803	0.096238	49.344017	1.734489	0.092793	49.344431	1.355428	0.241922	49.462700	1.372658	-0.110146
421	7.000000	49.609110	0.928507	0.220445	49.656359	0.943822	-0.093873	49.486161	0.838528	0.037003	49.717467	0.365659	0.104586	49.709022	0.379060	0.019279	49.464784	0.356087	-0.067389	49.460402	0.361830	0.018543	49.872126	-0.021059	0.024184	49.859717	-0.015316	-0.036928	49.051809	0.423093	-0.028395	49.056604	0.426922	0.034803	49.777224	0.361830	0.046812	49.430473	0.312055	-0.015142	49.791409	-0.103380	-0.013882	49.038250	0.528387	0.045127	50.068395	-0.166557	-0.064246	48.832073	0.340772	0.123754	49.976308	-0.166557	-0.001468	48.876918	0.419264	0.058993	49.963379	-0.149327	-0.090842	48.927704	0.396290	0.133664	49.634872	1.386059	0.098327	49.477191	1.730660	0.099157	49.476666	1.349685	0.246618	49.591389	1.370744	-0.107849
422	7.016667	49.740199	0.922763	0.219197	49.782233	0.939993	-0.096582	49.614642	0.832784	0.035024	49.816852	0.350344	0.086025	49.809346	0.367574	0.002387	49.629662	0.344600	-0.078856	49.625280	0.348429	0.007076	49.962334	-0.038289	-0.006787	49.952533	-0.028717	-0.067169	49.224194	0.444152	-0.026514	49.230659	0.446066	0.035745	49.879217	0.346515	0.028982	49.592743	0.304397	-0.027340	49.892776	-0.130182	-0.044540	49.209905	0.547532	0.049615	50.172369	-0.166557	-0.094174	48.998828	0.359916	0.115624	50.082890	-0.174215	-0.030666	49.046488	0.440323	0.055868	50.069022	-0.158899	-0.121708	49.093937	0.415435	0.132416	49.763562	1.380316	0.100624	49.612033	1.726831	0.104583	49.607233	1.342027	0.252253	49.713196	1.366915	-0.106073
423	7.033333	49.872955	0.915106	0.217010	49.903832	0.936164	-0.099082	49.741663	0.825127	0.038260	49.926458	0.338857	0.066109	49.917283	0.359916	-0.016591	49.800692	0.333114	-0.087195	49.797978	0.336943	-0.002202	50.038777	-0.053605	-0.038801	50.028975	-0.042118	-0.099183	49.401794	0.453724	-0.023173	49.409927	0.453724	0.038148	49.985485	0.333114	0.010942	49.762835	0.294825	-0.037347	49.982046	-0.155070	-0.077180	49.385837	0.555190	0.053895	50.266124	-0.164642	-0.122747	49.174134	0.361830	0.107076	50.175706	-0.174215	-0.060907	49.223671	0.444152	0.050658	50.161838	-0.162728	-0.151949	49.269451	0.417349	0.128144	49.889644	1.374573	0.102191	49.745207	1.721088	0.110948	49.736861	1.332455	0.256219	49.831665	1.361172	-0.102421
424	7.050000	50.004044	0.907448	0.215762	50.028037	0.930421	-0.100852	49.869414	0.817469	0.038889	50.034603	0.329285	0.051407	50.025428	0.354173	-0.031293	49.976936	0.327370	-0.094074	49.975161	0.329285	-0.007412	50.094779	-0.070835	-0.068104	50.084978	-0.055519	-0.128486	49.579186	0.449895	-0.024107	49.588257	0.447981	0.038882	50.091754	0.319713	-0.007097	49.940018	0.289081	-0.042558	50.046078	-0.166557	-0.100017	49.556345	0.549446	0.052439	50.332763	-0.164642	-0.144854	49.357991	0.342686	0.098112	50.240677	-0.172300	-0.082075	49.402523	0.426922	0.044509	50.226809	-0.164642	-0.173118	49.446634	0.403948	0.122934	50.014788	1.366915	0.102089	49.877442	1.713430	0.115644	49.868366	1.322883	0.263522	49.951803	1.357343	-0.099706
425	7.066667	50.135132	0.901704	0.214513	50.152242	0.922763	-0.102622	49.998103	0.809811	0.041186	50.143687	0.321627	0.038373	50.134512	0.346515	-0.044326	50.161211	0.325456	-0.094487	50.157767	0.327370	-0.006887	50.118662	-0.080407	-0.088127	50.107191	-0.063177	-0.147570	49.755639	0.426922	-0.026710	49.763772	0.426922	0.034610	50.192078	0.302483	-0.023989	50.124292	0.287167	-0.042971	50.070586	-0.164642	-0.107212	49.715278	0.524558	0.042118	50.358939	-0.164642	-0.152988	49.542996	0.296739	0.095092	50.264246	-0.170386	-0.090939	49.579497	0.384804	0.035023	50.250378	-0.164642	-0.181982	49.621210	0.369488	0.116993	50.145876	1.357343	0.100841	50.005193	1.705772	0.116272	50.009153	1.311396	0.267801	50.071003	1.349685	-0.098661
426	7.083333	50.267889	0.894047	0.212326	50.278116	0.915106	-0.105330	50.128462	0.800239	0.042544	50.252980	0.312055	0.029616	50.240467	0.340772	-0.051207	50.346632	0.329285	-0.088956	50.343919	0.331199	-0.003962	50.125336	-0.070835	-0.091881	50.108860	-0.049776	-0.148509	49.934490	0.390547	-0.032859	49.940955	0.392462	0.029400	50.290003	0.285253	-0.037335	50.314928	0.289081	-0.035979	50.067249	-0.147412	-0.105335	49.871396	0.480526	0.026791	50.356332	-0.164642	-0.153718	49.734883	0.229734	0.092593	50.261639	-0.166557	-0.091669	49.760017	0.321627	0.027936	50.245163	-0.162728	-0.183442	49.801730	0.319713	0.109906	50.277694	1.349685	0.096985	50.130337	1.696200	0.116171	50.151608	1.301824	0.271141	50.189264	1.340113	-0.099284
427	7.100000	50.398038	0.892132	0.209409	50.401383	0.911277	-0.108769	50.256213	0.796410	0.043173	50.354138	0.308226	0.029827	50.343294	0.336943	-0.051934	50.530385	0.346515	-0.082486	50.524334	0.348429	0.004385	50.144942	-0.040203	-0.076550	50.131073	-0.017230	-0.132448	50.110005	0.342686	-0.037131	50.114800	0.348429	0.026067	50.379794	0.275680	-0.041713	50.502956	0.300568	-0.029718	50.070064	-0.118696	-0.100329	50.036273	0.426922	0.015324	50.346842	-0.168471	-0.154969	49.949088	0.160814	0.090721	50.258301	-0.170386	-0.089792	49.958579	0.246964	0.021683	50.241826	-0.160814	-0.181565	49.995286	0.260365	0.106469	50.406906	1.345856	0.092400	50.255481	1.692371	0.116069	50.290518	1.297995	0.272083	50.305856	1.338198	-0.098968
428	7.116667	50.531525	0.899790	0.204615	50.522043	0.918934	-0.112938	50.383964	0.802153	0.043802	50.440278	0.312055	0.038484	50.429434	0.338857	-0.043277	50.710070	0.380975	-0.071532	50.701413	0.384804	0.014609	50.185404	-0.005743	-0.055379	50.174873	0.017230	-0.113154	50.297616	0.294825	-0.039421	50.298136	0.300568	0.023985	50.459990	0.277595	-0.031909	50.689525	0.333114	-0.018242	50.085916	-0.055519	-0.091673	50.212517	0.356087	0.008445	50.332346	-0.197188	-0.153405	50.195830	0.082321	0.088119	50.244744	-0.168471	-0.086560	50.182065	0.164642	0.016787	50.236090	-0.145498	-0.176142	50.210221	0.185701	0.101990	50.529964	1.353514	0.084685	50.385839	1.700029	0.117428	50.421606	1.307567	0.270834	50.414627	1.345856	-0.100843
429	7.133333	50.664804	0.911277	0.195545	50.640825	0.932336	-0.120444	50.512445	0.811725	0.041823	50.514739	0.325456	0.053712	50.509839	0.350344	-0.029196	50.882143	0.428836	-0.058492	50.873485	0.432665	0.027648	50.234418	0.030631	-0.034625	50.229831	0.049776	-0.093547	50.505146	0.243135	-0.037539	50.502121	0.250793	0.023469	50.534659	0.285253	-0.012405	50.875363	0.379060	-0.004159	50.120747	0.026802	-0.080514	50.404405	0.273766	0.005946	50.280203	-0.199102	-0.168007	50.463220	0.003829	0.087082	50.216065	-0.141669	-0.094590	50.430476	0.080407	0.013247	50.223055	-0.103380	-0.179792	50.445804	0.109123	0.099075	50.649476	1.366915	0.074572	50.514529	1.711515	0.119725	50.550087	1.322883	0.268856	50.520061	1.357343	-0.100841
430	7.150000	50.798291	0.922763	0.190751	50.763153	0.941908	-0.125551	50.639257	0.823212	0.040783	50.599211	0.344600	0.063308	50.596918	0.365659	-0.018870	51.039511	0.467125	-0.048164	51.026577	0.472868	0.038185	50.292714	0.068920	-0.016895	50.292403	0.084236	-0.076026	50.725712	0.193359	-0.032007	50.718411	0.201017	0.029209	50.614333	0.296739	0.004282	51.048166	0.417349	0.006274	50.184987	0.105295	-0.063931	50.609328	0.193359	0.007098	50.255070	-0.155070	-0.173639	50.736555	-0.055519	0.084899	50.216065	-0.086150	-0.094590	50.687647	0.015316	0.013566	50.238697	-0.045947	-0.175412	50.692755	0.045947	0.100749	50.769928	1.378402	0.066128	50.643948	1.721088	0.119415	50.681175	1.334369	0.267607	50.628102	1.366915	-0.100108
431	7.166667	50.931778	0.928507	0.185957	50.887359	0.947651	-0.127321	50.767947	0.828955	0.043080	50.694633	0.361830	0.068942	50.693070	0.384804	-0.015843	51.179568	0.490098	-0.041278	51.166634	0.495842	0.045071	50.366444	0.109123	0.000940	50.366863	0.122525	-0.060798	50.946487	0.143584	-0.022199	50.939185	0.149327	0.039017	50.705480	0.312055	0.010124	51.203657	0.442237	0.013264	50.264662	0.162728	-0.047243	50.836985	0.120610	0.017428	50.281454	-0.116781	-0.142352	51.024386	-0.084236	0.081151	50.259344	-0.030631	-0.068413	50.958583	-0.030631	0.014927	50.287920	0.000000	-0.150382	50.957747	-0.003829	0.103258	50.891317	1.387974	0.059352	50.770552	1.728745	0.114100	50.816539	1.342027	0.266151	50.737081	1.370744	-0.097707
432	7.183333	51.065473	0.934250	0.185438	51.011564	0.949566	-0.129091	50.895906	0.836613	0.047985	50.796729	0.379060	0.070821	50.796105	0.402034	-0.012295	51.307527	0.497756	-0.036374	51.296262	0.507328	0.049037	50.451333	0.151241	0.019087	50.450083	0.164642	-0.041712	51.172475	0.105295	-0.010931	51.163505	0.111038	0.051224	50.804239	0.329285	0.013881	51.345382	0.459467	0.019212	50.353618	0.212504	-0.033580	51.075071	0.055519	0.030677	50.336933	-0.072749	-0.094483	51.312217	-0.095722	0.077403	50.326295	0.021059	-0.031390	51.231188	-0.059348	0.015351	50.355601	0.038289	-0.115966	51.229622	-0.036374	0.106289	51.013646	1.395632	0.054245	50.897156	1.734489	0.108784	50.955240	1.345856	0.262817	50.848668	1.370744	-0.094576
433	7.200000	51.193954	0.938079	0.183460	51.136708	0.949566	-0.129193	51.021989	0.840442	0.049552	50.910923	0.390547	0.074683	50.910299	0.411606	-0.008434	51.427665	0.493927	-0.033659	51.419007	0.505414	0.052481	50.545504	0.193359	0.034211	50.543315	0.206760	-0.028257	51.385637	0.084236	0.000963	51.375728	0.088065	0.061449	50.911550	0.340772	0.017221	51.474071	0.469039	0.021509	50.456861	0.266108	-0.025756	51.299391	0.007658	0.042884	50.406283	-0.017230	-0.061006	51.568867	-0.093808	0.084605	50.405656	0.078492	-0.003544	51.477617	-0.070835	0.023908	50.437361	0.084236	-0.091665	51.470836	-0.051690	0.113386	51.139311	1.399461	0.047260	51.022822	1.738318	0.101800	51.092064	1.351599	0.256145	50.965260	1.370744	-0.094260
434	7.216667	51.319828	0.941908	0.180751	51.262582	0.951480	-0.131901	51.147132	0.844271	0.049451	51.037214	0.392462	0.080525	51.038259	0.411606	-0.003529	51.536645	0.480526	-0.031258	51.525380	0.492013	0.054152	50.649686	0.243135	0.043703	50.647497	0.254621	-0.018764	51.578150	0.070835	0.011292	51.566572	0.072749	0.072716	51.031896	0.340772	0.024211	51.588265	0.465211	0.025370	50.576269	0.327370	-0.020434	51.502124	-0.021059	0.051857	50.484602	0.055519	-0.054538	51.779316	-0.076578	0.111203	50.495864	0.151241	0.000630	51.691196	-0.068920	0.044353	50.529446	0.149327	-0.084155	51.675863	-0.047861	0.134248	51.266645	1.403289	0.039338	51.149426	1.740232	0.096484	51.227220	1.357343	0.250413	51.094471	1.370744	-0.098846
435	7.233333	51.444033	0.943822	0.178981	51.388456	0.949566	-0.134610	51.271338	0.846185	0.047681	51.172995	0.388633	0.087620	51.174039	0.403948	0.003565	51.635195	0.459467	-0.031778	51.622262	0.467125	0.054571	50.768155	0.292910	0.047356	50.769512	0.304397	-0.012713	51.749284	0.061262	0.022663	51.735099	0.063177	0.083357	51.159126	0.336943	0.031722	51.690362	0.449895	0.027250	50.713511	0.390547	-0.018554	51.683478	-0.034460	0.061873	50.578669	0.137840	-0.059125	51.958584	-0.051690	0.148750	50.601089	0.229734	-0.003644	51.876929	-0.057433	0.073870	50.641554	0.222076	-0.087906	51.851168	-0.036374	0.160845	51.399193	1.403289	0.032875	51.276760	1.742147	0.088561	51.362167	1.363086	0.240404	51.227750	1.372658	-0.107916
436	7.250000	51.568239	0.943822	0.177211	51.512661	0.947651	-0.136380	51.394605	0.844271	0.044242	51.315658	0.379060	0.095236	51.318372	0.392462	0.010243	51.732078	0.436494	-0.031358	51.718206	0.444152	0.053322	50.903728	0.338857	0.050175	50.905815	0.348429	-0.012501	51.893095	0.051690	0.036223	51.877242	0.055519	0.097856	51.297514	0.331199	0.039547	51.787244	0.432665	0.027669	50.861702	0.440323	-0.020636	51.835840	-0.047861	0.075017	50.692237	0.208675	-0.068091	52.106566	-0.042118	0.177536	50.726755	0.296739	-0.010628	52.029917	-0.057433	0.099841	50.769097	0.283338	-0.091553	51.998003	-0.034460	0.183687	51.527466	1.401375	0.026621	51.402425	1.742147	0.081577	51.492108	1.365001	0.233211	51.361028	1.370744	-0.116986
437	7.266667	51.693174	0.941908	0.172834	51.637596	0.941908	-0.140757	51.520479	0.840442	0.041533	51.465205	0.365659	0.103374	51.469587	0.379060	0.017442	51.830628	0.413520	-0.031877	51.815088	0.423093	0.053742	51.051919	0.371403	0.048093	51.056613	0.379060	-0.013853	52.005098	0.038289	0.047906	51.993521	0.044032	0.109330	51.442785	0.321627	0.047893	51.888402	0.415435	0.027880	51.021573	0.472868	-0.029289	51.948261	-0.063177	0.095251	50.830000	0.258450	-0.073093	52.222115	-0.065091	0.191618	50.873799	0.346515	-0.018655	52.140460	-0.082321	0.116738	50.917080	0.323541	-0.097912	52.111884	-0.051690	0.198707	51.653862	1.395632	0.017029	51.529759	1.740232	0.073654	51.612559	1.365001	0.224767	51.489092	1.366915	-0.127516
438	7.283333	51.815502	0.938079	0.167727	51.759925	0.936164	-0.145864	51.643745	0.834699	0.038095	51.622365	0.350344	0.109426	51.625078	0.361830	0.024433	51.926781	0.392462	-0.028851	51.912909	0.403948	0.055830	51.211060	0.394376	0.042048	51.218362	0.398205	-0.019168	52.094784	0.015316	0.058962	52.085814	0.022973	0.121117	51.595669	0.308226	0.054154	51.984345	0.392462	0.026631	51.193333	0.493927	-0.040235	52.029082	-0.078492	0.117883	50.984866	0.292910	-0.078930	52.306587	-0.105295	0.201214	51.035339	0.380975	-0.028245	52.220865	-0.116781	0.130819	51.078828	0.350344	-0.103226	52.199172	-0.078492	0.213309	51.776920	1.389888	0.009315	51.656155	1.734489	0.064062	51.728005	1.361172	0.219138	51.615488	1.359257	-0.137107
439	7.300000	51.940438	0.932336	0.163350	51.885799	0.928507	-0.148573	51.770349	0.827041	0.032779	51.787138	0.336943	0.113393	51.789851	0.346515	0.028399	52.023871	0.371403	-0.024156	52.011668	0.386718	0.059586	51.378023	0.405863	0.038193	51.388662	0.407777	-0.024900	52.163300	-0.015316	0.075337	52.157667	-0.003829	0.135614	51.757104	0.294825	0.059997	52.082166	0.367574	0.028719	51.366032	0.503499	-0.049512	52.093322	-0.095722	0.134466	51.151828	0.310140	-0.082785	52.371870	-0.137840	0.204031	51.203032	0.396290	-0.034707	52.282081	-0.145498	0.138120	51.246521	0.361830	-0.109688	52.267270	-0.105295	0.221132	51.900917	1.382231	0.003269	51.778275	1.726831	0.054679	51.842512	1.357343	0.211841	51.745220	1.349685	-0.148576
440	7.316667	52.063913	0.922763	0.164187	52.018556	0.917020	-0.150760	51.897892	0.815554	0.029132	51.958793	0.321627	0.117881	51.961507	0.329285	0.032888	52.125238	0.348429	-0.019669	52.117310	0.365659	0.063864	51.554268	0.405863	0.031314	51.565845	0.407777	-0.030111	52.201156	-0.051690	0.095778	52.192916	-0.038289	0.155325	51.927821	0.283338	0.062817	52.182073	0.338857	0.038420	51.534664	0.503499	-0.054306	52.138166	-0.130182	0.139994	51.326613	0.304397	-0.084449	52.419842	-0.151241	0.203407	51.375209	0.392462	-0.037102	52.330053	-0.160814	0.137495	51.418698	0.359916	-0.112083	52.312844	-0.132097	0.224053	52.027521	1.372658	-0.002047	51.897787	1.715344	0.044566	51.955350	1.349685	0.205482	51.877560	1.334369	-0.159314
441	7.333333	52.189057	0.913191	0.164085	52.152251	0.903619	-0.151278	52.026373	0.804068	0.027153	52.138062	0.308226	0.120284	52.139837	0.317798	0.033622	52.227543	0.327370	-0.013514	52.223891	0.348429	0.069811	51.735726	0.396290	0.025895	51.747304	0.400119	-0.035529	52.213878	-0.078492	0.110587	52.203031	-0.061262	0.169404	52.107820	0.271851	0.062613	52.280310	0.306311	0.049059	51.705172	0.493927	-0.055762	52.164550	-0.164642	0.136136	51.509218	0.279509	-0.083924	52.448834	-0.158899	0.200279	51.555208	0.371403	-0.037307	52.359775	-0.166557	0.131760	51.597758	0.342686	-0.113956	52.340167	-0.155070	0.221863	52.153395	1.361172	-0.004755	52.013024	1.701943	0.034662	52.065581	1.338198	0.198393	52.014176	1.317139	-0.170261
442	7.350000	52.310864	0.907448	0.165861	52.286885	0.897876	-0.150128	52.155584	0.798324	0.022568	52.317122	0.310140	0.118411	52.319835	0.317798	0.033417	52.324633	0.312055	-0.008819	52.325257	0.335028	0.074298	51.909572	0.375232	0.022562	51.922088	0.380975	-0.037194	52.230981	-0.078492	0.109753	52.220134	-0.061262	0.168570	52.289487	0.269937	0.061470	52.372395	0.285253	0.056570	51.873282	0.470954	-0.053672	52.186659	-0.176129	0.132486	51.702983	0.237391	-0.083085	52.469274	-0.162728	0.197568	51.739691	0.331199	-0.033444	52.381884	-0.170386	0.128111	51.780364	0.310140	-0.113431	52.360607	-0.168471	0.219152	52.275931	1.355428	-0.005587	52.129200	1.694285	0.026426	52.176750	1.332455	0.192972	52.150061	1.307567	-0.178601
443	7.366667	52.431940	0.915106	0.170244	52.419850	0.903619	-0.148039	52.283127	0.802153	0.018921	52.499519	0.327370	0.114661	52.497957	0.336943	0.029876	52.414841	0.312055	-0.004645	52.412858	0.335028	0.077741	52.083835	0.340772	0.027780	52.095412	0.350344	-0.033644	52.260495	-0.061262	0.099742	52.249647	-0.044032	0.158559	52.474283	0.287167	0.054174	52.453843	0.279509	0.056885	52.032319	0.428836	-0.044283	52.198548	-0.151241	0.130192	51.910513	0.170386	-0.081203	52.482831	-0.174215	0.194335	51.928658	0.264194	-0.025514	52.391374	-0.181872	0.129362	51.967454	0.256536	-0.108838	52.370827	-0.172300	0.217797	52.394401	1.361172	-0.001934	52.247252	1.698114	0.021527	52.282914	1.334369	0.190368	52.281880	1.313310	-0.182457
444	7.383333	52.550410	0.926592	0.173896	52.553754	0.918934	-0.144282	52.413276	0.811725	0.016003	52.681708	0.359916	0.106635	52.677538	0.369488	0.021120	52.500356	0.321627	-0.008815	52.492428	0.342686	0.074719	52.267379	0.294825	0.029975	52.274681	0.308226	-0.031241	52.295744	-0.034460	0.084308	52.287504	-0.015316	0.143856	52.662416	0.317798	0.045001	52.530806	0.283338	0.053132	52.189896	0.367574	-0.029679	52.208559	-0.099551	0.124561	52.129202	0.089979	-0.079008	52.481163	-0.179958	0.195274	52.128783	0.183787	-0.017270	52.385429	-0.185701	0.130509	52.163096	0.189530	-0.104662	52.370827	-0.156985	0.217797	52.512140	1.374573	0.004326	52.363844	1.709601	0.021842	52.390016	1.342027	0.189431	52.412968	1.326712	-0.183705
445	7.400000	52.667940	0.939993	0.175881	52.687658	0.932336	-0.140524	52.539880	0.823212	0.010688	52.849192	0.394376	0.095897	52.843354	0.405863	0.011320	52.583056	0.333114	-0.017990	52.575128	0.354173	0.065543	52.462604	0.243135	0.025599	52.463961	0.260365	-0.034470	52.343612	-0.001914	0.063974	52.337979	0.015316	0.124251	52.842728	0.346515	0.033638	52.609230	0.290996	0.044165	52.362490	0.300568	-0.023522	52.238803	-0.038289	0.111943	52.364055	0.017230	-0.079316	52.471673	-0.166557	0.194022	52.347472	0.107209	-0.015075	52.381884	-0.170386	0.128111	52.373233	0.124439	-0.102050	52.378232	-0.130182	0.211436	52.628211	1.387974	0.011524	52.483774	1.719173	0.020281	52.496180	1.347770	0.186827	52.542388	1.342027	-0.184015
446	7.416667	52.787140	0.947651	0.176926	52.819685	0.945737	-0.140104	52.666484	0.832784	0.005372	53.004580	0.423093	0.083177	53.000410	0.438408	-0.002338	52.662731	0.350344	-0.036447	52.655742	0.369488	0.048755	52.660957	0.195274	0.015071	52.659707	0.210589	-0.045729	52.403160	0.030631	0.037069	52.400134	0.042118	0.098077	53.011151	0.377146	0.024569	52.686298	0.306311	0.024978	52.555837	0.231648	-0.031235	52.290216	0.021059	0.094007	52.619766	-0.045947	-0.073783	52.483458	-0.183787	0.172018	52.583994	0.040203	-0.016321	52.390540	-0.145498	0.112259	52.604541	0.057433	-0.104756	52.404721	-0.101466	0.192143	52.743343	1.399461	0.017054	52.603704	1.728745	0.018719	52.604013	1.351599	0.183283	52.678690	1.355428	-0.183804
447	7.433333	52.908008	0.957223	0.177033	52.950043	0.957223	-0.138746	52.793088	0.844271	0.000056	53.148808	0.449895	0.070145	53.150792	0.470954	-0.012241	52.740738	0.375232	-0.053965	52.737086	0.390547	0.029360	52.871199	0.153156	0.002248	52.868280	0.166557	-0.057612	52.471781	0.061262	0.002865	52.471363	0.068920	0.064602	53.171022	0.409692	0.015916	52.763158	0.325456	0.001516	52.762533	0.160814	-0.046456	52.361862	0.082321	0.069084	52.888304	-0.097637	-0.068875	52.480955	-0.170386	0.155853	52.833343	-0.019144	-0.018193	52.412753	-0.105295	0.093176	52.851283	-0.001914	-0.107358	52.443829	-0.063177	0.167950	52.861083	1.409033	0.023314	52.723633	1.738318	0.017158	52.713514	1.355428	0.178802	52.814263	1.368829	-0.180985
448	7.450000	53.029606	0.962967	0.174533	53.079462	0.964881	-0.139055	52.918024	0.851929	-0.004321	53.283964	0.467125	0.064412	53.287616	0.492013	-0.018913	52.832719	0.394376	-0.066165	52.831674	0.407777	0.017890	53.082588	0.116781	-0.004630	53.080399	0.128268	-0.067098	52.542697	0.095722	-0.019451	52.544885	0.099551	0.043017	53.319944	0.432665	0.011227	52.852323	0.340772	-0.015690	52.973714	0.097637	-0.057610	52.446543	0.143584	0.047812	53.152357	-0.132097	-0.068035	52.492427	-0.126353	0.145008	53.081024	-0.061262	-0.019126	52.453008	-0.049776	0.074926	53.096356	-0.045947	-0.109021	52.496911	-0.015316	0.149075	52.977883	1.418605	0.027905	52.841894	1.744061	0.016535	52.825622	1.357343	0.175050	52.945559	1.380316	-0.177957
449	7.466667	53.153082	0.966796	0.175370	53.201999	0.968710	-0.139887	53.040560	0.855758	-0.005152	53.410776	0.474783	0.063372	53.409214	0.493927	-0.021413	52.945765	0.402034	-0.068248	52.944721	0.415435	0.015807	53.293977	0.084236	-0.011508	53.290120	0.095722	-0.073037	52.619452	0.141669	-0.027479	52.619972	0.145498	0.035927	53.455308	0.444152	0.009770	52.955880	0.344600	-0.019024	53.190317	0.045947	-0.063028	52.534248	0.204846	0.035821	53.412448	-0.135926	-0.078145	52.529553	-0.067006	0.132911	53.331833	-0.084236	-0.026212	52.507968	0.013401	0.059389	53.340283	-0.067006	-0.116628	52.552809	0.040203	0.135206	53.100420	1.422434	0.027074	52.958486	1.745975	0.016850	52.943674	1.359257	0.170151	53.073310	1.386059	-0.177329
450	7.483333	53.278955	0.970624	0.172662	53.321929	0.966796	-0.141449	53.163306	0.855758	-0.001708	53.530914	0.472868	0.066086	53.518193	0.484355	-0.019012	53.070179	0.400119	-0.065742	53.070073	0.413520	0.019981	53.501090	0.061262	-0.018178	53.494626	0.072749	-0.080437	52.706844	0.195274	-0.028312	52.708094	0.201017	0.032487	53.578783	0.447981	0.010607	53.072681	0.342686	-0.014433	53.410466	0.003829	-0.066047	52.624769	0.269937	0.028836	53.665448	-0.120610	-0.093052	52.584304	-0.003829	0.113098	53.578158	-0.091893	-0.037365	52.575754	0.082321	0.043226	53.579725	-0.070835	-0.128303	52.617467	0.099551	0.125196	53.225564	1.422434	0.026972	53.073410	1.747890	0.018104	53.063604	1.361172	0.168590	53.199184	1.387974	-0.180037
451	7.500000	53.402431	0.970624	0.173499	53.441858	0.964881	-0.143010	53.282505	0.855758	-0.000663	53.640624	0.463296	0.065880	53.623627	0.470954	-0.019009	53.201476	0.394376	-0.062715	53.198763	0.409692	0.022279	53.685886	0.053605	-0.025474	53.677753	0.063177	-0.086794	52.810401	0.248878	-0.031646	52.809982	0.254621	0.030091	53.690161	0.446066	0.009463	53.193758	0.340772	-0.010050	53.607359	-0.024888	-0.071361	52.733540	0.329285	0.026961	53.884033	-0.105295	-0.110567	52.660851	0.057433	0.100794	53.790069	-0.091893	-0.051126	52.662729	0.147412	0.033842	53.783084	-0.068920	-0.141647	52.702774	0.158899	0.116751	53.353315	1.422434	0.027601	53.191880	1.745975	0.021757	53.188748	1.361172	0.168488	53.324328	1.387974	-0.180139
452	7.516667	53.523299	0.966796	0.173606	53.562726	0.962967	-0.142903	53.403373	0.853843	-0.000556	53.738966	0.446066	0.061085	53.720301	0.453724	-0.022866	53.335901	0.386718	-0.065840	53.333188	0.402034	0.019153	53.841482	0.047861	-0.033917	53.831680	0.057433	-0.094299	52.929392	0.294825	-0.034877	52.929912	0.302483	0.028530	53.790902	0.438408	0.001122	53.320570	0.335028	-0.011090	53.769838	-0.042118	-0.079284	52.862960	0.382889	0.026651	54.050892	-0.095722	-0.134132	52.760340	0.122525	0.101944	53.958075	-0.089979	-0.068746	52.770770	0.210589	0.034575	53.945146	-0.067006	-0.158120	52.814152	0.216332	0.115606	53.481066	1.418605	0.028229	53.315355	1.744061	0.022594	53.317437	1.361172	0.170785	53.450411	1.387974	-0.178572
453	7.533333	53.644167	0.962967	0.173713	53.684533	0.959138	-0.141127	53.524241	0.851929	-0.000448	53.826880	0.423093	0.053370	53.809883	0.434579	-0.031519	53.475333	0.377146	-0.071782	53.472619	0.390547	0.013212	53.975490	0.042118	-0.045594	53.961413	0.049776	-0.105768	53.060480	0.335028	-0.036125	53.062668	0.344600	0.026343	53.880484	0.423093	-0.007532	53.454057	0.329285	-0.015884	53.904785	-0.049776	-0.089292	53.008022	0.432665	0.030721	54.184275	-0.088065	-0.158636	52.880687	0.183787	0.108933	54.095942	-0.088065	-0.089183	52.898000	0.271851	0.042086	54.077068	-0.065091	-0.177410	52.946387	0.271851	0.120302	53.609756	1.414776	0.030527	53.440707	1.742147	0.026768	53.448734	1.361172	0.173813	53.576493	1.384145	-0.177004
454	7.550000	53.765035	0.955309	0.173820	53.805401	0.953394	-0.141020	53.645110	0.846185	-0.000341	53.916462	0.402034	0.044717	53.900404	0.417349	-0.038504	53.619978	0.363745	-0.076263	53.617265	0.377146	0.008731	54.089580	0.030631	-0.061443	54.072166	0.038289	-0.119740	53.201997	0.365659	-0.034453	53.207523	0.377146	0.026137	53.971735	0.405863	-0.017124	53.594427	0.319713	-0.020157	54.020960	-0.061262	-0.097528	53.158299	0.467125	0.036252	54.297217	-0.089979	-0.180429	53.015529	0.227819	0.114359	54.212431	-0.093808	-0.108578	53.036388	0.313969	0.049911	54.190220	-0.072749	-0.194928	53.089781	0.308226	0.125311	53.737507	1.409033	0.031155	53.566790	1.736403	0.028336	53.578362	1.357343	0.177778	53.700907	1.380316	-0.174499
455	7.566667	53.888510	0.943822	0.174657	53.923662	0.945737	-0.141643	53.764309	0.836613	0.000704	54.011989	0.382889	0.034916	53.996869	0.400119	-0.046637	53.771298	0.348429	-0.084498	53.768585	0.359916	0.000496	54.185837	0.013401	-0.073851	54.170091	0.021059	-0.133086	53.353942	0.384804	-0.029861	53.362075	0.392462	0.031460	54.068201	0.386718	-0.025256	53.740532	0.306311	-0.029852	54.120554	-0.084236	-0.111813	53.314729	0.482441	0.044911	54.395873	-0.112952	-0.196383	53.160383	0.245049	0.114154	54.312025	-0.114867	-0.122863	53.185726	0.335028	0.053773	54.287207	-0.093808	-0.209943	53.239119	0.323541	0.129173	53.861920	1.399461	0.033661	53.692872	1.728745	0.029903	53.704653	1.347770	0.183621	53.821983	1.370744	-0.170116
456	7.583333	54.014593	0.932336	0.176224	54.040254	0.934250	-0.141328	53.885386	0.825127	0.005087	54.111061	0.361830	0.027514	54.095003	0.382889	-0.055707	53.924287	0.333114	-0.093672	53.925849	0.340772	-0.008887	54.266659	-0.013401	-0.086364	54.252582	-0.003829	-0.146537	53.514648	0.388633	-0.021410	53.522780	0.394376	0.039910	54.167273	0.365659	-0.032658	53.895190	0.290996	-0.039965	54.198770	-0.111038	-0.125056	53.475643	0.484355	0.057638	54.475027	-0.145498	-0.207957	53.318794	0.245049	0.110716	54.391179	-0.145498	-0.134437	53.346953	0.336943	0.055341	54.366360	-0.124439	-0.221517	53.396070	0.321627	0.130950	53.983727	1.387974	0.035437	53.821562	1.719173	0.032200	53.828337	1.336284	0.188734	53.942121	1.359257	-0.167402
457	7.600000	54.139737	0.920849	0.176123	54.156847	0.924678	-0.141012	54.005524	0.815554	0.007801	54.208465	0.346515	0.021050	54.195014	0.367574	-0.061441	54.085097	0.321627	-0.100655	54.087598	0.327370	-0.014201	54.322557	-0.042118	-0.100233	54.310149	-0.028717	-0.161345	53.676083	0.382889	-0.015567	53.686823	0.384804	0.046484	54.264677	0.342686	-0.039122	54.056000	0.279509	-0.046948	54.254876	-0.130182	-0.134649	53.635409	0.474783	0.064420	54.530403	-0.168471	-0.214943	53.486696	0.229734	0.108530	54.446555	-0.166557	-0.141423	53.511517	0.323541	0.055032	54.423405	-0.149327	-0.229441	53.561573	0.308226	0.132309	54.107202	1.376487	0.036274	53.945975	1.709601	0.034706	53.956296	1.324797	0.193639	54.057984	1.349685	-0.164479
458	7.616667	54.262273	0.913191	0.175291	54.275108	0.917020	-0.141635	54.125662	0.807897	0.010515	54.310145	0.333114	0.014378	54.299301	0.358002	-0.067383	54.253937	0.313969	-0.101173	54.255499	0.319713	-0.016388	54.344979	-0.067006	-0.115041	54.329233	-0.051690	-0.174276	53.843984	0.365659	-0.017753	53.854724	0.367574	0.044298	54.362811	0.321627	-0.048193	54.226508	0.273766	-0.048404	54.280531	-0.143584	-0.135899	53.789337	0.453724	0.056915	54.559603	-0.174215	-0.213795	53.660750	0.199102	0.109473	54.472209	-0.172300	-0.142674	53.680149	0.292910	0.050238	54.449060	-0.158899	-0.230692	53.727806	0.285253	0.131062	54.232346	1.366915	0.036172	54.068721	1.701943	0.038150	54.090409	1.317139	0.201672	54.170300	1.342027	-0.163955
459	7.633333	54.383141	0.909362	0.175398	54.392430	0.909362	-0.143927	54.247468	0.800239	0.012291	54.412763	0.325456	0.009375	54.401919	0.350344	-0.072386	54.427991	0.313969	-0.100230	54.428823	0.321627	-0.012838	54.340495	-0.070835	-0.119108	54.325688	-0.051690	-0.176674	54.013554	0.336943	-0.020877	54.024294	0.340772	0.041173	54.455730	0.302483	-0.058723	54.402439	0.271851	-0.044125	54.279801	-0.147412	-0.133292	53.943785	0.421178	0.042527	54.563357	-0.170386	-0.207121	53.845963	0.153156	0.110728	54.475025	-0.168471	-0.137668	53.855663	0.246964	0.045967	54.451875	-0.160814	-0.225686	53.901652	0.250793	0.127728	54.359159	1.359257	0.035132	54.189797	1.694285	0.042533	54.229527	1.309482	0.206889	54.278341	1.334369	-0.163223
460	7.650000	54.506408	0.909362	0.171960	54.508084	0.907448	-0.145280	54.366668	0.798324	0.013337	54.508706	0.319713	0.008125	54.498801	0.346515	-0.071967	54.597039	0.327370	-0.096472	54.597872	0.335028	-0.009080	54.348733	-0.049776	-0.108366	54.333926	-0.028717	-0.165933	54.184793	0.298654	-0.024941	54.191257	0.306311	0.037318	54.542184	0.290996	-0.061224	54.578371	0.281424	-0.039845	54.279070	-0.134011	-0.130685	54.104387	0.375232	0.031268	54.557621	-0.168471	-0.201698	54.048279	0.101466	0.111150	54.471896	-0.170386	-0.131515	54.046612	0.189530	0.041799	54.450415	-0.162728	-0.220472	54.084049	0.204846	0.123978	54.482426	1.357343	0.031694	54.309205	1.692371	0.047854	54.361762	1.307567	0.211585	54.384713	1.334369	-0.161552
461	7.666667	54.629675	0.917020	0.168521	54.621861	0.915106	-0.149970	54.486597	0.804068	0.011775	54.587025	0.321627	0.014593	54.578789	0.346515	-0.066438	54.767026	0.356087	-0.091045	54.762644	0.363745	-0.005113	54.373553	-0.021059	-0.091576	54.364690	0.000000	-0.150289	54.361246	0.258450	-0.027544	54.365103	0.268023	0.033985	54.615497	0.289081	-0.051941	54.751903	0.308226	-0.032019	54.282825	-0.084236	-0.124011	54.272080	0.313969	0.024806	54.546880	-0.189530	-0.193460	54.276979	0.040203	0.107714	54.455002	-0.176129	-0.126405	54.256332	0.120610	0.035860	54.437797	-0.153156	-0.215571	54.286156	0.145498	0.120124	54.600478	1.365001	0.026795	54.426736	1.700029	0.049838	54.484299	1.317139	0.210754	54.494423	1.340113	-0.161758
462	7.683333	54.752733	0.928507	0.160807	54.734699	0.930421	-0.156329	54.603920	0.817469	0.009483	54.656063	0.331199	0.024085	54.651163	0.354173	-0.058823	54.931277	0.396290	-0.080196	54.921681	0.403948	0.004276	54.408593	0.009572	-0.076140	54.404006	0.028717	-0.135062	54.554072	0.212504	-0.028374	54.555322	0.223990	0.032425	54.680467	0.292910	-0.037965	54.925436	0.348429	-0.024194	54.297737	-0.009572	-0.117023	54.450931	0.241220	0.018657	54.505582	-0.199102	-0.196589	54.525390	-0.024888	0.104174	54.417772	-0.162728	-0.134019	54.484094	0.049776	0.030755	54.416209	-0.126353	-0.218804	54.505367	0.080407	0.115436	54.713316	1.378402	0.020436	54.544267	1.713430	0.051822	54.602560	1.334369	0.210131	54.603194	1.351599	-0.163632
463	7.700000	54.876730	0.939993	0.154761	54.848476	0.943822	-0.161020	54.723849	0.828955	0.007922	54.729376	0.346515	0.033368	54.726145	0.367574	-0.050479	55.079156	0.430751	-0.071119	55.067891	0.440323	0.014291	54.453123	0.044032	-0.059453	54.453542	0.059348	-0.121191	54.755658	0.166557	-0.025345	54.752632	0.178044	0.035663	54.751382	0.300568	-0.025136	55.087080	0.382889	-0.014074	54.341120	0.063177	-0.106281	54.642089	0.168471	0.018766	54.478259	-0.168471	-0.194400	54.778076	-0.074663	0.100425	54.402337	-0.120610	-0.134124	54.723953	-0.009572	0.027632	54.419755	-0.078492	-0.216406	54.733337	0.024888	0.114607	54.827823	1.391803	0.013138	54.663467	1.724916	0.052868	54.724158	1.347770	0.207631	54.707689	1.363086	-0.165299
464	7.716667	54.999997	0.947651	0.151322	54.963191	0.949566	-0.164041	54.843049	0.838528	0.008967	54.810302	0.363745	0.040565	54.807071	0.384804	-0.043281	55.210661	0.449895	-0.063816	55.201064	0.463296	0.020656	54.510480	0.080407	-0.043392	54.511837	0.093808	-0.103461	54.960059	0.118696	-0.017310	54.955365	0.128268	0.044636	54.828032	0.315884	-0.017730	55.233081	0.405863	-0.008335	54.404214	0.116781	-0.095642	54.851704	0.099551	0.028261	54.485663	-0.151241	-0.165616	55.039106	-0.107209	0.091984	54.428304	-0.076578	-0.111389	54.971634	-0.053605	0.026699	54.455212	-0.042118	-0.192419	54.976742	-0.022973	0.113883	54.943268	1.401375	0.007510	54.787672	1.734489	0.051098	54.856185	1.357343	0.208051	54.806448	1.368829	-0.161542
465	7.733333	55.125871	0.955309	0.148614	55.078845	0.953394	-0.165394	54.961518	0.846185	0.012620	54.893627	0.382889	0.044217	54.893003	0.402034	-0.038899	55.329130	0.459467	-0.060164	55.324748	0.474783	0.025768	54.580873	0.114867	-0.023680	54.579623	0.126353	-0.084479	55.170613	0.080407	-0.006147	55.163312	0.088065	0.055069	54.908020	0.333114	-0.012201	55.366985	0.423093	-0.004578	54.477527	0.162728	-0.086359	55.074356	0.036374	0.041406	54.512255	-0.122525	-0.130054	55.307018	-0.126353	0.084064	54.475337	-0.032546	-0.078537	55.225259	-0.086150	0.024619	54.509857	-0.013401	-0.161653	55.227030	-0.061262	0.113680	55.058714	1.409033	0.001881	54.913546	1.742147	0.048389	54.993217	1.363086	0.205655	54.902809	1.374573	-0.154240
466	7.750000	55.245801	0.959138	0.147052	55.196167	0.953394	-0.167686	55.079049	0.851929	0.014604	54.988111	0.396290	0.048182	54.990094	0.413520	-0.034204	55.441655	0.459467	-0.055364	55.438003	0.476697	0.027961	54.655334	0.149327	-0.008453	54.654084	0.160814	-0.069252	55.375015	0.055519	0.001888	55.366045	0.065091	0.064043	54.999166	0.342686	-0.006359	55.489730	0.434579	-0.001134	54.562729	0.208675	-0.079370	55.285640	-0.013401	0.049962	54.551988	-0.080407	-0.106276	55.550423	-0.130182	0.083340	54.533111	0.017230	-0.053924	55.459382	-0.103380	0.026919	54.573576	0.022973	-0.138187	55.456877	-0.080407	0.116188	55.175828	1.412862	-0.004687	55.035874	1.745975	0.043282	55.123367	1.368829	0.202738	55.009181	1.376487	-0.152569
467	7.766667	55.360724	0.959138	0.148306	55.317035	0.953394	-0.167579	55.195433	0.851929	0.010644	55.093753	0.400119	0.052461	55.097405	0.415435	-0.030864	55.548758	0.451809	-0.056300	55.541768	0.465211	0.028902	54.736260	0.189530	-0.001255	54.736678	0.201017	-0.062993	55.567319	0.040203	0.007941	55.557411	0.047861	0.068427	55.099594	0.344600	-0.003541	55.601108	0.432665	-0.002278	54.655544	0.260365	-0.074466	55.487226	-0.042118	0.052991	54.607260	-0.024888	-0.097827	55.763793	-0.112952	0.099509	54.600271	0.074663	-0.047770	55.674212	-0.099551	0.037874	54.641675	0.072749	-0.130364	55.663156	-0.078492	0.127560	55.296487	1.414776	-0.008855	55.154865	1.745975	0.040052	55.241419	1.374573	0.197839	55.136515	1.374573	-0.160492
468	7.783333	55.471372	0.955309	0.149769	55.440511	0.951480	-0.166742	55.310149	0.851929	0.007622	55.210554	0.394376	0.057052	55.214936	0.411606	-0.028880	55.649707	0.436494	-0.060365	55.635835	0.444152	0.024316	54.829805	0.231648	0.001041	54.831892	0.243135	-0.061635	55.743250	0.032546	0.012221	55.733342	0.038289	0.072707	55.209512	0.340772	0.000529	55.704665	0.425007	-0.005613	54.758579	0.312055	-0.070918	55.676715	-0.055519	0.054038	54.673273	0.036374	-0.097617	55.955263	-0.082321	0.123604	54.680050	0.134011	-0.046517	55.868811	-0.088065	0.055815	54.721454	0.130182	-0.129111	55.849933	-0.065091	0.143311	55.418816	1.410947	-0.013963	55.272918	1.744061	0.035153	55.352589	1.378402	0.192419	55.273131	1.368829	-0.171439
469	7.800000	55.583689	0.953394	0.150293	55.560440	0.947651	-0.168303	55.426532	0.848100	0.003662	55.333299	0.386718	0.060496	55.340288	0.400119	-0.024706	55.748049	0.419264	-0.065160	55.728963	0.425007	0.018060	54.937846	0.269937	0.001774	54.942540	0.279509	-0.060172	55.894257	0.030631	0.015144	55.882680	0.036374	0.076569	55.326313	0.335028	0.005120	55.802277	0.413520	-0.007801	54.874233	0.356087	-0.072271	55.838880	-0.067006	0.057275	54.760665	0.091893	-0.098450	56.114925	-0.065091	0.145820	54.775994	0.189530	-0.047766	56.033270	-0.080407	0.070941	54.817398	0.179958	-0.130360	56.006571	-0.057433	0.156247	55.541144	1.407118	-0.019070	55.390032	1.742147	0.028586	55.467096	1.378402	0.185122	55.405471	1.363086	-0.182177
470	7.816667	55.697466	0.947651	0.145602	55.676824	0.941908	-0.172264	55.540309	0.842357	-0.001028	55.463866	0.375232	0.066131	55.470855	0.386718	-0.019071	55.843993	0.402034	-0.066409	55.823238	0.409692	0.017750	55.057775	0.302483	0.000212	55.064138	0.310140	-0.062672	56.022217	0.028717	0.020049	56.010640	0.034460	0.081473	55.450935	0.325456	0.011901	55.898221	0.402034	-0.009050	55.006781	0.392462	-0.078734	55.967048	-0.076578	0.066455	54.866620	0.139755	-0.105330	56.242571	-0.068920	0.161883	54.890501	0.237391	-0.055063	56.160916	-0.086150	0.087004	54.935450	0.222076	-0.135259	56.130671	-0.059348	0.169911	55.659196	1.401375	-0.023969	55.508084	1.736403	0.023687	55.585148	1.374573	0.180223	55.525192	1.359257	-0.188014
471	7.833333	55.812911	0.941908	0.139973	55.790601	0.936164	-0.176954	55.655754	0.836613	-0.006657	55.601315	0.361830	0.072287	55.608304	0.371403	-0.012915	55.936600	0.386718	-0.065781	55.915845	0.394376	0.018378	55.191262	0.329285	-0.004582	55.200232	0.335028	-0.066737	56.127129	0.019144	0.026934	56.114613	0.024888	0.086690	55.584109	0.312055	0.018266	55.990827	0.388633	-0.008422	55.153617	0.421178	-0.091036	56.068623	-0.082321	0.075217	54.990617	0.183787	-0.111376	56.341017	-0.084236	0.176799	55.022841	0.279509	-0.065802	56.261031	-0.101466	0.100980	55.067060	0.256536	-0.143390	56.229848	-0.070835	0.182219	55.776310	1.393717	-0.030536	55.626867	1.730660	0.016181	55.706538	1.365001	0.173447	55.640637	1.353514	-0.193643
472	7.850000	55.926688	0.936164	0.135283	55.906046	0.926592	-0.182583	55.772138	0.827041	-0.010617	55.744709	0.346515	0.077296	55.754305	0.354173	-0.007176	56.032752	0.367574	-0.062755	56.011997	0.379060	0.021404	55.334969	0.346515	-0.010732	55.346546	0.350344	-0.072156	56.207325	-0.003829	0.036739	56.194809	0.003829	0.096495	55.725834	0.298654	0.024213	56.085311	0.369488	-0.004457	55.304937	0.438408	-0.099272	56.145274	-0.097637	0.082623	55.127441	0.208675	-0.118047	56.415999	-0.101466	0.185143	55.163002	0.306311	-0.074350	56.337682	-0.118696	0.108387	55.210767	0.275680	-0.149540	56.306498	-0.088065	0.189625	55.894363	1.386059	-0.035435	55.745649	1.723002	0.008675	55.821983	1.357343	0.167818	55.757751	1.347770	-0.200211
473	7.866667	56.043072	0.924678	0.131323	56.025037	0.913191	-0.185813	55.888522	0.815554	-0.014578	55.896654	0.325456	0.081888	55.905312	0.333114	-0.004253	56.129112	0.346515	-0.055452	56.112633	0.361830	0.028498	55.488896	0.352258	-0.018237	55.503081	0.354173	-0.078931	56.252794	-0.042118	0.055094	56.240278	-0.032546	0.114850	55.875173	0.281424	0.028075	56.183548	0.342686	0.006182	55.457925	0.442237	-0.108445	56.197000	-0.132097	0.088673	55.275633	0.216332	-0.120130	56.471584	-0.122525	0.182433	55.316199	0.313969	-0.079248	56.391598	-0.137840	0.106615	55.360627	0.281424	-0.152561	56.360623	-0.120610	0.192129	56.012415	1.372658	-0.040334	55.863493	1.711515	-0.000499	55.931276	1.345856	0.159061	55.878202	1.332455	-0.208655
474	7.883333	56.158725	0.911277	0.129970	56.144967	0.895961	-0.187375	56.005845	0.800239	-0.016869	56.054544	0.308226	0.085333	56.064140	0.313969	0.000861	56.225681	0.325456	-0.043874	56.217754	0.346515	0.039659	55.649706	0.348429	-0.025220	55.664829	0.348429	-0.084246	56.268332	-0.076578	0.074909	56.255816	-0.063177	0.134665	56.033062	0.264194	0.031520	56.281056	0.313969	0.019429	55.617067	0.436494	-0.114490	56.225470	-0.170386	0.092428	55.436860	0.204846	-0.118562	56.503704	-0.145498	0.173152	55.477218	0.304397	-0.081956	56.420381	-0.155070	0.099211	55.521645	0.271851	-0.155268	56.393890	-0.155070	0.188793	56.132136	1.357343	-0.046171	55.977792	1.696200	-0.012073	56.035562	1.334369	0.153119	55.998653	1.317139	-0.217100
475	7.900000	56.271042	0.903619	0.130494	56.264166	0.888303	-0.186329	56.123167	0.792581	-0.019161	56.215771	0.300568	0.086901	56.222760	0.308226	0.001699	56.322042	0.312055	-0.036572	56.318390	0.336943	0.046753	55.809056	0.333114	-0.026989	55.824909	0.336943	-0.088622	56.281576	-0.088065	0.082835	56.269060	-0.070835	0.142591	56.192412	0.256536	0.029751	56.371472	0.292910	0.027878	55.772141	0.419264	-0.116051	56.243511	-0.185701	0.093263	55.609245	0.178044	-0.116680	56.523936	-0.160814	0.166166	55.641990	0.277595	-0.077989	56.438214	-0.166557	0.095770	55.686210	0.248878	-0.155578	56.415999	-0.176129	0.185143	56.249459	1.349685	-0.048462	56.092298	1.688542	-0.019370	56.139849	1.328626	0.147177	56.120043	1.307567	-0.223875
476	7.916667	56.382629	0.909362	0.133625	56.381697	0.894047	-0.184345	56.237152	0.796410	-0.019575	56.379188	0.308226	0.080647	56.383570	0.317798	-0.005285	56.413918	0.312055	-0.033337	56.408598	0.335028	0.050926	55.967885	0.306311	-0.021876	55.980400	0.315884	-0.081632	56.300348	-0.076578	0.081063	56.288562	-0.057433	0.138211	56.359167	0.266108	0.021621	56.456466	0.283338	0.030591	55.915952	0.390547	-0.102490	56.252063	-0.168471	0.092846	55.790182	0.130182	-0.115216	56.529150	-0.166557	0.167626	55.810517	0.229734	-0.067348	56.446766	-0.174215	0.095353	55.851921	0.212504	-0.149942	56.424551	-0.176129	0.184726	56.362714	1.353514	-0.046270	56.203676	1.692371	-0.020515	56.244344	1.332455	0.145510	56.243310	1.311396	-0.227314
477	7.933333	56.490878	0.920849	0.138633	56.498498	0.907448	-0.179754	56.351138	0.807897	-0.019990	56.543336	0.329285	0.071787	56.543442	0.340772	-0.013937	56.500372	0.317798	-0.035838	56.494113	0.340772	0.046757	56.134534	0.269937	-0.014572	56.141836	0.283338	-0.075788	56.322770	-0.047861	0.066254	56.309315	-0.028717	0.124342	56.527381	0.285253	0.008276	56.534368	0.283338	0.028508	56.057572	0.344600	-0.081109	56.252793	-0.126353	0.090239	55.983947	0.067006	-0.114378	56.524145	-0.166557	0.170441	55.989264	0.164642	-0.058063	56.442490	-0.174215	0.095562	56.021908	0.164642	-0.144516	56.418606	-0.162728	0.185873	56.476178	1.365001	-0.039802	56.313594	1.701943	-0.016445	56.347171	1.343942	0.144783	56.365847	1.322883	-0.228146
478	7.950000	56.598189	0.934250	0.141973	56.615299	0.922763	-0.175162	56.465123	0.819383	-0.020404	56.700391	0.356087	0.058129	56.696222	0.369488	-0.027386	56.582133	0.327370	-0.046682	56.572537	0.348429	0.037790	56.305773	0.227819	-0.018635	56.309737	0.245049	-0.077974	56.357810	-0.017230	0.046545	56.348632	0.001914	0.104424	56.691320	0.310140	-0.004861	56.608516	0.287167	0.019749	56.211603	0.290996	-0.068903	56.266142	-0.078492	0.082730	56.190538	0.005743	-0.114164	56.524875	-0.166557	0.167834	56.182298	0.099551	-0.054617	56.438214	-0.172300	0.095770	56.208059	0.111038	-0.141591	56.421005	-0.143584	0.182328	56.585365	1.378402	-0.033125	56.425911	1.715344	-0.015921	56.449997	1.355428	0.144055	56.487653	1.336284	-0.226370
479	7.966667	56.701954	0.947651	0.142914	56.732830	0.938079	-0.173178	56.577231	0.832784	-0.024156	56.843682	0.386718	0.043428	56.840451	0.402034	-0.040419	56.651588	0.338857	-0.063783	56.644599	0.358002	0.021419	56.481809	0.187616	-0.029790	56.483166	0.204846	-0.089859	56.413083	0.005743	0.019849	56.407450	0.021059	0.080126	56.847646	0.338857	-0.015911	56.677763	0.296739	-0.001628	56.380235	0.231648	-0.073697	56.303268	-0.030631	0.070634	56.420386	-0.049776	-0.111656	56.530402	-0.174215	0.158136	56.393166	0.038289	-0.054612	56.439674	-0.168471	0.090556	56.413712	0.053605	-0.143047	56.439360	-0.124439	0.172004	56.691946	1.393717	-0.027178	56.541565	1.730660	-0.017274	56.551155	1.365001	0.144266	56.609460	1.353514	-0.224594
480	7.983333	56.805719	0.962967	0.143855	56.850361	0.955309	-0.171194	56.690069	0.848100	-0.030515	56.983634	0.417349	0.030603	56.980403	0.434579	-0.053243	56.714891	0.358002	-0.084014	56.711239	0.373317	-0.000689	56.669942	0.151241	-0.038963	56.670361	0.164642	-0.100700	56.473361	0.022973	-0.009663	56.477218	0.032546	0.051866	56.996359	0.373317	-0.024877	56.742317	0.312055	-0.031348	56.563154	0.166557	-0.084330	56.364172	0.026802	0.053950	56.665668	-0.101466	-0.109043	56.534782	-0.176129	0.142493	56.616861	-0.017230	-0.055233	56.448017	-0.145498	0.085863	56.634800	-0.003829	-0.144397	56.470542	-0.095722	0.161054	56.797797	1.409033	-0.018624	56.660556	1.747890	-0.020504	56.648768	1.372658	0.142078	56.729598	1.374573	-0.221880
481	8.000000	56.912821	0.974453	0.142918	56.965285	0.968710	-0.169940	56.802177	0.859587	-0.034267	57.113576	0.440323	0.023411	57.110345	0.461382	-0.060436	56.786223	0.377146	-0.097778	56.785178	0.390547	-0.013723	56.861621	0.118696	-0.045737	56.862039	0.128268	-0.107475	56.535725	0.045947	-0.031562	56.543858	0.047861	0.029759	57.138397	0.400119	-0.030088	56.812502	0.325456	-0.051057	56.752017	0.107209	-0.096110	56.436964	0.078492	0.034971	56.908343	-0.135926	-0.107161	56.546567	-0.168471	0.120489	56.843892	-0.059348	-0.057730	56.474924	-0.109123	0.075122	56.859225	-0.045947	-0.147625	56.514342	-0.063177	0.145204	56.901770	1.420519	-0.013407	56.776940	1.759377	-0.024465	56.748987	1.380316	0.140620	56.848798	1.389888	-0.220834
482	8.016667	57.026806	0.978282	0.142504	57.081877	0.974453	-0.169624	56.915224	0.865330	-0.036350	57.233505	0.451809	0.021849	57.230274	0.470954	-0.061997	56.871946	0.390547	-0.097672	56.870902	0.403948	-0.013617	57.056637	0.084236	-0.054388	57.055387	0.093808	-0.115187	56.597776	0.076578	-0.042302	56.601633	0.080407	0.019228	57.270215	0.415435	-0.033943	56.893950	0.336943	-0.050742	56.952039	0.055519	-0.107577	56.499536	0.116781	0.017348	57.151539	-0.153156	-0.112161	56.573370	-0.151241	0.090037	57.074992	-0.089979	-0.064712	56.518829	-0.076578	0.043837	57.087717	-0.074663	-0.155337	56.555119	-0.038289	0.120072	57.013357	1.428177	-0.010276	56.884981	1.765120	-0.023732	56.848998	1.384145	0.134887	56.966328	1.395632	-0.218850
483	8.033333	57.143399	0.980197	0.142819	57.194924	0.974453	-0.171708	57.029209	0.867244	-0.036765	57.345822	0.451809	0.022373	57.342591	0.470954	-0.061473	56.966430	0.398205	-0.093706	56.963717	0.413520	-0.008713	57.252383	0.055519	-0.065647	57.248526	0.067006	-0.127176	56.663372	0.112952	-0.050643	56.662954	0.120610	0.011095	57.392022	0.423093	-0.032168	56.982697	0.344600	-0.041354	57.155398	0.009572	-0.120921	56.558772	0.151241	0.001602	57.392128	-0.156985	-0.117891	56.616128	-0.128268	0.052808	57.302545	-0.109123	-0.074093	56.574206	-0.044032	0.001707	57.315270	-0.093808	-0.164718	56.601423	-0.019144	0.085241	57.124005	1.430092	-0.008814	56.990414	1.765120	-0.023730	56.950678	1.386059	0.128215	57.084589	1.397546	-0.219473
484	8.050000	57.257384	0.978282	0.142405	57.308909	0.974453	-0.172122	57.141526	0.869159	-0.036241	57.453863	0.447981	0.023106	57.448025	0.465211	-0.061471	57.070195	0.402034	-0.092766	57.064874	0.419264	-0.008502	57.435302	0.042118	-0.076280	57.429776	0.053605	-0.136871	56.738250	0.149327	-0.062009	56.733556	0.158899	-0.000062	57.505069	0.426922	-0.034251	57.077181	0.348429	-0.037389	57.347807	-0.022973	-0.130302	56.631042	0.189530	-0.010493	57.607376	-0.151241	-0.133529	56.667125	-0.095722	0.026321	57.511118	-0.118696	-0.085977	56.641159	-0.003829	-0.031559	57.519568	-0.099551	-0.176393	56.662640	0.009572	0.057398	57.237990	1.432006	-0.009228	57.098455	1.765120	-0.022997	57.059449	1.384145	0.126340	57.199513	1.397546	-0.218219
485	8.066667	57.368762	0.978282	0.141260	57.417680	0.972539	-0.173997	57.251235	0.869159	-0.036447	57.553144	0.440323	0.019979	57.544698	0.457553	-0.065327	57.178757	0.402034	-0.098916	57.175106	0.415435	-0.015591	57.604663	0.036374	-0.083680	57.594862	0.047861	-0.144063	56.820011	0.189530	-0.072853	56.816255	0.199102	-0.009238	57.607687	0.428836	-0.039254	57.180529	0.346515	-0.045000	57.519045	-0.038289	-0.134366	56.720103	0.241220	-0.012264	57.792068	-0.134011	-0.160535	56.724170	-0.047861	0.018396	57.697896	-0.112952	-0.105370	56.706755	0.047861	-0.039901	57.697794	-0.091893	-0.195369	56.734181	0.057433	0.047909	57.350307	1.430092	-0.008704	57.210042	1.765120	-0.019866	57.178857	1.382231	0.131662	57.310161	1.399461	-0.216757
486	8.083333	57.480140	0.974453	0.140116	57.524782	0.972539	-0.174933	57.359276	0.867244	-0.035714	57.647210	0.430751	0.015393	57.634489	0.446066	-0.069705	57.294724	0.396290	-0.111428	57.292950	0.407777	-0.024766	57.755983	0.036374	-0.091916	57.744513	0.047861	-0.151359	56.911471	0.231648	-0.078169	56.911052	0.239306	-0.016431	57.703422	0.425007	-0.044779	57.289613	0.340772	-0.058033	57.678395	-0.044032	-0.136135	56.822930	0.294825	-0.012992	57.953296	-0.109123	-0.194112	56.793729	0.009572	0.021005	57.864755	-0.099551	-0.128935	56.782467	0.105295	-0.034163	57.851826	-0.076578	-0.218309	56.817505	0.111038	0.051561	57.464292	1.428177	-0.009119	57.324235	1.763205	-0.016005	57.307024	1.380316	0.140842	57.418202	1.397546	-0.216024
487	8.100000	57.589850	0.970624	0.139910	57.632823	0.966796	-0.174201	57.468986	0.863415	-0.035920	57.737731	0.417349	0.008408	57.724280	0.432665	-0.074083	57.415176	0.386718	-0.119872	57.415069	0.398205	-0.034149	57.887385	0.036374	-0.104323	57.871639	0.045947	-0.163558	57.015966	0.269937	-0.079835	57.018154	0.273766	-0.017368	57.793943	0.417349	-0.051764	57.406519	0.333114	-0.068876	57.814281	-0.049776	-0.144475	56.937123	0.340772	-0.009131	58.088139	-0.095722	-0.223831	56.877054	0.057433	0.024657	58.002414	-0.093808	-0.153648	56.873613	0.156985	-0.028321	57.982810	-0.068920	-0.239267	56.916265	0.156985	0.055318	57.579946	1.422434	-0.010472	57.436760	1.759377	-0.011205	57.432377	1.374573	0.145016	57.528850	1.393717	-0.214562
488	8.116667	57.703105	0.961052	0.142102	57.742532	0.961052	-0.174407	57.577965	0.855758	-0.033519	57.827313	0.402034	-0.000246	57.811255	0.419264	-0.083467	57.541780	0.375232	-0.125188	57.541673	0.382889	-0.039464	57.995530	0.032546	-0.119025	57.981453	0.042118	-0.179198	57.133497	0.296739	-0.077851	57.138292	0.300568	-0.014653	57.883525	0.405863	-0.060418	57.527178	0.321627	-0.073045	57.923156	-0.057433	-0.161784	57.061746	0.373317	-0.002349	58.197536	-0.103380	-0.248023	56.981027	0.095722	0.029873	58.111081	-0.105295	-0.175232	56.984470	0.195274	-0.022583	58.089809	-0.074663	-0.259914	57.028790	0.191445	0.060118	57.695808	1.414776	-0.007549	57.550954	1.751719	-0.007344	57.546571	1.368829	0.148877	57.642105	1.387974	-0.212369
489	8.133333	57.815421	0.949566	0.142626	57.850573	0.949566	-0.173674	57.689551	0.846185	-0.030388	57.913350	0.384804	-0.011299	57.899899	0.403948	-0.093789	57.673598	0.359916	-0.129044	57.673492	0.367574	-0.043320	58.085634	0.019144	-0.134561	58.073225	0.030631	-0.195674	57.259788	0.315884	-0.072008	57.266252	0.321627	-0.009749	57.970500	0.390547	-0.069802	57.654721	0.308226	-0.076692	58.009506	-0.067006	-0.183995	57.196797	0.396290	0.007352	58.283156	-0.124439	-0.267626	57.100435	0.124439	0.035195	58.195762	-0.122525	-0.196505	57.108362	0.223990	-0.013194	58.177097	-0.089979	-0.280456	57.155081	0.214418	0.065961	57.810732	1.405204	-0.006295	57.667755	1.744061	-0.002753	57.657219	1.363086	0.150340	57.758906	1.376487	-0.207778
490	8.150000	57.930345	0.938079	0.143880	57.958614	0.939993	-0.172942	57.798531	0.836613	-0.027987	58.001994	0.367574	-0.021621	57.986874	0.390547	-0.103173	57.811361	0.342686	-0.134046	57.812193	0.350344	-0.046654	58.155089	-0.003829	-0.151663	58.142681	0.009572	-0.212775	57.396299	0.327370	-0.067521	57.402763	0.333114	-0.005262	58.059144	0.371403	-0.080124	57.789146	0.294825	-0.079818	58.078961	-0.082321	-0.201096	57.335185	0.407777	0.015177	58.352090	-0.141669	-0.277845	57.230063	0.137840	0.039161	58.263757	-0.139755	-0.208392	57.240597	0.239306	-0.008498	58.248429	-0.107209	-0.294220	57.288985	0.225905	0.069718	57.926594	1.391803	-0.003372	57.781949	1.732574	0.001109	57.770474	1.353514	0.152532	57.871223	1.365001	-0.207254
491	8.166667	58.047668	0.922763	0.141589	58.063109	0.924678	-0.174608	57.910117	0.821298	-0.024856	58.095852	0.348429	-0.030483	58.080732	0.373317	-0.112036	57.953399	0.325456	-0.139257	57.955900	0.331199	-0.052804	58.197013	-0.036374	-0.170850	58.183874	-0.021059	-0.229356	57.539692	0.327370	-0.062512	57.547825	0.331199	-0.001191	58.149457	0.346515	-0.091385	57.931185	0.277595	-0.085029	58.126725	-0.118696	-0.205997	57.478579	0.405863	0.020186	58.405276	-0.151241	-0.277009	57.370433	0.137840	0.034888	58.319551	-0.153156	-0.206827	57.381176	0.239306	-0.008495	58.300677	-0.132097	-0.295053	57.429563	0.225905	0.069721	58.042248	1.376487	-0.004726	57.896872	1.717259	0.002363	57.889882	1.338198	0.157854	57.975926	1.351599	-0.204644
492	8.183333	58.164990	0.907448	0.139297	58.166666	0.909362	-0.177943	58.020035	0.805982	-0.020786	58.190649	0.329285	-0.037677	58.176467	0.356087	-0.117561	58.099713	0.308226	-0.144677	58.104821	0.312055	-0.057493	58.214429	-0.067006	-0.182843	58.199622	-0.047861	-0.240410	57.689031	0.319713	-0.058650	57.699771	0.321627	0.003401	58.239769	0.319713	-0.102646	58.079167	0.260365	-0.091387	58.161139	-0.155070	-0.203389	57.625310	0.394376	0.023318	58.442506	-0.156985	-0.269396	57.521023	0.122525	0.029260	58.354174	-0.158899	-0.199943	57.532704	0.225905	-0.012454	58.334361	-0.155070	-0.289838	57.577754	0.210589	0.067639	58.155295	1.361172	-0.006809	58.009189	1.701943	0.002887	58.011897	1.320968	0.163905	58.078023	1.334369	-0.202765
493	8.200000	58.279705	0.897876	0.136275	58.270222	0.899790	-0.181277	58.130683	0.794495	-0.019324	58.283047	0.317798	-0.041325	58.267927	0.344600	-0.122877	58.251242	0.300568	-0.148636	58.255411	0.304397	-0.063121	58.230594	-0.076578	-0.185346	58.214118	-0.055519	-0.241974	57.840768	0.300568	-0.058333	57.851508	0.304397	0.003717	58.326014	0.298654	-0.109423	58.229027	0.252707	-0.094408	58.182726	-0.170386	-0.200155	57.770894	0.373317	0.020506	58.467639	-0.158899	-0.263764	57.687047	0.095722	0.023737	58.379307	-0.162728	-0.194311	57.691846	0.197188	-0.018499	58.358556	-0.168471	-0.285875	57.733558	0.185701	0.063471	58.266673	1.349685	-0.007953	58.122444	1.692371	0.005079	58.133912	1.309482	0.169957	58.177512	1.326712	-0.201615
494	8.216667	58.390145	0.897876	0.133462	58.376386	0.901704	-0.183882	58.240393	0.796410	-0.019530	58.366893	0.313969	-0.044556	58.355319	0.342686	-0.123709	58.405586	0.308226	-0.147590	58.408087	0.312055	-0.061136	58.251242	-0.065091	-0.183781	58.237374	-0.042118	-0.239679	57.994695	0.273766	-0.065839	58.002828	0.279509	-0.004518	58.404646	0.290996	-0.114114	58.388586	0.260365	-0.091901	58.196492	-0.153156	-0.199112	57.914184	0.336943	0.005804	58.480466	-0.162728	-0.264389	57.868715	0.051690	0.022594	58.389527	-0.168471	-0.195666	57.862876	0.151241	-0.026838	58.369714	-0.170386	-0.285562	57.899583	0.149327	0.057947	58.377112	1.349685	-0.010767	58.233301	1.694285	0.010818	58.254050	1.309482	0.172671	58.275333	1.328626	-0.199528
495	8.233333	58.498916	0.905533	0.131587	58.484219	0.909362	-0.187425	58.348225	0.802153	-0.023073	58.450948	0.319713	-0.043511	58.438435	0.348429	-0.124333	58.564414	0.327370	-0.142476	58.561701	0.333114	-0.057483	58.273038	-0.042118	-0.176272	58.260838	-0.017230	-0.233108	58.156235	0.237391	-0.075429	58.162699	0.245049	-0.013170	58.481818	0.289081	-0.113591	58.550021	0.277595	-0.086057	58.199099	-0.114867	-0.198382	58.060603	0.287167	-0.015049	58.478797	-0.166557	-0.263451	58.065086	0.000000	0.024162	58.385251	-0.172300	-0.195458	58.045064	0.093808	-0.034864	58.367107	-0.160814	-0.286292	58.076766	0.105295	0.052737	58.484945	1.357343	-0.014310	58.344157	1.700029	0.016556	58.371581	1.317139	0.174655	58.372215	1.338198	-0.199108
496	8.250000	58.608417	0.915106	0.127106	58.590382	0.918934	-0.190030	58.456996	0.809811	-0.024948	58.528328	0.325456	-0.038712	58.517485	0.354173	-0.120473	58.713022	0.350344	-0.136007	58.706972	0.356087	-0.049136	58.308078	-0.011487	-0.160836	58.297546	0.011487	-0.218611	58.325805	0.197188	-0.078554	58.327993	0.204846	-0.016086	58.554923	0.290996	-0.108583	58.706242	0.298654	-0.081674	58.212135	-0.067006	-0.194732	58.220266	0.229734	-0.027977	58.465970	-0.166557	-0.262825	58.275223	-0.049776	0.026774	58.378368	-0.170386	-0.195979	58.242896	0.036374	-0.038510	58.366377	-0.147412	-0.283685	58.264377	0.057433	0.050447	58.591839	1.365001	-0.019522	58.454075	1.709601	0.020625	58.490780	1.326712	0.175700	58.468367	1.347770	-0.196082
497	8.266667	58.722193	0.926592	0.122415	58.691332	0.930421	-0.194095	58.565037	0.819383	-0.024215	58.594967	0.335028	-0.025675	58.590068	0.361830	-0.108582	58.851410	0.377146	-0.128182	58.846090	0.384804	-0.043919	58.355424	0.011487	-0.139144	58.350836	0.032546	-0.198066	58.499129	0.155070	-0.075004	58.501318	0.164642	-0.012537	58.621770	0.298654	-0.091270	58.856519	0.325456	-0.076143	58.244151	-0.013401	-0.188578	58.391713	0.166557	-0.027765	58.462111	-0.197188	-0.254065	58.505593	-0.091893	0.022400	58.370025	-0.162728	-0.191287	58.456371	-0.017230	-0.037775	58.374407	-0.128268	-0.277219	58.472637	0.005743	0.049722	58.694457	1.376487	-0.024525	58.565662	1.719173	0.023757	58.607373	1.336284	0.176016	58.561912	1.357343	-0.193785
498	8.283333	58.836700	0.938079	0.115118	58.791343	0.943822	-0.199829	58.674746	0.830870	-0.024421	58.659207	0.352258	-0.009091	58.658584	0.375232	-0.092208	58.983645	0.403948	-0.123486	58.979263	0.413520	-0.037554	58.409861	0.034460	-0.112654	58.411218	0.047861	-0.172723	58.685489	0.116781	-0.067804	58.686009	0.124439	-0.004398	58.687158	0.312055	-0.068743	58.999913	0.356087	-0.071134	58.299631	0.047861	-0.175854	58.580680	0.099551	-0.019835	58.434580	-0.197188	-0.256151	58.749727	-0.128268	0.019068	58.365749	-0.134011	-0.191078	58.683403	-0.065091	-0.040273	58.393595	-0.093808	-0.270440	58.692056	-0.042118	0.049310	58.795406	1.389888	-0.028590	58.677248	1.732574	0.026888	58.720419	1.349685	0.173933	58.654519	1.366915	-0.193157
499	8.300000	58.952146	0.947651	0.109489	58.894899	0.953394	-0.203163	58.782787	0.840442	-0.023689	58.730852	0.371403	0.001130	58.733565	0.390547	-0.083863	59.106391	0.425007	-0.120042	59.102009	0.436494	-0.034110	58.466488	0.057433	-0.093985	58.472121	0.068920	-0.154263	58.877063	0.080407	-0.059144	58.876645	0.089979	0.002594	58.757342	0.323541	-0.053307	59.133817	0.380975	-0.067377	58.369816	0.103380	-0.160418	58.775591	0.040203	-0.013052	58.429574	-0.164642	-0.253336	58.990525	-0.151241	0.017613	58.384938	-0.089979	-0.184299	58.910643	-0.097637	-0.038495	58.426758	-0.055519	-0.258342	58.915021	-0.076578	0.051296	58.896356	1.401375	-0.032655	58.786958	1.740232	0.026682	58.834405	1.361172	0.173518	58.749002	1.374573	-0.189192
500	8.316667	59.062585	0.951480	0.106676	59.003670	0.955309	-0.205038	58.892497	0.846185	-0.023895	58.815637	0.384804	-0.000432	58.816682	0.405863	-0.084487	59.216309	0.430751	-0.115973	59.213595	0.444152	-0.030979	58.526974	0.089979	-0.084077	58.531668	0.099551	-0.146023	59.071975	0.045947	-0.052361	59.071556	0.053605	0.009377	58.836183	0.333114	-0.053722	59.256562	0.394376	-0.063933	58.433847	0.143584	-0.148111	58.979054	-0.009572	-0.006686	58.454081	-0.134011	-0.225386	59.227464	-0.155070	0.024919	58.425609	-0.049776	-0.158852	59.140699	-0.116781	-0.031711	58.467221	-0.026802	-0.237171	59.140801	-0.095722	0.058289	59.001581	1.407118	-0.036928	58.891453	1.744061	0.025016	58.945783	1.365001	0.172374	58.846823	1.378402	-0.187104
501	8.333333	59.173963	0.951480	0.105531	59.115048	0.953394	-0.206183	59.002206	0.848100	-0.024101	58.907096	0.394376	-0.005749	58.908141	0.415435	-0.089804	59.321012	0.426922	-0.113363	59.318299	0.442237	-0.028369	58.594134	0.124439	-0.077922	58.595491	0.135926	-0.137991	59.267825	0.019144	-0.043909	59.264799	0.028717	0.017098	58.921489	0.342686	-0.062167	59.372424	0.400119	-0.061010	58.496940	0.178044	-0.137472	59.188670	-0.049776	0.002809	58.501739	-0.109123	-0.179708	59.459397	-0.143584	0.035040	58.481401	-0.015316	-0.122142	59.367418	-0.124439	-0.023050	58.514984	-0.001914	-0.206926	59.364183	-0.103380	0.068827	59.107015	1.409033	-0.036926	58.996678	1.744061	0.020742	59.053824	1.366915	0.173106	58.945582	1.376487	-0.183348
502	8.350000	59.283673	0.949566	0.105325	59.226427	0.951480	-0.207327	59.110977	0.848100	-0.025976	59.006377	0.396290	-0.008875	59.005754	0.419264	-0.091991	59.419772	0.421178	-0.109606	59.418727	0.434579	-0.025551	58.669116	0.158899	-0.069577	58.667866	0.170386	-0.130377	59.448032	0.009572	-0.039838	59.445944	0.017230	0.022838	59.015556	0.346515	-0.066754	59.477128	0.402034	-0.058400	58.572652	0.214418	-0.131734	59.380974	-0.076578	0.008862	58.561807	-0.074663	-0.143206	59.664007	-0.130182	0.047350	58.547936	0.024888	-0.093670	59.569421	-0.126353	-0.011469	58.577034	0.026802	-0.182522	59.560971	-0.101466	0.078947	59.214847	1.409033	-0.040469	59.100235	1.742147	0.017407	59.162595	1.366915	0.171231	59.050077	1.374573	-0.185014
503	8.366667	59.386499	0.945737	0.104597	59.335197	0.947651	-0.209202	59.217141	0.846185	-0.028580	59.112958	0.392462	-0.002928	59.114003	0.413520	-0.086983	59.515715	0.409692	-0.110856	59.508726	0.423093	-0.025654	58.751711	0.191445	-0.063318	58.752129	0.204846	-0.125056	59.613534	0.007658	-0.038479	59.606233	0.015316	0.022737	59.116192	0.340772	-0.059660	59.574010	0.400119	-0.057981	58.663590	0.256536	-0.130168	59.549084	-0.086150	0.010952	58.623231	-0.030631	-0.131629	59.831491	-0.111038	0.071757	58.617703	0.072749	-0.086786	59.742640	-0.116781	0.007515	58.650347	0.067006	-0.173239	59.725431	-0.091893	0.094072	59.323618	1.405204	-0.042344	59.206398	1.740232	0.014803	59.270427	1.365001	0.167688	59.162186	1.372658	-0.188766
504	8.383333	59.487657	0.941908	0.104808	59.444907	0.941908	-0.209408	59.320698	0.840442	-0.031915	59.224753	0.382889	0.004479	59.230074	0.400119	-0.079785	59.607383	0.396290	-0.111896	59.593511	0.405863	-0.027216	58.843587	0.225905	-0.060083	58.846613	0.237391	-0.121091	59.757658	0.009572	-0.036077	59.747750	0.015316	0.024409	59.223712	0.329285	-0.052045	59.664948	0.392462	-0.056415	58.767147	0.300568	-0.133503	59.698214	-0.086150	0.010538	58.693520	0.019144	-0.131627	59.971860	-0.088065	0.102629	58.697274	0.122525	-0.089808	59.891874	-0.103380	0.026811	58.733463	0.112952	-0.173863	59.863506	-0.076578	0.113056	59.433119	1.401375	-0.046826	59.312562	1.736403	0.012198	59.378989	1.361172	0.161538	59.278361	1.366915	-0.197002
505	8.400000	59.590484	0.936164	0.104081	59.553678	0.936164	-0.211283	59.425923	0.834699	-0.036189	59.343431	0.369488	0.012407	59.353027	0.382889	-0.072065	59.698112	0.380975	-0.114606	59.679965	0.388633	-0.029717	58.948291	0.254621	-0.057474	58.955592	0.266108	-0.118690	59.878005	0.007658	-0.029087	59.863821	0.011487	0.031608	59.339052	0.315884	-0.042239	59.753279	0.380975	-0.055578	58.881862	0.333114	-0.136525	59.824296	-0.091893	0.012105	58.781643	0.061262	-0.135067	60.091163	-0.078492	0.123385	58.793009	0.164642	-0.095333	60.015244	-0.097637	0.043083	58.832744	0.149327	-0.176989	59.979785	-0.072749	0.124530	59.541890	1.393717	-0.048700	59.418726	1.728745	0.009593	59.484215	1.355428	0.157264	59.394536	1.361172	-0.205238
506	8.416667	59.694979	0.926592	0.102414	59.661510	0.924678	-0.214826	59.532817	0.823212	-0.041400	59.468992	0.350344	0.020857	59.480257	0.361830	-0.064553	59.791657	0.363745	-0.112309	59.773510	0.371403	-0.027421	59.066552	0.277595	-0.058097	59.075522	0.285253	-0.120251	59.969360	-0.009572	-0.018969	59.957782	-0.003829	0.042456	59.460337	0.298654	-0.033581	59.847762	0.363745	-0.051613	59.009196	0.356087	-0.144447	59.922326	-0.116781	0.018469	58.886138	0.093808	-0.136733	60.190861	-0.089979	0.128810	58.906786	0.197188	-0.100024	60.116611	-0.111038	0.047569	58.947459	0.176129	-0.180011	60.080421	-0.093808	0.131623	59.647115	1.382231	-0.052974	59.524681	1.719173	0.002713	59.584226	1.345856	0.151531	59.504767	1.349685	-0.212327
507	8.433333	59.796867	0.917020	0.100018	59.770281	0.909362	-0.216701	59.640649	0.809811	-0.044944	59.602166	0.331199	0.027222	59.611762	0.340772	-0.057250	59.884472	0.342686	-0.107406	59.870600	0.356087	-0.022725	59.195763	0.290996	-0.062683	59.207340	0.296739	-0.124107	60.038606	-0.038289	-0.005201	60.026090	-0.030631	0.054554	59.588505	0.279509	-0.024400	59.942246	0.340772	-0.047648	59.148419	0.371403	-0.154664	59.998976	-0.147412	0.025875	59.008466	0.118696	-0.141840	60.269493	-0.112952	0.124119	59.031513	0.222076	-0.108677	60.192844	-0.132097	0.046424	59.076670	0.193359	-0.184596	60.160201	-0.122525	0.132877	59.754009	1.368829	-0.058186	59.628968	1.705772	-0.003229	59.682568	1.334369	0.146736	59.614998	1.336284	-0.219416
508	8.450000	59.899694	0.909362	0.099291	59.876445	0.899790	-0.219305	59.745144	0.798324	-0.046610	59.739615	0.313969	0.033378	59.750880	0.323541	-0.052033	59.976557	0.327370	-0.099895	59.964354	0.342686	-0.016153	59.333526	0.298654	-0.067685	59.345103	0.300568	-0.129110	60.085534	-0.067006	0.007940	60.075626	-0.055519	0.068426	59.724078	0.266108	-0.021582	60.033392	0.321627	-0.041806	59.287850	0.379060	-0.160606	60.049033	-0.170386	0.032863	59.142892	0.128268	-0.144966	60.322471	-0.132097	0.120679	59.167607	0.231648	-0.112741	60.242485	-0.149327	0.044861	59.212765	0.201017	-0.188660	60.213387	-0.145498	0.133712	59.858504	1.359257	-0.059852	59.733255	1.696200	-0.009171	59.780910	1.324797	0.141941	59.725230	1.326712	-0.226505
509	8.466667	59.998244	0.903619	0.098771	59.981879	0.894047	-0.219303	59.847032	0.792581	-0.049006	59.882801	0.302483	0.034111	59.891458	0.312055	-0.052029	60.063636	0.319713	-0.089569	60.055709	0.336943	-0.006035	59.475564	0.294825	-0.072896	59.489748	0.300568	-0.133591	60.100656	-0.088065	0.019203	60.086471	-0.074663	0.079897	59.866325	0.256536	-0.022517	60.116404	0.304397	-0.026996	59.421546	0.377146	-0.161124	60.064468	-0.179958	0.032968	59.285869	0.118696	-0.148508	60.338844	-0.147412	0.122452	59.309854	0.223990	-0.113676	60.257919	-0.156985	0.044965	59.353134	0.197188	-0.192933	60.228821	-0.158899	0.133817	59.966336	1.351599	-0.063395	59.832536	1.690456	-0.012298	59.880921	1.320968	0.136208	59.837129	1.319054	-0.234532
510	8.483333	60.096065	0.901704	0.100859	60.083975	0.892132	-0.217424	59.947252	0.790666	-0.050464	60.030053	0.298654	0.030360	60.037042	0.310140	-0.054842	60.149047	0.313969	-0.078304	60.141119	0.335028	0.005230	59.622817	0.285253	-0.076647	59.637001	0.294825	-0.137342	60.093981	-0.089979	0.022957	60.076251	-0.074663	0.081253	60.014307	0.254621	-0.028875	60.194410	0.290996	-0.009369	59.559725	0.365659	-0.157575	60.054039	-0.179958	0.030048	59.442611	0.097637	-0.151008	60.330292	-0.158899	0.122869	59.462529	0.202931	-0.111691	60.247699	-0.162728	0.046321	59.501326	0.183787	-0.195015	60.218601	-0.164642	0.135172	60.074169	1.347770	-0.066938	59.930148	1.688542	-0.014485	59.979263	1.320968	0.131413	59.949967	1.313310	-0.240891
511	8.500000	60.193886	0.905533	0.102947	60.187740	0.895961	-0.216483	60.048410	0.794495	-0.050253	60.177306	0.304397	0.026609	60.181688	0.317798	-0.059323	60.229973	0.313969	-0.071106	60.223714	0.335028	0.011489	59.771738	0.266108	-0.081337	59.784254	0.279509	-0.141093	60.099509	-0.072749	0.013259	60.080840	-0.057433	0.069886	60.162290	0.260365	-0.035233	60.267515	0.283338	-0.004362	59.698843	0.342686	-0.152358	60.048825	-0.170386	0.028588	59.617396	0.065091	-0.152672	60.323409	-0.166557	0.122348	59.624695	0.166557	-0.108455	60.242485	-0.170386	0.044861	59.659945	0.156985	-0.194177	60.212448	-0.168471	0.132044	60.176995	1.351599	-0.067666	60.029429	1.690456	-0.017612	60.075937	1.324797	0.127556	60.061137	1.315225	-0.246311
512	8.516667	60.291707	0.918934	0.105035	60.295990	0.909362	-0.211474	60.152905	0.804068	-0.051919	60.326957	0.323541	0.019312	60.328002	0.336943	-0.064742	60.305998	0.317798	-0.076527	60.298070	0.338857	0.007006	59.924414	0.239306	-0.079352	59.934322	0.252707	-0.139838	60.126415	-0.049776	0.002518	60.112022	-0.032546	0.058936	60.314549	0.279509	-0.041800	60.338325	0.283338	-0.011243	59.840777	0.302483	-0.142134	60.055708	-0.139755	0.029109	59.811160	0.017230	-0.151834	60.323409	-0.168471	0.122348	59.803233	0.114867	-0.103445	60.246760	-0.181872	0.044652	59.833270	0.112952	-0.190628	60.219331	-0.168471	0.132565	60.276693	1.363086	-0.062241	60.129440	1.701943	-0.023345	60.165936	1.336284	0.127454	60.166571	1.326712	-0.246309
513	8.533333	60.388797	0.936164	0.109730	60.407576	0.926592	-0.208343	60.257400	0.821298	-0.053585	60.474002	0.352258	0.011286	60.472439	0.367574	-0.073499	60.378269	0.329285	-0.088623	60.367734	0.346515	-0.005820	60.088248	0.206760	-0.077054	60.095549	0.220161	-0.138270	60.164480	-0.024888	-0.007910	60.155301	-0.007658	0.049969	60.469414	0.308226	-0.047636	60.406112	0.287167	-0.027406	59.990324	0.246964	-0.133996	60.072811	-0.088065	0.028275	60.022027	-0.038289	-0.151829	60.323409	-0.166557	0.122348	59.994599	0.055519	-0.099060	60.243423	-0.183787	0.046529	60.019421	0.063177	-0.187703	60.223607	-0.153156	0.132357	60.371385	1.380316	-0.054000	60.230389	1.719173	-0.027410	60.252599	1.349685	0.129229	60.271274	1.347770	-0.243700
514	8.550000	60.489225	0.953394	0.112548	60.515825	0.943822	-0.203335	60.364502	0.836613	-0.054522	60.612494	0.382889	0.003676	60.608325	0.400119	-0.081839	60.447724	0.342686	-0.105724	60.433852	0.358002	-0.021044	60.260425	0.170386	-0.079448	60.261782	0.185701	-0.139517	60.210157	0.001914	-0.020423	60.206193	0.015316	0.038916	60.616459	0.336943	-0.055663	60.471291	0.296739	-0.044299	60.149882	0.189530	-0.131490	60.105140	-0.034460	0.023270	60.241446	-0.084236	-0.152241	60.331544	-0.166557	0.113379	60.198583	0.003829	-0.099577	60.242485	-0.170386	0.044861	60.216523	0.017230	-0.188742	60.237164	-0.130182	0.129124	60.467746	1.397546	-0.046698	60.329670	1.736403	-0.030536	60.338322	1.361172	0.129335	60.377647	1.365001	-0.242028
515	8.566667	60.589653	0.966796	0.115366	60.623136	0.959138	-0.199995	60.467329	0.851929	-0.055249	60.734614	0.407777	-0.005707	60.733990	0.426922	-0.088823	60.505291	0.359916	-0.120532	60.498301	0.373317	-0.035330	60.432915	0.134011	-0.093002	60.433334	0.149327	-0.154739	60.262301	0.024888	-0.040967	60.260944	0.036374	0.019102	60.753283	0.361830	-0.062334	60.529588	0.312055	-0.061714	60.324041	0.134011	-0.145982	60.150818	0.015316	0.010757	60.467748	-0.114867	-0.152131	60.344476	-0.185701	0.097319	60.408304	-0.036374	-0.105517	60.252288	-0.149327	0.034954	60.426243	-0.024888	-0.194681	60.264800	-0.105295	0.115776	60.563168	1.414776	-0.041064	60.427282	1.749804	-0.032724	60.422169	1.372658	0.126104	60.489963	1.382231	-0.241505
516	8.583333	60.689142	0.980197	0.116516	60.728570	0.974453	-0.199993	60.570155	0.865330	-0.055977	60.850790	0.428836	-0.013943	60.852773	0.451809	-0.096329	60.557851	0.382889	-0.132524	60.557745	0.394376	-0.046800	60.611141	0.103380	-0.111978	60.612498	0.118696	-0.172047	60.317574	0.045947	-0.067663	60.319762	0.051690	-0.005195	60.880617	0.390547	-0.070257	60.587885	0.333114	-0.079128	60.509880	0.080407	-0.167043	60.210053	0.061262	-0.004989	60.700933	-0.135926	-0.151500	60.345727	-0.181872	0.087829	60.622300	-0.068920	-0.111665	60.273980	-0.122525	0.022753	60.641908	-0.059348	-0.201768	60.301718	-0.076578	0.099404	60.658590	1.430092	-0.035430	60.522496	1.763205	-0.031366	60.507684	1.382231	0.121935	60.603218	1.397546	-0.239312
517	8.600000	60.791239	0.989769	0.118395	60.833274	0.985940	-0.197383	60.672982	0.876817	-0.056705	60.961229	0.444152	-0.016756	60.963212	0.469039	-0.099143	60.623656	0.403948	-0.136589	60.627826	0.413520	-0.051074	60.794790	0.080407	-0.125218	60.793540	0.095722	-0.186017	60.374932	0.068920	-0.086746	60.378789	0.072749	-0.025217	61.001276	0.411606	-0.074426	60.652542	0.348429	-0.089138	60.696866	0.034460	-0.182161	60.274502	0.101466	-0.019275	60.923689	-0.143584	-0.153790	60.357199	-0.158899	0.076984	60.833689	-0.089979	-0.118543	60.306622	-0.088065	0.006589	60.853297	-0.078492	-0.208646	60.346249	-0.049776	0.080946	60.754742	1.441578	-0.032404	60.619378	1.772778	-0.030947	60.598413	1.387974	0.119225	60.712198	1.409033	-0.236911
518	8.616667	60.894065	0.993598	0.117668	60.933493	0.991683	-0.198841	60.774140	0.882560	-0.056494	61.069270	0.451809	-0.016024	61.066039	0.474783	-0.099870	60.703435	0.415435	-0.135336	60.705936	0.425007	-0.048882	60.976249	0.061262	-0.130637	60.974999	0.076578	-0.191436	60.430308	0.099551	-0.093732	60.433435	0.101466	-0.029596	61.114532	0.425007	-0.072233	60.727107	0.358002	-0.089345	60.886147	0.005743	-0.185389	60.332486	0.135926	-0.025531	61.138207	-0.137840	-0.166821	60.391823	-0.137840	0.048723	61.041532	-0.097637	-0.127820	60.349275	-0.057433	-0.015206	61.056864	-0.082321	-0.217714	60.388173	-0.026802	0.061758	60.855170	1.447322	-0.029586	60.712923	1.776607	-0.028651	60.696964	1.393717	0.118706	60.816901	1.414776	-0.234301
519	8.633333	60.996892	0.995512	0.116940	61.032044	0.991683	-0.199360	60.873629	0.884474	-0.055344	61.170636	0.453724	-0.011537	61.163130	0.472868	-0.095175	60.793643	0.419264	-0.131162	60.793537	0.432665	-0.045439	61.156248	0.049776	-0.130841	61.153329	0.065091	-0.190702	60.489438	0.134011	-0.094043	60.491627	0.135926	-0.031576	61.222781	0.432665	-0.067225	60.809702	0.363745	-0.083086	61.075635	-0.015316	-0.184342	60.387132	0.168471	-0.029909	61.343026	-0.122525	-0.185379	60.439796	-0.112952	0.012954	61.245830	-0.097637	-0.139495	60.403609	-0.026802	-0.043571	61.254279	-0.076578	-0.229911	60.435102	-0.007658	0.039755	60.958935	1.447322	-0.028645	60.809075	1.776607	-0.025624	60.800729	1.393717	0.119647	60.918059	1.416691	-0.234090
520	8.650000	61.099719	0.993598	0.116212	61.130595	0.991683	-0.199880	60.973119	0.884474	-0.054195	61.268457	0.449895	-0.009449	61.255736	0.467125	-0.094547	60.890525	0.419264	-0.130743	60.886143	0.432665	-0.044811	61.320812	0.047861	-0.131150	61.315286	0.063177	-0.191741	60.557120	0.168471	-0.094772	60.557640	0.172300	-0.031366	61.322270	0.436494	-0.066076	60.898971	0.363745	-0.080581	61.246144	-0.028717	-0.185798	60.453875	0.202931	-0.032306	61.525528	-0.105295	-0.204563	60.496007	-0.084236	-0.012074	61.427810	-0.093808	-0.151797	60.464305	0.009572	-0.064531	61.427708	-0.068920	-0.241796	60.491730	0.021059	0.023279	61.062700	1.447322	-0.027704	60.903559	1.774692	-0.021659	60.905433	1.393717	0.122256	61.017549	1.416691	-0.232941
521	8.666667	61.201815	0.991683	0.118092	61.227477	0.989769	-0.199460	61.073546	0.880645	-0.051377	61.358248	0.442237	-0.013827	61.343858	0.459467	-0.097987	60.991475	0.415435	-0.134808	60.989700	0.426922	-0.048146	61.466396	0.051690	-0.133963	61.458263	0.065091	-0.195283	60.633354	0.201017	-0.095917	60.635543	0.204846	-0.033450	61.413730	0.438408	-0.071392	60.995645	0.359916	-0.084437	61.395274	-0.032546	-0.186212	60.535323	0.245049	-0.031992	61.678830	-0.086150	-0.224896	60.552321	-0.044032	-0.017391	61.582259	-0.082321	-0.166185	60.526772	0.053605	-0.066719	61.576212	-0.057433	-0.255037	60.558474	0.059348	0.020882	61.164797	1.443493	-0.025825	61.001379	1.772778	-0.019571	61.014620	1.391803	0.128933	61.115369	1.414776	-0.230853
522	8.683333	61.301304	0.985940	0.119241	61.324359	0.984026	-0.199041	61.171367	0.876817	-0.049289	61.442824	0.430751	-0.019665	61.427705	0.447981	-0.101218	61.097430	0.407777	-0.141688	61.099931	0.417349	-0.055235	61.595398	0.055519	-0.142824	61.582260	0.067006	-0.201329	60.719808	0.235477	-0.098418	60.721996	0.239306	-0.035950	61.498306	0.432665	-0.077230	61.097325	0.350344	-0.091109	61.528030	-0.032546	-0.188399	60.629807	0.290996	-0.028027	61.809814	-0.067006	-0.245854	60.614476	0.003829	-0.008421	61.718666	-0.068920	-0.181407	60.597478	0.101466	-0.058166	61.704068	-0.044032	-0.269843	60.635854	0.105295	0.025681	61.266893	1.439664	-0.023945	61.100139	1.768949	-0.015814	61.125477	1.386059	0.134672	61.211522	1.410947	-0.227827
523	8.700000	61.403401	0.978282	0.121121	61.420511	0.978282	-0.196014	61.270126	0.869159	-0.045532	61.528340	0.419264	-0.023835	61.512281	0.436494	-0.107056	61.210268	0.396290	-0.148047	61.214438	0.403948	-0.062532	61.707298	0.055519	-0.150852	61.691552	0.067006	-0.210087	60.816690	0.264194	-0.097999	60.821485	0.269937	-0.034801	61.583613	0.425007	-0.085675	61.204219	0.340772	-0.096321	61.640139	-0.034460	-0.192151	60.734719	0.327370	-0.021141	61.919420	-0.061262	-0.265771	60.691127	0.042118	-0.001015	61.833694	-0.065091	-0.195588	60.683619	0.141669	-0.049509	61.813152	-0.042118	-0.282876	60.725332	0.141669	0.032462	61.368990	1.432006	-0.022066	61.200567	1.761291	-0.012996	61.232058	1.378402	0.140618	61.310281	1.405204	-0.224070
524	8.716667	61.504559	0.966796	0.121332	61.517393	0.968710	-0.195595	61.369616	0.859587	-0.044383	61.616253	0.403948	-0.031550	61.596858	0.425007	-0.112894	61.325714	0.382889	-0.153676	61.330822	0.386718	-0.066492	61.801156	0.047861	-0.159714	61.785410	0.057433	-0.218949	60.923270	0.285253	-0.092052	60.929735	0.289081	-0.029793	61.670796	0.413520	-0.090784	61.315388	0.327370	-0.101742	61.732328	-0.044032	-0.200074	60.849121	0.352258	-0.013004	62.008585	-0.080407	-0.282976	60.786549	0.070835	0.004619	61.923798	-0.082321	-0.211124	60.782587	0.172300	-0.041476	61.901587	-0.057433	-0.297474	60.828575	0.166557	0.040285	61.473693	1.422434	-0.019456	61.300995	1.751719	-0.010178	61.334154	1.370744	0.142498	61.412377	1.393717	-0.222190
525	8.733333	61.604987	0.955309	0.124150	61.615214	0.957223	-0.193507	61.469314	0.848100	-0.038958	61.703437	0.388633	-0.036658	61.684041	0.409692	-0.118002	61.445643	0.365659	-0.155238	61.452420	0.369488	-0.068993	61.882187	0.028717	-0.167951	61.866441	0.040203	-0.227186	61.039341	0.300568	-0.084854	61.045806	0.302483	-0.022594	61.759649	0.396290	-0.096830	61.432711	0.310140	-0.104033	61.804599	-0.057433	-0.212170	60.970614	0.369488	-0.000070	62.077310	-0.112952	-0.297470	60.895736	0.089979	0.011295	61.993462	-0.111038	-0.223950	60.895320	0.193359	-0.032401	61.971251	-0.082321	-0.310300	60.942039	0.183787	0.046754	61.575790	1.409033	-0.017577	61.404030	1.740232	-0.006630	61.432913	1.361172	0.146254	61.515412	1.382231	-0.218642
526	8.750000	61.707083	0.939993	0.126029	61.712096	0.945737	-0.193088	61.568073	0.834699	-0.035201	61.792289	0.373317	-0.042705	61.771225	0.394376	-0.123110	61.571517	0.346515	-0.157946	61.578294	0.350344	-0.071701	61.941631	0.003829	-0.179421	61.926823	0.015316	-0.236987	61.160626	0.306311	-0.076195	61.171366	0.308226	-0.014144	61.844225	0.377146	-0.102668	61.554309	0.294825	-0.106533	61.862582	-0.076578	-0.218426	61.096175	0.377146	0.008380	62.132687	-0.139755	-0.304456	61.013476	0.097637	0.017555	62.048838	-0.134011	-0.230936	61.015667	0.201017	-0.025411	62.029235	-0.107209	-0.316556	61.064054	0.189530	0.052805	61.677886	1.395632	-0.015697	61.504457	1.726831	-0.003812	61.533341	1.349685	0.149072	61.614172	1.366915	-0.214886
527	8.766667	61.812517	0.924678	0.126031	61.805641	0.928507	-0.190791	61.666832	0.817469	-0.031445	61.879473	0.354173	-0.047813	61.856740	0.377146	-0.127280	61.699998	0.325456	-0.159925	61.708444	0.329285	-0.074618	61.974481	-0.032546	-0.191309	61.957067	-0.017230	-0.249605	61.292131	0.302483	-0.068892	61.302872	0.304397	-0.006841	61.928593	0.352258	-0.112782	61.683728	0.275680	-0.106843	61.903671	-0.112952	-0.219572	61.224343	0.371403	0.017560	62.176591	-0.151241	-0.300597	61.140288	0.093808	0.016515	62.095350	-0.151241	-0.226346	61.143626	0.199102	-0.020506	62.072201	-0.134011	-0.314365	61.189406	0.183787	0.056980	61.779983	1.378402	-0.013818	61.606554	1.711515	-0.001933	61.638984	1.334369	0.153351	61.708655	1.349685	-0.210921
528	8.783333	61.916282	0.905533	0.126972	61.898248	0.911277	-0.190163	61.764861	0.800239	-0.025081	61.964049	0.333114	-0.053651	61.939648	0.358002	-0.132179	61.833694	0.306311	-0.160443	61.842139	0.310140	-0.075137	61.985223	-0.063177	-0.199547	61.964471	-0.045947	-0.255967	61.426244	0.289081	-0.060859	61.438653	0.290996	0.000253	62.007017	0.323541	-0.121749	61.817424	0.256536	-0.107362	61.927866	-0.151241	-0.215609	61.357517	0.356087	0.023925	62.207877	-0.155070	-0.291836	61.276591	0.076578	0.016727	62.124029	-0.156985	-0.218316	61.279929	0.183787	-0.020295	62.099941	-0.155070	-0.308003	61.324979	0.168471	0.059798	61.881141	1.359257	-0.013607	61.707712	1.694285	-0.001722	61.746503	1.317139	0.160966	61.799593	1.330540	-0.209354
529	8.800000	62.017440	0.895961	0.127183	61.989916	0.901704	-0.191204	61.863621	0.788752	-0.021324	62.041952	0.317798	-0.055735	62.019219	0.344600	-0.135202	61.969058	0.296739	-0.161900	61.980110	0.300568	-0.075863	61.993774	-0.074663	-0.199964	61.973023	-0.055519	-0.256384	61.562755	0.269937	-0.056371	61.576832	0.273766	0.003802	62.080435	0.302483	-0.127900	61.953726	0.246964	-0.107150	61.946116	-0.170386	-0.210498	61.490482	0.333114	0.026013	62.227065	-0.158899	-0.285057	61.427389	0.049776	0.015375	62.140610	-0.160814	-0.212267	61.425513	0.155070	-0.023107	62.118191	-0.168471	-0.302892	61.467226	0.143584	0.058863	61.979692	1.347770	-0.014126	61.808140	1.682799	0.001096	61.850476	1.305653	0.166183	61.887194	1.319054	-0.205911
530	8.816667	62.115052	0.895961	0.124996	62.085129	0.901704	-0.189846	61.960503	0.788752	-0.020905	62.111302	0.313969	-0.057402	62.091177	0.342686	-0.136139	62.107967	0.302483	-0.160958	62.117351	0.308226	-0.073983	62.007540	-0.070835	-0.198921	61.986058	-0.045947	-0.252733	61.705002	0.245049	-0.057307	61.717410	0.248878	0.003805	62.144571	0.292910	-0.131027	62.097850	0.252707	-0.104748	61.954667	-0.160814	-0.210915	61.622092	0.298654	0.017882	62.233948	-0.160814	-0.284535	61.595291	0.011487	0.013188	62.149162	-0.164642	-0.212684	61.582986	0.112952	-0.028214	62.126012	-0.168471	-0.300702	61.621361	0.109123	0.055634	62.075635	1.347770	-0.015375	61.903562	1.682799	0.006730	61.953511	1.305653	0.169731	61.974794	1.319054	-0.202467
531	8.833333	62.209327	0.903619	0.124685	62.181073	0.911277	-0.191096	62.057177	0.794495	-0.024761	62.173770	0.317798	-0.059590	62.157920	0.346515	-0.138536	62.251361	0.319713	-0.155949	62.253862	0.325456	-0.069496	62.021515	-0.051690	-0.193602	62.001701	-0.026802	-0.248353	61.853923	0.214418	-0.061996	61.863725	0.220161	-0.001614	62.204432	0.292910	-0.133946	62.242913	0.269937	-0.100678	61.954667	-0.134011	-0.210915	61.756831	0.254621	0.003598	62.231341	-0.164642	-0.285265	61.777896	-0.034460	0.013714	62.146555	-0.166557	-0.213414	61.751617	0.063177	-0.033007	62.122466	-0.162728	-0.303101	61.784048	0.067006	0.051987	62.169910	1.355428	-0.015686	61.995647	1.688542	0.014240	62.053939	1.313310	0.172549	62.061456	1.326712	-0.200693
