Coordinates
version=1
nRows=531
nColumns=24
inDegrees=yes

Units are S.I. units (second, meters, Newtons, ...)
If the header above contains a line with 'inDegrees', this indicates whether rotational values are in degrees (yes) or radians (no).

endheader
time	pelvis_tilt	pelvis_list	pelvis_rotation	pelvis_tx	pelvis_ty	pelvis_tz	hip_flexion_r	hip_adduction_r	hip_rotation_r	knee_angle_r	ankle_angle_r	subtalar_angle_r	mtp_angle_r	hip_flexion_l	hip_adduction_l	hip_rotation_l	knee_angle_l	ankle_angle_l	subtalar_angle_l	mtp_angle_l	lumbar_extension	lumbar_bending	lumbar_rotation
      0.00000000	    -61.80966771	     -2.39233532	     -1.20604606	      0.70386579	      0.54142843	      0.00411669	     52.61482047	      7.55142025	     -7.99351236	    -61.11095698	     35.20268366	     10.86496377	      0.00000000	     95.44038024	     -4.43255231	     -8.26240512	    -97.33206240	     30.56044540	      7.09124977	      0.00000000	    -55.45041056	     -0.84590886	     -7.94277693
      0.01666700	    -59.81157336	     -3.67805261	     -1.38466330	      0.72027056	      0.54539398	      0.00401714	     49.30203164	      8.20047209	     -8.88696502	    -59.51520526	     32.81380705	     11.57399422	      0.00000000	     92.28641106	     -5.18722326	     -7.50576060	    -97.07793759	     30.74477589	      6.72300702	      0.00000000	    -54.71100951	     -0.54271712	     -8.86190831
      0.03333300	    -57.17103887	     -4.98690534	     -1.05034584	      0.74171437	      0.54935308	      0.00270326	     45.44385851	      8.63522478	     -9.73959238	    -58.31622214	     29.19322122	     12.64332196	      0.00000000	     88.46253910	     -5.27302721	     -6.19227133	    -97.11883762	     30.57437086	      6.85928018	      0.00000000	    -54.07065821	      0.12470241	     -9.42658681
      0.05000000	    -54.74622190	     -5.81547117	     -0.53705585	      0.76697352	      0.55300423	      0.00294164	     42.33319568	      9.11513310	     -9.67880830	    -57.91384322	     24.34593390	     12.94892198	      0.00000000	     84.12561574	     -5.21794444	     -5.26935509	    -96.57600962	     30.61202896	      6.62520017	      0.00000000	    -53.03002741	      0.21351972	     -9.68266961
      0.06666700	    -52.64557590	     -6.30154115	      0.57091475	      0.79637721	      0.55665431	      0.00422489	     39.96452515	      9.50242322	     -8.77363300	    -57.92819351	     16.71430317	     13.66238636	      0.00000000	     79.31083496	     -4.58754706	     -4.25023912	    -95.25115716	     31.17420725	      6.87642914	      0.00000000	    -51.47977187	     -0.05046289	     -8.50456271
      0.08333300	    -50.41715856	     -6.37001131	      1.35228729	      0.83058148	      0.56087583	      0.00575028	     37.85575058	      9.92230388	     -7.09841305	    -58.48986018	      6.87447096	     14.98707397	      0.00000000	     73.50107807	     -4.17372200	     -3.58977030	    -93.14262421	     32.12909820	      7.11095817	      0.00000000	    -49.89295632	     -1.02997425	     -6.57077265
      0.10000000	    -48.20130501	     -6.11174395	      2.83794580	      0.86481543	      0.56521283	      0.00507188	     37.01602279	      9.58715068	     -5.95590770	    -61.16924558	     -1.38681106	     15.63874753	      0.00000000	     67.77088638	     -3.09050003	     -3.02736576	    -90.77105204	     32.30511237	      7.33730441	      0.00000000	    -48.45879354	     -1.31701236	     -5.77688604
      0.11666700	    -45.72773122	     -6.52333997	      4.57081551	      0.89900936	      0.56859641	      0.00409968	     37.10163470	     10.25002297	     -5.12133464	    -65.54392161	     -8.28289887	     14.13337645	      0.00000000	     62.12598050	     -2.89031889	     -2.21500538	    -88.64762850	     32.31720960	      8.17249757	      0.00000000	    -47.25367900	     -0.49064230	     -5.81337146
      0.13333300	    -42.96173154	     -6.58858269	      6.23026359	      0.93326119	      0.57354395	      0.00183984	     38.03049950	     10.59268064	     -4.20391301	    -72.21584827	    -12.21636360	     15.36468056	      0.00000000	     56.07222680	     -2.92887015	     -1.76426631	    -86.05294315	     31.85877810	      8.96440040	      0.00000000	    -46.38095520	      0.54627241	     -6.11007588
      0.15000000	    -40.53764425	     -6.56198269	      7.52102696	      0.96901069	      0.57864804	     -0.00102560	     40.19119104	     10.72528481	     -3.63140281	    -80.17514404	    -13.36712188	     16.34022834	      0.00000000	     50.06150635	     -3.63726889	     -1.91998133	    -82.86364518	     30.73541222	     10.51781206	      0.00000000	    -45.46259344	      1.58102932	     -7.06657555
      0.16666700	    -37.75690394	     -6.84078804	      8.60882237	      1.00630339	      0.58405496	     -0.00421054	     43.06477622	     10.71274058	     -4.03673799	    -89.64668182	    -10.42601448	     15.11526045	      0.00000000	     43.75349782	     -5.43894312	     -2.41223898	    -79.70019108	     29.62603841	     12.90190220	      0.00000000	    -44.91413052	      3.18328120	     -8.33135852
      0.18333300	    -34.79447339	     -7.02507629	      8.78261653	      1.04565299	      0.59022812	     -0.00539246	     46.59099787	     11.09256833	     -4.05366285	    -99.79378350	     -5.37911328	     12.01375755	      0.00000000	     36.82535269	     -8.34083199	     -4.22266080	    -75.94019775	     27.61309965	     16.20817914	      0.00000000	    -44.78524908	      4.42853074	     -9.22296977
      0.20000000	    -32.47832748	     -7.01888575	      8.50152149	      1.08835000	      0.59704293	     -0.00715158	     50.78832459	     11.17238114	     -3.80432907	   -107.98211791	     -1.12455169	      8.53579493	      0.00000000	     29.81354906	    -10.55608067	     -6.28763877	    -71.07904930	     24.17155084	     18.78876365	      0.00000000	    -44.29688408	      5.41385170	    -10.27142990
      0.21666700	    -30.15122218	     -6.78158633	      7.02701289	      1.13442658	      0.60666000	     -0.00691628	     55.15839672	     11.14675116	     -3.40854257	   -113.78113018	      2.94832627	      4.11633584	      0.00000000	     21.51718828	    -12.78666938	     -9.86240217	    -64.40087434	     18.32084931	     23.03144284	      0.00000000	    -44.65022940	      5.36833552	    -10.89083225
      0.23333300	    -27.56799311	     -6.24487212	      4.31643531	      1.18405009	      0.61728436	     -0.00469133	     59.53296575	     11.59715141	     -2.27347175	   -117.70004091	      6.88691894	      0.74830444	      0.00000000	     11.53978491	    -13.97532451	    -14.67124632	    -56.41019505	     11.63226012	     27.91197683	      0.00000000	    -45.64486189	      4.40906425	    -11.33471575
      0.25000000	    -25.32988537	     -6.33956492	      1.17297077	      1.23663238	      0.62753631	     -0.00428069	     63.32642271	     12.52199322	     -1.80385866	   -118.79255928	     10.75607070	     -1.88578338	      0.00000000	      2.74216953	    -13.40832729	    -16.99598247	    -49.09781132	      4.11060351	     31.52284319	      0.00000000	    -46.14118126	      3.97968335	    -10.23946603
      0.26666700	    -23.41167297	     -6.84207672	     -3.17165762	      1.29428682	      0.63832977	     -0.00567154	     66.00720430	     14.16905358	     -1.71488909	   -116.65098431	     15.78952993	     -1.17619527	      0.00000000	     -5.18523433	     -9.97226207	    -14.57536370	    -39.85923972	     -9.99070391	     28.16065521	      0.00000000	    -46.27027843	      3.55962890	     -6.25405268
      0.28333300	    -21.67438607	     -7.36535672	     -7.97939406	      1.35263881	      0.64937377	     -0.00818238	     67.94149045	     15.74936091	     -2.08674524	   -112.44235451	     19.95059013	      1.69418315	      0.00000000	    -11.59278139	     -4.83146030	     -7.12622600	    -32.19476707	    -25.37424398	     21.97386921	      0.00000000	    -46.32203685	      3.25420290	     -1.50141491
      0.30000000	    -20.87554144	     -7.64569430	    -11.44475487	      1.40821072	      0.66056217	     -0.01127295	     68.73918336	     16.27636607	     -2.76693274	   -107.42627420	     21.18869744	      2.73005998	      0.00000000	    -13.79939762	     -1.08175874	     -1.57931441	    -30.52446827	    -36.06225406	     20.83871976	      0.00000000	    -45.94591511	      3.43438978	      1.85179301
      0.31666700	    -20.73599226	     -7.18863826	    -12.06033103	      1.45983101	      0.67172498	     -0.01663765	     67.75246758	     14.89974582	     -2.90153135	   -102.43934193	     20.71289140	     -0.46796597	      0.00000000	    -11.41971300	      0.30023424	     -2.89554251	    -35.99818261	    -39.86885406	     28.66908947	      0.00000000	    -45.41631756	      4.39280813	      2.23420403
      0.33333300	    -20.69299480	     -6.30898487	    -11.47074452	      1.50865646	      0.68325386	     -0.02208946	     65.08483328	     12.79898670	     -2.48165855	    -97.07526404	     19.83609473	     -4.70557600	      0.00000000	     -6.22894306	      0.15327482	     -7.86235507	    -46.69293596	    -39.38413765	     35.90102767	      0.00000000	    -45.08507498	      5.51495265	      1.38293919
      0.35000000	    -19.92487043	     -5.37996960	    -10.67198598	      1.55723825	      0.69345981	     -0.02620253	     60.81501436	     10.63157525	     -1.51812502	    -92.36998256	     20.22057715	     -6.36726495	      0.00000000	     -0.94881847	     -0.29770028	    -11.57420452	    -58.45028249	    -36.80967724	     38.25009200	      0.00000000	    -45.40331686	      6.21079219	      0.80113521
      0.36666700	    -18.96291053	     -4.41779446	    -10.90614880	      1.60710936	      0.69921690	     -0.02706506	     55.00648371	      9.72899622	      1.10210337	    -87.58330261	     22.30008452	     -4.77329895	      0.00000000	      4.49574157	     -0.77361144	    -15.13813168	    -70.56475522	    -31.77582541	     34.87606936	      0.00000000	    -45.70820154	      6.18966011	      1.46864230
      0.38333300	    -17.85042636	     -3.32889393	    -10.82989870	      1.65668589	      0.70380224	     -0.02636587	     47.90721101	      8.54932852	      4.33689719	    -82.63025887	     24.83601190	     -2.18289253	      0.00000000	     10.77907776	     -1.56147424	    -18.44027118	    -82.90952244	    -25.51113779	     27.24296461	      0.00000000	    -46.28407431	      5.94453898	      2.32769518
      0.40000000	    -17.14641158	     -2.37691850	    -11.13595792	      1.70537527	      0.70365833	     -0.02520727	     41.65870981	      7.24347630	      6.59851654	    -78.42077057	     27.49917000	     -0.50056525	      0.00000000	     18.11423850	     -2.46797883	    -20.81023663	    -94.14198231	    -19.80000125	     19.81167409	      0.00000000	    -46.06185135	      5.56011122	      3.37176435
      0.41666700	    -17.18094383	     -1.63852389	    -12.15259776	      1.75342886	      0.69901684	     -0.02194169	     36.94730930	      5.80074180	      6.90225655	    -75.72553653	     30.33861498	     -0.18003077	      0.00000000	     27.28673757	     -3.43398967	    -21.64954694	   -104.27920858	    -15.55426868	     14.74947071	      0.00000000	    -44.94043204	      4.83179741	      4.13681417
      0.43333300	    -17.38791457	     -1.66942114	    -13.69416323	      1.80149467	      0.69144733	     -0.01785657	     32.39419364	      4.67883000	      5.72746076	    -73.34540207	     33.04827804	     -0.08074495	      0.00000000	     37.68454735	     -4.68069928	    -20.48743148	   -112.92939428	    -11.72295901	     12.24094827	      0.00000000	    -43.61564785	      4.35062493	      5.46403555
      0.45000000	    -17.25138502	     -1.72387271	    -14.90499530	      1.85169882	      0.68403579	     -0.01300809	     27.39814269	      3.00502004	      4.22056261	    -70.80516991	     34.88369955	      0.53727468	      0.00000000	     47.75474472	     -5.72782803	    -17.29666118	   -118.87084843	     -6.51867346	     12.24171524	      0.00000000	    -42.70974364	      3.39319580	      6.93193869
      0.46666700	    -16.22326305	     -1.99392563	    -15.51646695	      1.90424678	      0.67889915	     -0.00830880	     20.90569868	      0.12406257	      1.29452092	    -67.11110821	     36.50431470	      3.64984100	      0.00000000	     57.15177791	     -6.48505708	    -11.46802875	   -121.86125900	      0.32802911	     13.64196145	      0.00000000	    -42.92063855	      1.74822560	      8.08133844
      0.48333300	    -14.57791514	     -1.89061905	    -15.55951029	      1.96131090	      0.67453709	     -0.00403469	     13.11432198	     -3.75356358	     -2.90975814	    -62.33424809	     36.63371428	      7.11191963	      0.00000000	     65.56713871	     -6.23373477	     -4.24530120	   -121.43508494	      4.63616497	     14.52446924	      0.00000000	    -43.58266821	     -0.55576923	      8.95030101
      0.50000000	    -12.41684713	     -1.92143360	    -14.18045447	      2.02264077	      0.67354197	     -0.00221665	      4.50380988	     -6.25600531	     -6.14709639	    -56.81012326	     34.09825651	      9.56779671	      0.00000000	     71.90147913	     -5.21707195	      1.67243660	   -117.91154283	      5.88053751	     12.31198596	      0.00000000	    -44.79382647	     -2.19319798	      9.42059096
      0.51666700	    -11.15491133	     -1.34302083	    -10.88945694	      2.09065424	      0.67548864	     -0.00309216	     -3.44884032	     -7.06557832	     -7.72557675	    -50.35094788	     26.73295472	      9.19914841	      0.00000000	     77.19319218	     -3.39169040	      4.58444365	   -111.47430560	      9.75969021	      6.66752789	      0.00000000	    -44.87561559	     -2.99597207	      9.39592158
      0.53333300	     -9.82540222	     -0.68102058	     -6.22579558	      2.16251683	      0.68203996	     -0.00690155	    -11.48224331	     -6.22316162	     -8.10885932	    -43.16110879	     15.03040953	      7.57153913	      0.00000000	     80.50194750	     -1.28591268	      5.72080267	   -102.36038426	     13.19294147	      2.10284702	      0.00000000	    -45.27237331	     -3.18153434	      9.45807992
      0.55000000	     -8.73520253	     -0.15128719	     -2.33185820	      2.23330046	      0.68978816	     -0.01060311	    -17.27575882	     -4.41934215	     -7.75337814	    -38.38783503	      3.45018377	      8.30343101	      0.00000000	     81.52065881	      0.03420487	      5.76631935	    -93.68619644	     12.73895534	      0.73586791	      0.00000000	    -45.95083984	     -3.42261309	      8.82173644
      0.56666700	     -8.79227197	      0.85921926	     -0.70363711	      2.30289991	      0.70151642	     -0.01127074	    -18.71068286	     -3.29893573	     -6.42908724	    -37.38452583	     -9.02268780	     12.25143801	      0.00000000	     79.70451078	     -0.48892995	      3.88550152	    -85.77705406	     12.80608688	      0.83698351	      0.00000000	    -46.20934952	     -5.36035597	      7.20257538
      0.58333300	     -8.35275879	      0.80532786	      0.78500056	      2.37315815	      0.71593282	     -0.01126496	    -18.95456826	     -0.46741908	     -4.53134252	    -39.14226393	    -20.02168126	     18.24280120	      0.00000000	     75.31640584	     -1.58681935	      2.02329272	    -79.17469324	     15.03170916	      2.53973520	      0.00000000	    -47.24637938	     -6.26009867	      4.68635354
      0.60000000	     -8.18421192	      0.56413724	      1.85820327	      2.44424768	      0.72743999	     -0.01234290	    -16.94585142	      1.56484413	     -5.10403498	    -44.44193597	    -27.21651196	     25.02880711	      0.00000000	     70.49771808	     -2.70813803	      0.66018541	    -74.37081319	     17.84483859	      4.83260727	      0.00000000	    -47.72985277	     -7.09090761	      3.15717223
      0.61666700	     -7.97011516	     -0.47233107	      2.77467667	      2.51589483	      0.73367035	     -0.01250920	    -13.08700990	      3.31677556	     -9.46554112	    -53.63821795	    -28.50438875	     30.49417482	      0.00000000	     65.57683606	     -3.55557060	      1.59704835	    -72.26140686	     17.41005789	      4.29810101	      0.00000000	    -47.63297706	     -7.61494627	      2.40296236
      0.63333300	     -7.91889984	     -1.39896559	      3.07675116	      2.58759971	      0.73643786	     -0.01362749	     -7.48356618	      3.75038211	    -15.17399627	    -65.71410127	    -27.91804417	     32.21662976	      0.00000000	     59.79212883	     -4.17154695	      3.61277540	    -71.38972466	     15.95952594	      2.57928647	      0.00000000	    -46.97155159	     -8.45144826	      1.56790161
      0.65000000	     -7.71272241	     -2.19435627	      4.09110776	      2.65892759	      0.73664005	     -0.01647273	     -1.63610265	      4.21197338	    -20.31915448	    -77.48197239	    -25.47575916	     29.33748890	      0.00000000	     53.63931375	     -4.19435648	      5.47625269	    -70.41463543	     17.44794470	      1.32355355	      0.00000000	    -46.32980462	     -8.46431199	      1.31494217
      0.66666700	     -7.92457073	     -1.59176984	      5.99958037	      2.72928959	      0.73149543	     -0.02303807	      5.12845699	      3.31376272	    -24.44227387	    -89.40474977	    -21.75844970	     24.28610961	      0.00000000	     47.47313834	     -3.26120054	      5.34517795	    -69.16350334	     26.16501573	      3.22503028	      0.00000000	    -44.96731717	     -8.40401817	     -0.22637204
      0.68333300	     -8.17065031	     -0.86295199	      7.85916238	      2.79849691	      0.72447397	     -0.02972158	     12.82044313	      2.18779171	    -27.67635534	   -101.19537862	    -17.34660234	     17.18099504	      0.00000000	     40.85175869	     -2.97407082	      4.45516874	    -67.38040242	     37.42565095	      7.34377451	      0.00000000	    -43.49555580	     -8.32753022	     -1.42726965
      0.70000000	     -8.13692280	     -0.44103887	      9.09607036	      2.86684689	      0.71837722	     -0.03571266	     20.88329103	      1.61757659	    -29.41381543	   -110.61604429	    -12.02758702	     11.35796425	      0.00000000	     34.59986876	     -3.95193326	      2.91574521	    -65.89088847	     45.40757915	     11.82358714	      0.00000000	    -42.58164040	     -7.80220908	     -3.06555566
      0.71666700	     -7.21737578	     -0.22341435	     10.26004676	      2.93561145	      0.71771856	     -0.03977243	     28.83285341	      1.70664716	    -29.22666488	   -116.55289156	     -6.81857772	      7.63822328	      0.00000000	     28.26999025	     -5.90871771	      1.18303980	    -64.72756956	     48.49401748	     15.93479082	      0.00000000	    -43.32708050	     -6.74939125	     -6.38957033
      0.73333300	     -5.22113546	     -0.38645205	     11.12219492	      3.00324863	      0.71942171	     -0.04351141	     36.76710468	      2.75854473	    -27.39308656	   -120.00963796	     -2.28747474	      4.28178812	      0.00000000	     21.46807188	     -8.64252045	     -0.56898483	    -64.09863786	     49.31521468	     19.15685789	      0.00000000	    -45.49038793	     -4.70707437	     -9.94361179
      0.75000000	     -3.52016839	     -0.50753105	     10.58357333	      3.07499027	      0.72348801	     -0.04537475	     44.43400285	      3.89058390	    -24.25341591	   -120.68019633	      1.47508515	      2.40538305	      0.00000000	     13.91626766	    -10.79306314	     -2.25130847	    -61.99109471	     48.32425147	     21.29244724	      0.00000000	    -46.96265211	     -3.35568465	    -12.13628571
      0.76666700	     -1.24196951	     -0.64809800	      7.44299395	      3.15407547	      0.73187899	     -0.04619142	     50.80128158	      5.72643947	    -19.40139311	   -118.55097196	      7.31502952	      2.82097847	      0.00000000	      3.07318705	    -12.29855071	     -6.04265708	    -56.87956652	     45.33558399	     23.70707660	      0.00000000	    -48.28894322	     -3.10747929	    -11.49880502
      0.78333300	      0.44976631	     -1.32560585	      3.43611500	      3.23528877	      0.74188708	     -0.04619678	     57.05557030	      8.17563208	    -14.36997388	   -113.50249006	     10.41194819	      3.77235136	      0.00000000	     -7.77890078	    -12.92587462	    -10.84641911	    -50.46902717	     39.27456978	     27.12405439	      0.00000000	    -48.85087458	     -2.80603810	    -10.13744812
      0.80000000	      1.57008551	     -2.71447544	     -0.39237092	      3.31708712	      0.75173136	     -0.04839483	     60.82760088	     10.43373322	    -10.94947074	   -105.97826700	      9.88437406	      4.74769262	      0.00000000	    -16.04770275	    -11.93619186	    -13.27360799	    -45.61142935	     30.00319908	     29.10219319	      0.00000000	    -49.08314704	     -1.76641804	     -7.75505038
      0.81666700	      2.37824798	     -3.76299138	     -3.61487773	      3.40017589	      0.76272072	     -0.05427501	     60.48372500	     11.13897386	     -8.94870816	    -96.08119689	     10.37398762	      5.72526081	      0.00000000	    -20.71106326	     -7.83639400	     -8.85321253	    -42.89978954	     11.89204737	     25.27740681	      0.00000000	    -49.47987259	     -0.48799851	     -5.66542699
      0.83333300	      2.73645808	     -4.76510905	     -6.64199027	      3.48286926	      0.77552562	     -0.05972727	     57.58824491	     11.01860962	     -8.35020341	    -84.36534368	     11.60410946	      6.84564693	      0.00000000	    -22.26787402	     -2.62455696	     -1.12552997	    -43.64625807	     -8.52315627	     19.76654492	      0.00000000	    -49.79083847	      0.83777221	     -3.37033421
      0.85000000	      2.36965816	     -5.15688190	     -9.08496676	      3.56580512	      0.78593539	     -0.06459250	     54.02842907	     10.69886820	     -7.46617123	    -74.40765234	     11.31203573	      7.35307785	      0.00000000	    -20.88734969	      1.15835851	      1.93070231	    -48.18546909	    -21.82242750	     21.76924776	      0.00000000	    -49.54852017	      2.03903786	     -1.52689470
      0.86666700	      1.87395960	     -5.04250576	    -10.43821132	      3.64743421	      0.79357107	     -0.06520381	     49.13441040	     10.86124693	     -4.88540692	    -66.62517547	      9.48610065	      4.93155249	      0.00000000	    -17.12759601	      1.55137466	     -3.30326799	    -57.32366719	    -22.39932470	     27.52172795	      0.00000000	    -49.12164982	      3.11501230	     -0.77562409
      0.88333300	      1.76957957	     -5.22714649	    -10.77570420	      3.72944178	      0.80010368	     -0.06419485	     42.22979531	     11.47159238	     -1.26442100	    -60.03642833	      8.96494353	     -0.56369411	      0.00000000	    -12.55588521	     -1.14196065	    -11.21080211	    -69.95060961	    -17.41206200	     32.40152651	      0.00000000	    -49.12317287	      4.77431435	     -0.17906531
      0.90000000	      1.75201018	     -4.60878732	    -11.23412717	      3.81088348	      0.80566259	     -0.06249567	     35.75901584	     11.12036891	      2.27908218	    -55.62468695	      9.58200719	     -4.28465499	      0.00000000	     -7.13267947	     -2.80120220	    -16.83585291	    -82.15117327	    -13.09037940	     30.68785272	      0.00000000	    -48.89486640	      5.46928430	      0.24374743
      0.91666700	      1.49723900	     -3.83078391	    -11.86931859	      3.89222021	      0.81314909	     -0.06351283	     30.87602814	     10.22077539	      4.86417044	    -54.77872549	     11.87155705	     -5.01996292	      0.00000000	     -0.61443826	     -3.41457060	    -20.30977823	    -92.33813230	    -10.37189314	     24.17615996	      0.00000000	    -48.34793421	      6.36359752	      1.15131582
      0.93333300	      1.92365525	     -3.09972943	    -12.17693415	      3.97219115	      0.82023160	     -0.06418274	     25.72340703	      9.01981534	      6.62102482	    -56.28401906	     15.19905833	     -3.97167532	      0.00000000	      6.43554738	     -3.95728798	    -23.02232550	   -101.60066670	     -7.95778107	     15.05900871	      0.00000000	    -48.37354628	      7.08158756	      2.30872633
      0.95000000	      1.39531052	     -2.61093000	    -12.00179452	      4.05080400	      0.82081396	     -0.06331018	     21.10197715	      7.63204781	      6.75426840	    -56.95377000	     19.02287557	     -2.53651980	      0.00000000	     15.28097955	     -4.94188912	    -23.90710829	   -109.18478450	     -5.11720406	      7.86194914	      0.00000000	    -47.38313590	      7.82892900	      3.67082649
      0.96666700	      0.64262834	     -1.96843894	    -12.28397677	      4.12497761	      0.81043996	     -0.05685120	     16.01238527	      5.39502157	      4.54580127	    -55.93782207	     25.65360260	     -0.34271214	      0.00000000	     25.49143361	     -5.69003597	    -22.69269094	   -114.68156405	     -2.03671525	      5.27780304	      0.00000000	    -46.29118756	      6.89967998	      6.15892993
      0.98333300	     -0.48936088	     -1.77357578	    -12.61952611	      4.19859371	      0.79344404	     -0.04745080	     10.53647218	      3.25158555	      0.66600887	    -53.72959987	     33.06730991	      3.37553834	      0.00000000	     36.89276465	     -6.58469344	    -19.29841102	   -118.05594781	     -0.02134873	      4.26352721	      0.00000000	    -44.76353616	      5.70327216	      9.20465055
      1.00000000	     -0.20162391	     -2.16421500	    -12.08215858	      4.27555885	      0.78131164	     -0.04211770	      3.18200184	      1.49070698	     -3.18957309	    -50.43577143	     36.32201698	      6.06930605	      0.00000000	     46.42219078	     -6.68832619	    -14.83961893	   -118.45229629	      3.13842735	      3.76274921	      0.00000000	    -44.64009608	      5.03237673	     11.88496171
      1.01666700	      1.05341495	     -2.04444965	    -10.64498425	      4.35665701	      0.77726414	     -0.04161886	     -5.45313645	     -1.18516887	     -6.35858116	    -45.28036483	     33.29878344	      9.39088785	      0.00000000	     55.17485206	     -4.96302419	    -10.13432003	   -115.14249006	      9.34433736	      3.49828025	      0.00000000	    -45.36958907	      4.43790772	     13.34443353
      1.03333300	      2.32336236	     -1.93124651	     -7.95246388	      4.44056017	      0.77607541	     -0.04580942	    -14.60515190	     -3.45890383	    -10.95647394	    -39.01934862	     26.63172847	     15.65589801	      0.00000000	     63.63725114	     -1.73848798	     -4.73313355	   -108.49801554	     11.45649030	      3.15724771	      0.00000000	    -46.04991251	      4.51604837	     13.44082131
      1.05000000	      3.69598092	     -0.94470432	     -5.54159835	      4.52665487	      0.78040322	     -0.04867803	    -22.25714421	     -4.31779453	    -12.32964270	    -34.52575987	     17.34916628	     18.22751034	      0.00000000	     68.17791698	      1.19664585	     -2.00822863	    -99.54292663	      8.11154196	      1.78659534	      0.00000000	    -47.01048234	      3.40567250	     12.71975425
      1.06666700	      3.60978645	      0.75714715	     -2.53514381	      4.61702993	      0.79179210	     -0.04772002	    -26.14726151	     -2.67513432	     -8.99924356	    -31.78038065	     -0.72983184	     11.16280344	      0.00000000	     69.31838248	      3.03071606	     -2.35815959	    -88.79301798	      7.04819352	      0.56804513	      0.00000000	    -47.03271324	      1.53870207	     10.63597022
      1.08333300	      3.70355215	      2.44761068	      1.20188942	      4.71112463	      0.80913012	     -0.04773386	    -28.73866686	      0.48321220	     -3.51438503	    -31.56916084	    -20.78923558	      4.48144962	      0.00000000	     67.20755712	      4.79325871	     -3.91598410	    -77.81822640	      9.47552672	      2.46278220	      0.00000000	    -47.90611062	     -0.06352553	      7.96558662
      1.10000000	      3.42338614	      3.32248732	      4.21446908	      4.80393016	      0.82486035	     -0.04610241	    -28.29212081	      3.48713030	     -1.49512076	    -35.98197413	    -33.00299520	      7.41330556	      0.00000000	     63.94762365	      5.65841666	     -5.26708657	    -68.60449805	     10.47240559	      4.89089100	      0.00000000	    -48.62840552	     -1.37299919	      6.09767477
      1.11666700	      3.47997213	      2.64807073	      5.62851583	      4.89514502	      0.83659460	     -0.04441895	    -25.22155987	      5.01278170	     -6.22766413	    -46.12455338	    -35.13193126	     19.61984132	      0.00000000	     59.49068150	      5.94225601	     -4.20123747	    -62.95714262	      9.70685705	      4.28573499	      0.00000000	    -49.64803607	     -2.25426480	      5.57303780
      1.13333300	      3.33688186	      1.72151445	      5.71053824	      4.98611328	      0.84547784	     -0.04302728	    -19.94275064	      4.61043140	    -12.73090955	    -60.51693070	    -33.94313133	     30.71693733	      0.00000000	     53.92667757	      5.81094927	     -2.43002595	    -59.00656495	      9.63980279	      1.28614976	      0.00000000	    -50.16643795	     -3.66410480	      6.68980543
      1.15000000	      3.81432508	      1.17064927	      6.16039553	      5.07710057	      0.85168712	     -0.04250304	    -14.92042567	      4.05368398	    -17.85523718	    -74.33853536	    -32.08761391	     34.31766488	      0.00000000	     47.37969706	      5.54358033	     -0.77778219	    -56.36865162	     10.28061152	     -0.24034892	      0.00000000	    -51.14818182	     -4.83108289	      6.78224078
      1.16666700	      3.91969410	      1.16386139	      7.56423127	      5.16930793	      0.85159779	     -0.04422862	     -9.18126933	      3.53877308	    -22.02710471	    -87.06185381	    -27.84744372	     31.39249187	      0.00000000	     41.34083386	      5.33546358	      0.94125518	    -55.78464656	     10.22103267	      1.18912767	      0.00000000	    -51.29301582	     -5.84478499	      6.71935874
      1.18333300	      4.18700168	      1.37156554	      8.91602801	      5.26240260	      0.84708482	     -0.04700231	     -2.78919354	      2.74552935	    -26.10475605	    -99.48331538	    -21.50129883	     24.40520767	      0.00000000	     34.65229512	      4.38697738	      2.37049575	    -56.22058570	      9.24436549	      4.58918518	      0.00000000	    -51.19874572	     -6.68979660	      6.27102706
      1.20000000	      4.48520784	      1.69938753	     10.07631972	      5.35435893	      0.83995194	     -0.05053891	      4.31257931	      1.67600193	    -29.38096257	   -110.17022335	    -15.95587790	     16.22883577	      0.00000000	     27.77783018	      3.13273440	      2.50275040	    -55.89152852	     10.80740829	      8.35048467	      0.00000000	    -51.14169925	     -6.98548105	      4.72696388
      1.21666700	      4.82148456	      1.48604590	     11.20786508	      5.44616685	      0.82876357	     -0.05663810	     12.54096867	      1.30223403	    -31.30667419	   -119.19584942	    -11.26155360	      9.34803140	      0.00000000	     20.54525738	      1.44969000	      0.63460834	    -54.55720844	     19.56489568	     10.59533224	      0.00000000	    -50.86792488	     -5.85855468	      1.31539028
      1.23333300	      5.42499310	      1.54924235	     12.14131757	      5.53809914	      0.81426980	     -0.06424560	     21.61950655	      0.45624978	    -31.84960558	   -126.68264839	     -7.23121976	      3.00620390	      0.00000000	     12.78550125	      0.21328996	     -2.24098505	    -52.74956718	     30.84566867	     12.82976787	      0.00000000	    -50.70168957	     -4.18060197	     -3.12648513
      1.25000000	      6.72529179	      1.31757241	     11.72432960	      5.63220348	      0.80327697	     -0.06902708	     30.09201279	      0.81681836	    -30.15636907	   -130.45900440	     -2.04012821	      1.11658182	      0.00000000	      4.23457825	     -1.81721560	     -5.22230519	    -50.64542942	     38.09585026	     15.70133190	      0.00000000	    -50.88670535	     -2.83739423	     -6.38176912
      1.26666700	      8.69601039	      1.01243653	      9.43234699	      5.72930290	      0.79878144	     -0.06695053	     38.00743916	      3.27990333	    -25.00945750	   -129.61102803	      4.90120564	      4.02255719	      0.00000000	     -5.55045875	     -4.71695905	     -8.49653361	    -47.76127003	     38.20134646	     19.48010082	      0.00000000	    -51.84992733	     -2.78514958	     -7.67073200
      1.28333300	     10.22312943	      0.11788458	      6.31922627	      5.82862303	      0.79783459	     -0.06258628	     46.20545444	      7.16582223	    -18.65300015	   -125.00313756	      7.84458895	      6.94852639	      0.00000000	    -15.28990517	     -7.50545604	    -12.37715580	    -44.32067527	     34.36026568	     25.26624563	      0.00000000	    -52.24328992	     -2.73259806	     -8.11989122
      1.30000000	     12.19367162	     -1.57926875	      2.85133772	      5.92996405	      0.79832896	     -0.05926521	     51.37783651	     11.24379634	    -13.99899332	   -117.99687148	      7.79272028	      8.11550736	      0.00000000	    -24.54449367	     -8.18674443	    -13.29199757	    -41.25652429	     25.12692148	     29.38502218	      0.00000000	    -53.04980868	     -2.22745699	     -7.52953343
      1.31666700	     12.98718925	     -4.13406041	     -1.03471754	      6.03736429	      0.80145116	     -0.06028234	     54.30650739	     14.34441841	    -11.77357903	   -108.15954829	     11.18736871	      6.82501582	      0.00000000	    -31.05042138	     -5.57248014	     -8.68609073	    -37.79050520	      3.43523802	     24.08182604	      0.00000000	    -52.61221352	     -0.87421611	     -6.11124148
      1.33333300	     13.45397319	     -7.20439514	     -4.97701396	      6.14559346	      0.80929838	     -0.06326564	     54.60757477	     16.79835443	    -11.16615300	    -95.81952209	     14.57729780	      4.95362752	      0.00000000	    -35.17878408	     -1.73373140	     -0.65191416	    -36.50905075	    -22.80655919	     19.46639383	      0.00000000	    -52.67124661	      0.98589283	     -4.34810830
      1.35000000	     13.17302133	     -9.14411598	     -8.52233897	      6.24996435	      0.81782678	     -0.06582112	     52.66995693	     18.68602246	     -9.99043654	    -83.91483664	     14.41558514	      5.40752702	      0.00000000	    -36.35136810	      1.43961184	      2.47488563	    -39.03301071	    -40.83073535	     22.77871198	      0.00000000	    -52.99074726	      2.25503638	     -2.89038505
      1.36666700	     12.40518211	     -9.06457690	    -10.26097786	      6.34294245	      0.82825580	     -0.06828413	     48.35466862	     19.07334107	     -7.80905688	    -72.79345578	     13.08150199	      7.45301338	      0.00000000	    -33.09593221	      1.60281088	     -3.51102246	    -49.01529731	    -43.41215534	     31.20526460	      0.00000000	    -54.30829875	      2.74756269	     -2.50674776
      1.38333300	     11.24692668	     -8.20307133	    -11.19350731	      6.43246788	      0.83985361	     -0.06893084	     41.98808630	     19.02736353	     -5.11059616	    -61.68720951	     12.60097403	      9.56936793	      0.00000000	    -27.49051102	     -0.50169499	    -12.27590288	    -63.22841444	    -38.88789519	     34.53354967	      0.00000000	    -55.81825396	      2.86948522	     -2.56551058
      1.40000000	     10.43184632	     -7.04469475	    -11.81556623	      6.52447066	      0.84661560	     -0.06966730	     35.42422592	     17.85790372	     -2.60408798	    -53.40648516	     12.75617228	     10.47839772	      0.00000000	    -21.75587534	     -2.59702445	    -18.30244514	    -77.11594455	    -33.61357450	     32.18173787	      0.00000000	    -56.66116275	      2.95588233	     -2.07419463
      1.41666700	      9.85335607	     -6.08384747	    -12.97568100	      6.62488981	      0.84420229	     -0.07008063	     29.85067484	     15.96783598	     -0.47142925	    -50.83095710	     13.97979588	      8.01404072	      0.00000000	    -16.03983350	     -3.69761782	    -22.24566600	    -89.30579560	    -29.25610445	     26.80928830	      0.00000000	    -56.14708325	      3.13547331	     -1.16405644
      1.43333300	     10.35059151	     -5.09656604	    -13.63717784	      6.72878600	      0.83789757	     -0.06858173	     23.36597378	     13.05499742	      0.89750523	    -51.35201362	     15.42336733	      3.11125618	      0.00000000	    -10.68604893	     -4.70050952	    -24.79799041	   -100.52589101	    -24.97546257	     21.03304130	      0.00000000	    -55.65508210	      3.38386541	      0.02937284
      1.45000000	      9.56011130	     -3.97523264	    -14.26190012	      6.83198530	      0.82857865	     -0.06591320	     18.49379356	     10.20111593	      1.10983073	    -52.03137899	     18.05560568	     -0.64962259	      0.00000000	     -3.07310999	     -5.76797408	    -26.36135733	   -110.43522435	    -20.19774551	     14.70267371	      0.00000000	    -53.73904885	      3.32196892	      2.16919966
      1.46666700	      9.07621174	     -3.30495145	    -14.71722424	      6.93261743	      0.81800070	     -0.06084633	     13.38751757	      7.79963401	     -0.76486735	    -52.83679247	     24.87818047	      0.26154411	      0.00000000	      5.09210889	     -6.97115087	    -25.83105834	   -118.68283464	    -15.53383260	     10.82140431	      0.00000000	    -52.51239199	      2.61800909	      5.59211991
      1.48333300	      7.22777563	     -2.09307226	    -14.57146108	      7.03216931	      0.80396946	     -0.05587490	     10.01453721	      5.20978398	     -3.99755789	    -54.39787064	     33.00610015	      1.91613918	      0.00000000	     16.51347327	     -7.15991679	    -22.91964275	   -125.35527088	    -11.03594895	      8.94518705	      0.00000000	    -49.70358797	      1.64376713	      9.29664483
      1.50000000	      6.63105693	     -1.91529872	    -13.42176057	      7.13267114	      0.79516288	     -0.05293407	      4.57320733	      3.57175585	     -6.59379475	    -54.40826183	     36.31525661	      2.49013258	      0.00000000	     26.78778286	     -7.02954933	    -18.17666329	   -128.94975398	     -5.46182142	      8.99639448	      0.00000000	    -48.29281909	      1.49603695	     12.61899753
      1.51666700	      7.04330253	     -1.43516081	    -10.69280861	      7.23592950	      0.79482050	     -0.05526439	     -3.41402494	      1.04277690	     -8.83713344	    -50.84042331	     32.56761769	      3.15364332	      0.00000000	     36.72811261	     -4.39587202	    -11.65941419	   -128.38837869	      1.45328685	      9.10014211	      0.00000000	    -47.99146183	      1.59531544	     13.64000080
      1.53333300	      8.09515585	     -0.79540514	     -7.10314300	      7.33944037	      0.79833092	     -0.06026892	    -12.95761010	     -1.02349609	    -11.38257696	    -45.26449307	     24.78104189	      5.75014773	      0.00000000	     45.94992769	      0.05453001	     -4.67480485	   -124.22487504	      4.10898647	      7.79210275	      0.00000000	    -48.52603250	      1.82957349	     13.76688724
      1.55000000	      8.88914596	      0.34458022	     -3.49625123	      7.44519295	      0.80317172	     -0.06394416	    -20.76918075	     -1.26832867	    -12.07867162	    -41.52190937	     14.82693016	      8.68667869	      0.00000000	     52.30265864	      4.12380444	     -0.34918724	   -116.75858327	      2.90226406	      5.31761297	      0.00000000	    -48.83859168	      1.41647325	     13.27781813
      1.56666700	      9.52384311	      2.82966827	      0.50806312	      7.55372035	      0.81327826	     -0.06383002	    -26.07143362	      1.10020770	     -7.07675058	    -39.33938243	     -2.25607841	      6.45374339	      0.00000000	     54.35851824	      7.12673842	      0.49860920	   -105.58584335	      6.33764163	      3.15518696	      0.00000000	    -49.49012683	     -0.24040333	     11.06689088
      1.58333300	      9.21886714	      5.72806785	      5.43096505	      7.66300752	      0.82522052	     -0.06142189	    -28.41609345	      5.27963897	     -0.28725282	    -40.43610022	    -19.98709651	      7.76939375	      0.00000000	     54.30092169	      9.41123048	      0.10975482	    -91.72898015	     10.70602289	      4.72472252	      0.00000000	    -49.92586973	     -2.10119760	      8.09284966
      1.60000000	      9.09821873	      7.22731686	      9.15664185	      7.77110507	      0.83668760	     -0.05889561	    -28.70539787	      8.54405556	      1.63824164	    -45.32132870	    -30.54813645	     17.23337534	      0.00000000	     51.78879538	     10.31693736	     -0.08302419	    -79.06829633	     10.76936861	      8.39247909	      0.00000000	    -51.11799027	     -3.22499991	      6.08689717
      1.61666700	      8.79459771	      7.28908300	     10.50315020	      7.87725302	      0.84526310	     -0.05861763	    -26.23768224	      7.92476561	     -4.80386067	    -55.51719500	    -33.54952696	     27.30735436	      0.00000000	     47.07848334	      9.98407038	     -0.25604501	    -68.10598162	      9.87516996	     10.74709200	      0.00000000	    -52.00165285	     -4.38838576	      5.82008338
      1.63333300	      8.46162137	      6.41325866	     10.99449658	      7.98354592	      0.85261630	     -0.05946470	    -22.25937508	      5.67562105	    -13.64678892	    -68.99556801	    -33.94711906	     30.30483815	      0.00000000	     40.47922053	      9.05675281	      0.15343515	    -57.78323466	     10.47764557	     12.25808273	      0.00000000	    -52.53221294	     -5.20653884	      6.17033306
      1.65000000	      8.29178134	      5.38390444	     11.38299919	      8.09123427	      0.85542801	     -0.06032031	    -17.79991712	      3.89304147	    -19.94245821	    -82.02408840	    -32.69039144	     27.92640848	      0.00000000	     33.58431940	      7.41658330	      0.37613742	    -49.90564879	     12.36830487	     13.65007048	      0.00000000	    -52.65911956	     -5.81420495	      6.92645260
      1.66666700	      8.99336654	      5.88969070	     12.94658134	      8.20056865	      0.85317450	     -0.06350906	    -13.94190998	      2.25070870	    -24.68402207	    -93.93186802	    -28.33431627	     26.08141264	      0.00000000	     25.63643177	      6.84531863	      0.94287875	    -45.52759261	     14.43957952	     13.80341371	      0.00000000	    -53.29872161	     -6.27406168	      7.29382932
      1.68333300	      9.30690879	      5.75360761	     14.73292566	      8.31133416	      0.84531984	     -0.06742831	     -8.46445403	      1.65624778	    -28.37806275	   -105.16627598	    -22.00129326	     24.94394903	      0.00000000	     18.09462784	      5.14279700	      2.35620114	    -43.56185424	     16.89265901	     12.37824994	      0.00000000	    -52.75721593	     -6.12787012	      7.98589794
      1.70000000	      9.99136210	      5.79858258	     15.34033877	      8.42284322	      0.83767687	     -0.07065546	     -2.63098572	      0.74993087	    -30.19163672	   -114.54752686	    -15.35106302	     22.34097434	      0.00000000	     10.21669682	      2.97298336	      2.30815226	    -42.23059308	     19.95922588	     11.36576556	      0.00000000	    -52.52711669	     -6.11134246	      6.96962969
      1.71666700	     10.59787967	      5.33393379	     15.94454487	      8.53276705	      0.82958927	     -0.07355889	      4.14588239	      0.42719944	    -30.70007669	   -121.38045152	    -10.21331989	     17.64514173	      0.00000000	      3.01531990	     -0.10396778	      0.53909864	    -42.51575153	     27.67678170	     13.99636357	      0.00000000	    -52.20190742	     -4.86041300	      3.05864556
      1.73333300	     11.02313546	      4.56095857	     15.68933645	      8.64207169	      0.81953659	     -0.07683742	     12.45497324	      0.57090374	    -28.99340547	   -126.31329797	     -5.92447435	     13.89013014	      0.00000000	     -3.67722478	     -3.01086108	     -1.45477772	    -44.28879777	     35.38599152	     15.20554404	      0.00000000	    -51.60164234	     -3.17901437	     -2.57163861
      1.75000000	     12.06758481	      3.92182691	     13.74954883	      8.75512913	      0.81336978	     -0.07709549	     20.11169223	      1.24516323	    -25.34473604	   -128.06547424	     -1.08700159	     10.69492255	      0.00000000	    -11.70237374	     -5.07804007	     -3.51910643	    -43.80060122	     36.23773451	     14.45792672	      0.00000000	    -51.32772410	     -2.44688761	     -6.54498950
      1.76666700	     13.75980625	      1.99663278	      8.81547997	      8.87443534	      0.81466785	     -0.07075502	     27.70570949	      4.88932132	    -19.08005144	   -125.77408232	      4.71243763	      6.17178013	      0.00000000	    -21.60473168	     -7.42016611	     -7.79682062	    -38.78574992	     25.53005682	     14.29370771	      0.00000000	    -51.17769639	     -2.50184303	     -6.30516234
      1.78333300	     14.86081722	     -0.89921354	      2.19908098	      8.99519495	      0.82015302	     -0.06170117	     35.32676597	     10.12082560	    -11.68939279	   -119.65952047	      6.36109746	      2.53369795	      0.00000000	    -31.59188869	     -8.82186651	    -15.42031033	    -32.47331077	      9.14400841	     21.19012848	      0.00000000	    -50.61959096	     -2.75686181	     -3.99239193
      1.80000000	     15.58425968	     -3.67167453	     -3.10476143	      9.11298083	      0.82483945	     -0.05541784	     40.10075474	     14.45462425	     -6.74172124	   -110.41118937	      4.98766543	      1.10489259	      0.00000000	    -38.57836806	     -8.16552793	    -18.76356414	    -31.01271248	     -4.21021735	     29.58300656	      0.00000000	    -50.56208952	     -2.30402481	     -2.63179419
      1.81666700	     15.74702438	     -5.82712808	     -6.42272803	      9.22578186	      0.82874327	     -0.05512050	     41.42181479	     16.14399009	     -4.87342867	    -97.30745240	      8.44464647	      3.11692227	      0.00000000	    -40.46698678	     -5.19325986	    -14.02988177	    -35.85028850	    -17.35849332	     29.29038745	      0.00000000	    -51.09260697	     -1.05671685	     -3.00061223
      1.83333300	     15.66560726	     -7.79360172	     -8.69859508	      9.33541834	      0.83423945	     -0.05854117	     39.96100752	     16.32264389	     -5.23567403	    -80.82174346	     11.47530733	      6.94695183	      0.00000000	    -39.13802187	     -1.38244169	     -6.88462761	    -45.60923348	    -29.70843965	     33.32943982	      0.00000000	    -52.36696637	      0.60423612	     -3.91885994
      1.85000000	     15.16966013	     -9.04878623	    -10.39096644	      9.44612805	      0.83757580	     -0.06067526	     36.76246968	     16.45262419	     -5.77868754	    -66.10426848	      9.37027712	      8.87192141	      0.00000000	    -36.57908414	      0.54029391	     -5.13304894	    -56.75636208	    -39.57745392	     40.38355644	      0.00000000	    -53.08158188	      2.18196038	     -3.93623252
      1.86666700	     14.62959393	     -8.59833782	    -11.99369669	      9.55812992	      0.84026364	     -0.06162954	     31.51447818	     16.21218309	     -3.84761999	    -54.67855210	      5.40938346	      5.97504589	      0.00000000	    -33.08646103	      0.66173572	     -9.55044891	    -69.91403179	    -41.22219535	     41.48159961	      0.00000000	    -53.37401334	      2.72122210	     -2.96076507
      1.88333300	     14.19775480	     -7.23787617	    -12.89769433	      9.66961647	      0.84058290	     -0.06208507	     24.71476974	     15.56198301	      0.04973437	    -44.84876409	      2.91926576	     -0.27813106	      0.00000000	    -28.56398065	     -0.74309242	    -15.96099094	    -85.13400530	    -37.98549309	     33.06524817	      0.00000000	    -53.49959952	      3.05643275	     -2.17369309
      1.90000000	     14.03104311	     -6.03998330	    -13.78590968	      9.78116800	      0.83944402	     -0.06110316	     17.38219980	     14.27847964	      3.28219619	    -38.13664882	      5.03901637	     -3.59201936	      0.00000000	    -23.91263676	     -2.36145835	    -21.48606600	    -98.62321550	    -34.74446607	     21.38548069	      0.00000000	    -53.38902425	      3.17188028	     -1.41493247
      1.91666700	     13.09756498	     -5.40396171	    -14.92536708	      9.89235041	      0.83416280	     -0.05696460	     11.39520304	     13.04386903	      4.89299674	    -37.43080733	     14.90012325	     -2.16628945	      0.00000000	    -17.12707170	     -4.34365410	    -24.70893766	   -111.46399133	    -30.76877496	     14.74720488	      0.00000000	    -51.90639034	      3.39840155	     -0.41736961
      1.93333300	     13.05212945	     -5.34128641	    -15.81040281	     10.00394574	      0.82744190	     -0.05089099	      4.07471191	     11.39382240	      5.03196594	    -39.79381892	     26.50815602	      1.64175052	      0.00000000	    -10.40737278	     -6.98910766	    -26.58890942	   -123.17075180	    -24.81817204	     12.26548629	      0.00000000	    -50.82466004	      3.58219784	      1.05017107
      1.95000000	     12.40548899	     -4.68783271	    -15.80583224	     10.11633426	      0.82000518	     -0.04526706	     -2.22801828	      8.59459136	      3.48469996	    -41.51008920	     33.82114774	      5.46217832	      0.00000000	     -2.07186768	     -8.45037077	    -25.90388907	   -131.21968257	    -18.31247958	     12.76794888	      0.00000000	    -49.11998875	      3.52752098	      2.16700116
      1.96666700	     10.76476958	     -3.80925139	    -15.61913753	     10.22641985	      0.80999542	     -0.03874609	     -6.92928083	      5.36855292	      0.55479485	    -42.14538614	     37.15484709	      9.65125988	      0.00000000	      8.30858868	     -8.53247651	    -22.41471602	   -134.77875940	    -12.08538673	     15.68483371	      0.00000000	    -46.66777150	      2.57955487	      5.34922269
      1.98333300	      9.77757057	     -2.88748108	    -14.61624369	     10.33829439	      0.80019565	     -0.03219824	    -12.68970565	      2.12354984	     -3.05805621	    -42.06037711	     37.83443675	     13.89525857	      0.00000000	     18.30201030	     -6.82456830	    -17.00004290	   -134.29751683	     -7.00177117	     18.30525462	      0.00000000	    -44.66412549	      1.26644160	      8.92826667
      2.00000000	      9.64192981	     -1.99363414	    -12.47583191	     10.45394854	      0.79522217	     -0.02853749	    -19.40917963	      0.32762073	     -5.11223650	    -40.60646665	     31.98658718	     14.52134766	      0.00000000	     26.83583183	     -4.16124387	    -11.97085446	   -130.16141883	     -2.73701412	     18.10994501	      0.00000000	    -43.49726249	      0.38876851	     11.66872022
      2.01666700	     10.84577967	     -0.11459894	     -6.77188653	     10.57524054	      0.80024399	     -0.03157308	    -27.64913585	      0.22296735	     -7.40521855	    -35.92792885	     13.10437803	     10.97268612	      0.00000000	     34.38784131	      1.12608200	     -6.50596136	   -122.31682149	      6.22570117	     10.36274660	      0.00000000	    -43.51038787	      0.54432260	     11.78884909
      2.03333300	     11.54307424	      2.17215804	     -0.41823324	     10.69785440	      0.81112122	     -0.03748015	    -34.49954413	      1.52845192	     -8.53974024	    -31.58222467	    -10.24588201	     11.20864022	      0.00000000	     40.78096972	      7.36328381	     -1.15871554	   -109.60172838	      7.73958978	      1.05366642	      0.00000000	    -43.34703192	      0.73351961	     11.58871225
      2.05000000	     11.94887659	      4.01429735	      4.58868425	     10.81626317	      0.82167908	     -0.04083815	    -38.22042557	      3.03037759	    -10.21893628	    -32.73689224	    -25.76603198	     17.57229948	      0.00000000	     42.95520687	     12.24258175	      2.25255085	    -94.80273782	      1.23131241	     -3.14341485	      0.00000000	    -43.79469951	      0.55668463	     11.40755692
      2.06666700	     11.52875063	      3.99364478	      6.51502255	     10.93049709	      0.82698798	     -0.03746086	    -36.82676537	      4.55487423	    -10.67860969	    -42.64461555	    -31.79725821	     25.59808936	      0.00000000	     40.33648996	     12.82902858	      2.72314884	    -78.46377330	     -0.97129014	      0.88897586	      0.00000000	    -44.39638035	     -0.07404461	     11.66736157
      2.08333300	     10.87472285	      3.74238569	      6.49371272	     11.04094115	      0.83121712	     -0.03130532	    -32.42219158	      4.87129612	    -11.10263606	    -58.00310966	    -33.94624073	     31.83113788	      0.00000000	     34.62657204	     11.67519617	      0.13874318	    -60.24747990	     -1.34515743	      9.76011971	      0.00000000	    -45.45041292	     -1.49715962	     11.69079974
      2.10000000	     10.92687922	      3.41721370	      6.71985017	     11.15372656	      0.83634214	     -0.02637514	    -28.37248486	      4.99364386	    -12.73396573	    -72.54814328	    -34.76569494	     33.89067864	      0.00000000	     27.78509492	     10.56771155	     -3.81271597	    -45.45305829	     -3.92464279	     16.18232684	      0.00000000	    -46.62237829	     -2.59629304	     11.15162558
      2.11666700	     11.31596026	      3.18374647	      7.22217526	     11.27158235	      0.84282505	     -0.02289203	    -24.71698021	      4.19487868	    -15.77337022	    -85.51553084	    -32.76077516	     33.24807533	      0.00000000	     21.71918087	     10.25910528	     -6.37889846	    -37.58377240	     -4.54702677	     14.50187399	      0.00000000	    -47.32153005	     -3.79737063	     10.15620126
      2.13333300	     12.17506719	      2.53855950	      7.96965625	     11.39031417	      0.84927245	     -0.02045142	    -20.58286022	      3.40648518	    -19.88437933	    -98.52435860	    -27.49961958	     28.81891018	      0.00000000	     15.68061488	      9.61587389	     -8.22846117	    -34.63190997	      0.03835739	      8.87050004	      0.00000000	    -47.93146023	     -4.33835685	      8.91517615
      2.15000000	     13.87180768	      2.69786559	      9.10566555	     11.51178605	      0.85408051	     -0.02028768	    -17.09500966	      2.10093244	    -24.05351158	   -109.79772512	    -22.35463564	     23.08800867	      0.00000000	      8.07460605	      9.66759002	     -9.00242093	    -33.10586571	      6.84480859	      4.99028458	      0.00000000	    -49.03188123	     -4.76901863	      7.33349831
      2.16666700	     14.53479837	      2.48237212	     10.95262223	     11.63418259	      0.85142649	     -0.02422954	    -10.78522342	      1.27879074	    -27.88076469	   -120.69372613	    -17.55455004	     17.65729896	      0.00000000	      1.28344604	      8.88627536	    -10.26476689	    -33.45764538	     17.14802271	      5.55667811	      0.00000000	    -48.21475489	     -3.68606202	      6.87810284
      2.18333300	     16.41581546	      3.06114662	     13.29945901	     11.75790394	      0.84670300	     -0.03100254	     -4.97559314	     -0.08551207	    -31.12585106	   -129.92908242	    -12.17432486	     15.20216661	      0.00000000	     -7.35345583	      8.33553345	     -9.01781115	    -35.36817244	     27.32096571	      4.98554635	      0.00000000	    -48.19186345	     -2.23513071	      5.85386508
      2.20000000	     17.01765330	      2.80665180	     14.18263376	     11.88023117	      0.84102787	     -0.03472212	      3.41995446	     -0.49187630	    -31.55957718	   -135.91313419	     -5.34318012	     14.03169592	      0.00000000	    -14.43675360	      6.37906616	     -9.04296175	    -36.49242094	     32.14149879	      4.66213937	      0.00000000	    -47.04498687	     -1.07016899	      4.54122361
      2.21666700	     17.71502860	      1.38932811	     13.20233580	     11.99724973	      0.83716358	     -0.03110540	     13.26024517	      1.63238883	    -27.94017769	   -137.23236778	      0.54598185	     12.44314891	      0.00000000	    -21.95854111	      2.14080497	    -11.83531341	    -35.13855321	     29.85109083	      7.08637884	      0.00000000	    -46.71258934	      0.09445534	      2.48325844
      2.23333300	     18.11931709	     -0.45684702	     11.02206172	     12.11362843	      0.83317252	     -0.02354759	     23.86715391	      5.09737563	    -21.86972395	   -134.98884143	      2.29380023	      9.28645790	      0.00000000	    -29.86941487	     -2.21568402	    -16.30157759	    -32.73133051	     22.58653729	     12.93394218	      0.00000000	    -46.43422720	      1.02834346	     -0.42637432
      2.25000000	     19.32398674	     -2.32918913	      8.29597065	     12.23432856	      0.83104963	     -0.01706877	     31.54674350	      8.78989668	    -16.23784711	   -129.39727352	      3.11277201	      7.35230697	      0.00000000	    -37.96554117	     -3.97709504	    -17.68015835	    -30.54465831	     12.03071422	     15.81564155	      0.00000000	    -46.55695979	      1.81704991	     -2.35094719
      2.26666700	     20.33926187	     -5.07435838	      4.27871955	     12.36299266	      0.83199539	     -0.01099872	     37.16990853	     13.21008136	    -11.97466349	   -119.53784255	      9.93192543	      3.24801754	      0.00000000	    -43.99074811	     -2.56413605	    -13.19335826	    -28.81846533	     -6.91037601	      8.89098376	      0.00000000	    -45.80477002	      2.56399513	     -1.38761210
      2.28333300	     20.55916367	     -8.00192826	     -0.92024161	     12.49272645	      0.83676815	     -0.00529341	     40.94472451	     17.93131896	     -7.80035818	   -105.36832796	     13.61850004	     -1.94603536	      0.00000000	    -47.14653419	      1.18017028	     -5.14911402	    -30.03929651	    -27.73726174	      3.78224128	      0.00000000	    -44.57202622	      3.01269473	      0.38153404
      2.30000000	     20.66474635	    -10.10705636	     -5.41415088	     12.61711009	      0.84307193	     -0.00306098	     40.81371748	     21.48030676	     -4.32967427	    -90.87338637	     10.21504883	     -5.39387477	      0.00000000	    -47.92973658	      4.47510587	     -1.90037164	    -35.76613017	    -40.77971483	     10.62744298	      0.00000000	    -44.43623577	      3.51039826	      1.70050974
      2.31666700	     20.54503828	    -10.72051774	     -7.69670210	     12.73169814	      0.85126011	     -0.00441539	     36.24328275	     22.84772160	     -1.51868455	    -76.40178956	      8.68845400	     -2.38161534	      0.00000000	    -45.27011413	      4.78820305	     -6.83755457	    -49.01192661	    -43.19602798	     22.41419251	      0.00000000	    -45.92827317	      3.81689400	      0.68880294
      2.33333300	     19.93231430	    -10.78707499	     -8.45007373	     12.84167608	      0.85833245	     -0.00840422	     29.45682950	     22.73264101	      0.06461938	    -61.60423524	      9.87492460	      4.09193938	      0.00000000	    -40.20021939	      2.75333707	    -13.24607021	    -67.03382140	    -42.53007847	     29.51653183	      0.00000000	    -47.65714462	      4.52504730	     -1.05875796
      2.35000000	     19.66548680	    -10.64548555	     -8.97331244	     12.95396516	      0.86263405	     -0.01067729	     21.94553083	     22.02544921	      0.83442074	    -49.74009393	     10.19463482	      8.19220782	      0.00000000	    -35.24439063	      0.48243989	    -17.65088714	    -83.36996027	    -40.23973040	     28.75870694	      0.00000000	    -49.14438817	      5.11156793	     -1.42733731
      2.36666700	     19.87620116	     -9.86645197	     -9.51450338	     13.07362370	      0.86097048	     -0.01000795	     14.91823353	     20.75931454	      2.10351638	    -44.07207078	     11.20958226	      5.63828367	      0.00000000	    -30.51015201	     -1.10795176	    -19.90842908	    -96.96631097	    -36.44524596	     24.34220713	      0.00000000	    -49.27142661	      5.32146722	     -0.67257768
      2.38333300	     20.66424979	     -8.80761738	    -10.02071516	     13.19606062	      0.85710906	     -0.00925512	      7.09708650	     18.57357024	      3.25621982	    -41.73751272	     13.68820495	      1.10872175	      0.00000000	    -25.60960550	     -2.64663942	    -21.88685378	   -108.78917487	    -31.66550448	     18.02143828	      0.00000000	    -49.42971655	      5.40350457	      1.09459120
      2.40000000	     20.46146055	     -7.68439899	    -10.49691407	     13.31809751	      0.85024923	     -0.00736889	      0.73465392	     16.00189350	      2.94480993	    -41.30201713	     18.14841648	     -1.27735900	      0.00000000	    -19.04368558	     -3.75561014	    -22.84407083	   -118.06786355	    -25.75605032	     12.53390395	      0.00000000	    -48.41737055	      5.14242455	      3.47973288
      2.41666700	     19.62483918	     -7.25664681	    -11.50284504	     13.43839219	      0.84026586	     -0.00341715	     -5.26131927	     13.53663372	      1.14006844	    -42.61781635	     26.23081485	      2.54662399	      0.00000000	    -11.58645003	     -4.60120843	    -22.31936541	   -124.05479197	    -19.15784020	     12.49657143	      0.00000000	    -47.19941860	      4.52868118	      6.27868146
      2.43333300	     17.95892777	     -6.70961801	    -12.67694792	     13.55669126	      0.82650308	      0.00038705	    -10.13591289	     10.73216647	     -0.97701023	    -45.78825984	     33.46799929	      5.91214360	      0.00000000	     -2.17075230	     -4.73824262	    -20.68129936	   -127.19953111	    -13.10000160	     14.25212640	      0.00000000	    -45.14088508	      3.45692068	      9.20574242
      2.45000000	     16.86141846	     -5.97284580	    -11.79027590	     13.67783406	      0.81787742	      0.00127803	    -15.60968547	      8.43979496	     -2.77381054	    -46.97999482	     32.38314199	      5.69322748	      0.00000000	      7.34057520	     -4.17724866	    -17.20968777	   -126.66434316	     -6.62363588	     13.85500038	      0.00000000	    -43.33954436	      3.07757208	     11.09999512
      2.46666700	     16.29465278	     -4.11555805	     -8.00620514	     13.80265272	      0.81869227	     -0.00306838	    -21.97195569	      5.96144043	     -5.28924348	    -43.83840402	     17.53690485	      4.82561356	      0.00000000	     17.65839034	     -1.03158985	    -11.22501324	   -121.13482219	      2.82024543	      8.28596812	      0.00000000	    -41.46684170	      2.76080269	     11.64751205
      2.48333300	     16.38142537	     -2.15188601	     -2.36394059	     13.92781546	      0.82565762	     -0.00965025	    -29.30188137	      5.06731075	     -8.02354549	    -39.29864566	     -2.29202789	      9.63456896	      0.00000000	     26.58663525	      3.76373857	     -3.43743602	   -110.24888457	      3.19284912	     -0.61780790	      0.00000000	    -40.23455387	      2.70198792	     11.59106268
      2.50000000	     16.45381210	     -0.02792681	      2.46453762	     14.05196177	      0.83202680	     -0.01572908	    -34.46028000	      5.25092655	     -9.93023982	    -38.51298673	    -17.90221456	     16.92799078	      0.00000000	     31.09655438	      8.18969834	      1.96807021	    -96.76746648	     -3.43982580	     -6.29264100	      0.00000000	    -39.80777484	      1.99648514	     10.90581821
      2.51666700	     16.13956005	      1.74643434	      5.57697474	     14.17498596	      0.83512680	     -0.01683315	    -35.20458857	      7.35819310	     -7.87742071	    -45.32921773	    -23.90269815	     20.84616400	      0.00000000	     30.82413332	      9.62820418	      4.06817856	    -81.21733927	     -3.13878968	     -4.92591060	      0.00000000	    -39.73771778	      0.53187970	     10.39391472
      2.53333300	     15.35513998	      3.66368861	      8.20667658	     14.29698790	      0.83721524	     -0.01779493	    -33.00342756	      9.53508112	     -6.55062459	    -56.42656840	    -27.63329662	     26.58527650	      0.00000000	     27.78716140	      9.95349346	      3.75998997	    -63.48426502	      0.25961674	      1.86910380	      0.00000000	    -39.82885805	     -1.11816641	      9.10183062
      2.55000000	     15.55948004	      4.91732149	     10.23223669	     14.41879108	      0.84134060	     -0.01812896	    -30.84423091	     10.67003065	     -7.75002265	    -67.90801705	    -30.99767743	     32.19724836	      0.00000000	     22.69366542	     10.02276894	      2.60315062	    -48.50695608	     -0.03338936	      7.68818604	      0.00000000	    -41.04242896	     -2.43305686	      8.06562914
      2.56666700	     15.81500957	      4.46154490	     10.63843439	     14.54073719	      0.84844937	     -0.01544663	    -27.57237783	     10.17797136	    -10.91561797	    -80.38220688	    -31.43303192	     32.68288822	      0.00000000	     17.59254305	      9.78099572	      2.26286484	    -38.76357261	     -1.36215287	      7.24582710	      0.00000000	    -42.02552794	     -3.42480466	      7.58480397
      2.58333300	     17.21990561	      3.89469940	     10.26410902	     14.66276773	      0.85788002	     -0.01371597	    -24.78977906	      8.04238049	    -15.29891821	    -93.53986400	    -29.23857113	     27.96130335	      0.00000000	     10.31498360	     10.14898152	      2.76677180	    -31.67008732	      0.22985135	      2.81591092	      0.00000000	    -44.30096600	     -4.50064271	      7.11959171
      2.60000000	     18.03675368	      2.91821080	     10.56683156	     14.78702365	      0.86254841	     -0.01295059	    -20.47729537	      6.67210547	    -19.77091055	   -105.27092050	    -26.85971831	     19.68588167	      0.00000000	      4.15659029	      9.84410542	      4.00212958	    -28.54080673	      5.59415851	     -0.89411583	      0.00000000	    -45.04894599	     -4.72527662	      6.85052849
      2.61666700	     19.14007440	      3.00780631	     11.79604373	     14.91577311	      0.86102206	     -0.01625117	    -15.42295006	      5.19828256	    -23.94738914	   -116.14968453	    -22.79111562	     14.12672088	      0.00000000	     -2.26416684	      9.52901994	      3.71130336	    -29.51476634	     15.35352615	     -0.73024515	      0.00000000	    -45.32810707	     -4.71474709	      6.53092448
      2.63333300	     21.11501474	      3.20674649	     13.54657690	     15.04599746	      0.85713329	     -0.02144318	    -10.04437202	      4.13043340	    -27.86577506	   -125.51921108	    -17.04542098	     10.98195910	      0.00000000	     -9.49640437	      8.11172999	      2.55421070	    -33.79248096	     25.32805359	     -0.35819527	      0.00000000	    -45.93728188	     -3.90227127	      6.29510514
      2.65000000	     22.20601407	      3.00419880	     14.24847254	     15.17363190	      0.85190919	     -0.02378826	     -2.80326740	      3.58165071	    -29.34185202	   -131.85027645	    -10.19461081	     10.50843422	      0.00000000	    -16.02262419	      5.66847658	      0.59148133	    -37.08403687	     31.37061059	      0.52611168	      0.00000000	    -45.81906583	     -3.24436939	      5.18987828
      2.66666700	     23.00534121	      1.49000070	     13.18190020	     15.29697972	      0.84682725	     -0.02060759	      6.23370370	      4.99540220	    -27.08469035	   -134.15710489	     -3.82852884	     10.44444548	      0.00000000	    -23.32983871	      1.06281534	     -4.19647219	    -37.29999756	     31.95975170	      4.92190781	      0.00000000	    -45.90453270	     -1.94474521	      3.50144715
      2.68333300	     22.99480968	     -0.52001438	     11.23431022	     15.41762508	      0.83947854	     -0.01438427	     17.31248418	      7.51096931	    -22.74328038	   -133.09143735	     -1.32819965	      9.86039483	      0.00000000	    -30.39946894	     -3.43202653	     -9.72767747	    -36.85177043	     27.71196214	     10.18588897	      0.00000000	    -45.57073553	     -0.54300089	      1.02371972
      2.70000000	     23.03008366	     -2.18519498	      8.49142761	     15.54281662	      0.83381345	     -0.00889926	     26.54063434	      9.88048349	    -18.10981401	   -128.74814702	      0.97818343	      8.59098643	      0.00000000	    -37.63423875	     -4.92708761	    -12.55753698	    -35.23999188	     18.42901991	     11.74579644	      0.00000000	    -44.88346686	      0.33620967	     -1.40286068
      2.71666700	     23.16221004	     -4.55913449	      3.92272654	     15.67632025	      0.83408472	     -0.00289261	     33.53254437	     13.28949041	    -13.60564397	   -120.04758414	      7.77656524	      3.14743451	      0.00000000	    -44.46946750	     -3.15077916	    -11.59849997	    -31.02909442	     -3.44588222	      5.22852049	      0.00000000	    -43.40293493	      0.75146004	     -0.99495666
      2.73333300	     23.05526554	     -7.45056652	     -1.79722981	     15.81118109	      0.83823511	      0.00527051	     38.37788750	     17.64913887	     -9.18946641	   -106.91210674	     10.47905012	     -4.31280988	      0.00000000	    -50.07135178	     -0.17399444	     -9.84778912	    -27.66194903	    -27.61779798	      3.52689006	      0.00000000	    -41.85650113	      1.33211904	     -0.03442309
      2.75000000	     22.93813479	     -9.61544865	     -6.85447800	     15.94110933	      0.84531074	      0.00996282	     38.66408153	     21.41188565	     -5.02887522	    -92.70467978	      7.32739478	     -7.61489149	      0.00000000	    -52.35771533	      2.92437067	     -9.29799824	    -30.41979301	    -42.73008011	     10.10572126	      0.00000000	    -41.61113210	      1.89881954	      1.45489058
      2.76666700	     22.70333136	    -10.17666252	     -9.58563783	     16.05965769	      0.85315580	      0.00729634	     34.52147175	     22.60956858	     -1.91622787	    -78.28711866	      6.05499996	     -4.19131293	      0.00000000	    -49.17475494	      4.10763104	    -12.44370390	    -44.37021801	    -45.45638058	     21.79684161	      0.00000000	    -43.35082386	      2.26880535	     -0.16280719
      2.78333300	     22.47808901	    -10.56621224	    -10.62935812	     16.17308090	      0.86184572	      0.00188909	     27.20311935	     22.74069942	     -0.07224297	    -62.59729853	      6.93851729	      2.56058495	      0.00000000	    -43.39085883	      2.49113695	    -16.90668784	    -64.26290221	    -43.88546886	     31.81290524	      0.00000000	    -45.99983021	      3.25138444	     -1.47884552
      2.80000000	     22.05477053	    -10.50623220	    -11.37299612	     16.29019364	      0.86676571	     -0.00207076	     19.80747391	     22.23655790	      1.20166739	    -49.98662155	      6.78575800	      6.35394434	      0.00000000	    -37.37427318	      0.69513983	    -19.75661480	    -82.38163790	    -41.06959142	     34.20512844	      0.00000000	    -47.61002899	      4.02827831	     -2.38565789
      2.81666700	     22.43640259	     -9.96519302	    -11.73290393	     16.41507836	      0.86761662	     -0.00418557	     11.95678822	     20.98183032	      2.42073030	    -42.45797700	      7.23796658	      4.57346797	      0.00000000	    -32.49202303	     -0.97100353	    -21.48915248	    -96.99648398	    -37.09144341	     29.45270137	      0.00000000	    -48.28157661	      4.77480929	     -1.17346525
      2.83333300	     22.96821388	     -8.39561146	    -11.47564345	     16.54330232	      0.86419447	     -0.00469656	      4.12852787	     18.48253358	      3.08625718	    -38.19629903	      9.73275361	     -0.08837943	      0.00000000	    -26.80573087	     -2.10850948	    -22.30101496	   -110.32001109	    -31.31124270	     20.96582432	      0.00000000	    -47.96318275	      4.94039393	      0.38241272
      2.85000000	     23.24748413	     -7.28969891	    -11.51380360	     16.67175655	      0.85957515	     -0.00490026	     -3.16996867	     15.93308742	      2.62674288	    -36.51322232	     15.08360848	     -0.74072575	      0.00000000	    -20.60643338	     -3.08043280	    -23.30370827	   -120.63086895	    -25.65103554	     12.47495341	      0.00000000	    -47.53245951	      5.00662551	      2.41489298
      2.86666700	     22.60790872	     -6.82047731	    -12.78110395	     16.79582627	      0.85176585	     -0.00089026	     -8.89690242	     13.59464544	      1.47530416	    -38.64727098	     23.24343897	      2.14773507	      0.00000000	    -12.53580314	     -3.66633177	    -23.62568536	   -127.94924924	    -19.34572091	     10.55656193	      0.00000000	    -46.88520748	      4.20398949	      4.94659605
      2.88333300	     20.91952013	     -6.17408682	    -14.18396080	     16.92025922	      0.84136034	      0.00233151	    -13.19533066	     10.64066064	     -0.00180399	    -43.34412319	     30.19921201	      4.99641453	      0.00000000	     -2.20101071	     -3.81674706	    -23.10453297	   -132.31085281	    -13.25446733	     11.19626874	      0.00000000	    -45.12939435	      3.20534281	      7.03312149
      2.90000000	     19.06798876	     -5.79741273	    -13.91594669	     17.04679329	      0.83317499	      0.00401461	    -17.26856030	      8.82052114	     -0.72999929	    -46.17292507	     28.77371332	      3.87822626	      0.00000000	      9.39053690	     -4.11095873	    -20.10109619	   -133.55849038	     -6.11537850	     11.77816210	      0.00000000	    -42.97235759	      2.99826950	      9.40869980
      2.91666700	     19.03298404	     -4.25549071	    -10.48503909	     17.18051193	      0.83371745	     -0.00028523	    -24.31243273	      5.60584804	     -4.12009612	    -42.89900719	     13.86809655	      4.95887821	      0.00000000	     20.44126865	     -1.21165145	    -13.93417007	   -129.32853378	      2.87711041	      8.24145254	      0.00000000	    -41.30623481	      2.90143730	     10.48857269
      2.93333300	     19.69480318	     -2.14103112	     -5.44789023	     17.31683352	      0.83975068	     -0.00539350	    -32.87493922	      3.32149080	     -9.07113853	    -37.16550171	     -6.74832169	     12.56890121	      0.00000000	     30.41568901	      3.64504816	     -6.18505103	   -119.63259094	      3.20659286	      3.01775333	      0.00000000	    -39.95701466	      2.28605986	     11.03964257
      2.95000000	     20.13858841	     -0.10659207	     -1.25557952	     17.45056378	      0.84421204	     -0.01019597	    -38.86793298	      3.30215135	    -10.99824029	    -35.86691370	    -22.66822128	     19.84240557	      0.00000000	     36.54472177	      7.81345156	     -1.37282118	   -107.41218152	     -3.40676067	     -2.46538377	      0.00000000	    -39.26008905	      1.40916240	     11.31889679
      2.96666700	     20.11714014	      1.96987493	      2.41332428	     17.57885955	      0.84737677	     -0.01443448	    -39.95508563	      6.02055233	     -8.74743955	    -42.90963365	    -28.53624906	     20.89249765	      0.00000000	     38.27756376	     10.21689730	      0.85348442	    -92.94509209	     -3.08169529	     -5.26175005	      0.00000000	    -39.39381678	      0.43619903	     10.66675244
      2.98333300	     20.27997693	      4.37012097	      5.31257864	     17.70520152	      0.85114380	     -0.01690555	    -38.58806993	      9.30770853	     -5.92434212	    -54.39538313	    -33.48889097	     25.08629130	      0.00000000	     36.36431984	     11.45986937	      1.02113172	    -76.45265256	      1.13938239	     -2.96721439	      0.00000000	    -40.52136284	     -1.04477298	      9.71785299
      3.00000000	     19.97697663	      5.43595009	      7.76284374	     17.82871712	      0.85373890	     -0.01780525	    -35.61787861	     11.42867475	     -6.86763382	    -66.61521590	    -36.68972632	     30.30945639	      0.00000000	     32.96527587	     11.71470044	      0.97966496	    -61.71404184	      0.74400486	      0.38184431	      0.00000000	    -41.49252148	     -1.74540286	      9.01387281
      3.01666700	     19.48663522	      5.03972629	      8.58296351	     17.95361974	      0.85541464	     -0.01518623	    -32.22400018	     10.32186635	    -10.75158047	    -79.44502404	    -36.35210970	     32.14407192	      0.00000000	     27.12738650	     11.52677055	      1.36083724	    -48.70923175	     -2.98968534	     -0.09047819	      0.00000000	    -42.14789060	     -2.55371480	      8.54380569
      3.03333300	     19.38160026	      3.46314998	      8.19274348	     18.07765074	      0.85728134	     -0.00987050	    -28.49002041	      7.73416973	    -15.38857212	    -93.20390874	    -34.24520842	     27.68529667	      0.00000000	     18.80658068	     10.52226816	      2.56728209	    -36.59974778	     -5.14449975	     -3.41307248	      0.00000000	    -43.13409062	     -3.28474762	      9.22337340
      3.05000000	     20.37719443	      2.57288439	      8.16737171	     18.20369852	      0.85859526	     -0.00684394	    -25.50413777	      5.14672668	    -19.88182176	   -105.22354365	    -31.31014716	     19.71604672	      0.00000000	      9.25807383	      9.92997746	      3.72851091	    -28.74852587	     -1.97082291	     -6.41968721	      0.00000000	    -44.36077466	     -3.86431922	      9.41173919
      3.06666700	     20.89391034	      2.76207688	      9.81917975	     18.33004358	      0.85713239	     -0.00940332	    -20.65630865	      3.40499123	    -24.73431581	   -116.14493640	    -27.62573764	     14.37813251	      0.00000000	      1.53274810	     10.08079617	      4.93006819	    -29.09420182	      9.29399939	     -7.12132759	      0.00000000	    -44.04053689	     -3.71545546	      8.74918890
      3.08333300	     21.32764595	      3.27793296	     11.92235788	     18.45606328	      0.85460050	     -0.01304820	    -14.38997937	      1.67399822	    -29.89649782	   -125.82386270	    -22.30727889	     10.51215296	      0.00000000	     -5.84778588	      9.69252526	      5.88667067	    -34.18060051	     22.13831629	     -7.06601923	      0.00000000	    -43.12741754	     -3.37048924	      7.89013540
      3.10000000	     22.66126180	      3.33154961	     12.89659406	     18.58405955	      0.85311918	     -0.01494864	     -8.36529572	      0.93830141	    -32.08362196	   -131.90433154	    -15.54180832	      9.66800934	      0.00000000	    -14.38128550	      7.23717518	      4.64762937	    -37.59481303	     29.17322485	     -5.46419763	      0.00000000	    -43.11577692	     -2.63415381	      6.22902795
      3.11666700	     23.11142374	      1.64537075	     12.18474396	     18.71059796	      0.84977559	     -0.01144729	      0.76263929	      2.62304522	    -29.83085344	   -134.28328983	     -8.67552497	     10.03389687	      0.00000000	    -21.48908452	      2.05552340	     -0.24064465	    -38.31311592	     29.72666482	      0.19989790	      0.00000000	    -42.99352582	     -1.11835186	      4.78389233
      3.13333300	     23.09956808	     -0.15045488	     10.70141990	     18.83737069	      0.84559281	     -0.00552418	     11.52182820	      5.32865342	    -25.18525318	   -133.17192697	     -5.57152473	     10.39142819	      0.00000000	    -28.53031979	     -2.77629963	     -5.82377044	    -37.81033164	     25.65192124	      6.59460749	      0.00000000	    -42.89350387	      0.39115613	      2.43149288
      3.15000000	     23.52606763	     -1.94708156	      7.96513870	     18.96709670	      0.84294625	     -0.00012605	     20.48706471	      8.26983691	    -20.05138477	   -129.04723504	     -2.37156865	      9.46378220	      0.00000000	    -36.36290010	     -4.85485721	     -9.65639602	    -36.25768580	     16.91668899	      9.13159696	      0.00000000	    -42.83284364	      1.44000618	      0.46951891
      3.16666700	     23.62776599	     -4.18335473	      3.41108260	     19.10284592	      0.84569626	      0.00803665	     28.36447707	     12.22950475	    -14.87310470	   -120.94359386	      4.55270496	      3.44108902	      0.00000000	    -44.02167993	     -3.71875534	    -10.76507043	    -31.38682897	     -3.77204220	      4.21726122	      0.00000000	    -41.58490103	      1.70871655	     -0.39312361
      3.18333300	     23.34449124	     -7.19535344	     -2.43991463	     19.23909090	      0.85304341	      0.01764844	     34.38600722	     17.41095729	     -9.35245966	   -108.34378415	      6.52822248	     -5.30679511	      0.00000000	    -50.67609108	     -0.98789734	    -11.13752768	    -26.43334541	    -27.94190973	      1.68532718	      0.00000000	    -40.10853198	      2.30249463	      0.35466347
      3.20000000	     23.07017288	     -8.91887939	     -6.92118418	     19.36993416	      0.86234461	      0.02262908	     36.23693430	     20.87821107	     -4.73490862	    -94.15980866	      1.98621971	     -9.41620830	      0.00000000	    -53.49714801	      1.79641615	    -10.93173686	    -28.84174511	    -41.95513596	      8.06059783	      0.00000000	    -39.82280652	      2.82789480	      0.06557453
      3.21666700	     23.15926225	     -9.61522355	     -9.52075040	     19.49211433	      0.87350183	      0.02254754	     32.83530707	     22.37579684	     -1.67803546	    -78.31054349	      2.57578712	     -3.51112728	      0.00000000	    -51.28362792	      3.02064641	    -13.17668063	    -43.38358921	    -44.28313717	     22.26312532	      0.00000000	    -41.69030641	      3.25479849	     -0.74175681
      3.23333300	     22.57119358	     -9.83932783	    -10.65556210	     19.60985038	      0.88383184	      0.02065149	     27.03611570	     22.57420964	     -0.42979817	    -60.46057761	      4.77755074	      6.36026020	      0.00000000	    -45.52576280	      2.14054654	    -15.96315123	    -64.60491201	    -44.73940176	     36.16789147	      0.00000000	    -43.62255146	      3.91974563	     -2.09039589
      3.25000000	     22.54580047	     -9.95885908	    -10.98611546	     19.73038057	      0.89221261	      0.01893072	     19.82969536	     22.23623196	     -0.23354968	    -45.64197401	      2.46505926	     12.07979157	      0.00000000	    -40.41114415	      0.39635611	    -17.89050132	    -83.76482375	    -43.71728459	     40.47639929	      0.00000000	    -45.45660267	      4.81082636	     -2.63350967
      3.26666700	     22.80952120	     -9.52684951	    -11.75366864	     19.85708223	      0.89518644	      0.01903016	     12.20292004	     21.60077419	      1.99621372	    -36.02316916	     -2.55438955	      9.60771546	      0.00000000	    -35.96010055	     -0.63113607	    -19.59272248	    -98.99510545	    -40.42325073	     37.54130404	      0.00000000	    -46.00839809	      5.14339766	     -1.21125240
      3.28333300	     23.63895665	     -8.47959106	    -11.44084949	     19.98773443	      0.89592928	      0.01875716	      3.60220801	     19.53173074	      2.84564044	    -29.43397874	     -6.67474813	      4.43909931	      0.00000000	    -31.46564638	     -1.90998871	    -20.41517473	   -112.64304585	    -34.52280684	     32.00730658	      0.00000000	    -46.18804770	      5.56807165	      0.40110358
      3.30000000	     24.24219437	     -7.44060812	    -11.68257818	     20.11781432	      0.89401840	      0.01981826	     -4.68027179	     17.32309571	      2.99460484	    -25.87414344	     -4.82307312	      1.81790540	      0.00000000	    -26.08090972	     -2.84807763	    -21.80125293	   -123.79692986	    -28.83353213	     24.10000860	      0.00000000	    -46.09149842	      5.35787461	      2.85939698
      3.31666700	     24.07886949	     -6.37475290	    -12.70179885	     20.24453235	      0.88690271	      0.02317815	    -12.18967932	     15.16930905	      3.11687221	    -25.93331643	      6.38386552	      2.65785704	      0.00000000	    -18.63594263	     -3.38580090	    -22.73122885	   -132.77368203	    -23.56957897	     19.62776711	      0.00000000	    -45.51866742	      4.38165815	      4.73071015
      3.33333300	     23.00733150	     -5.10334832	    -13.20883805	     20.37184945	      0.87435003	      0.02647824	    -18.51563748	     12.80231021	      2.55125349	    -29.05393560	     19.89386546	      4.89655169	      0.00000000	     -8.57494156	     -3.73363399	    -22.19398688	   -139.45225792	    -18.87177583	     17.60751725	      0.00000000	    -43.82362220	      3.37529803	      6.56417735
      3.35000000	     21.64930502	     -3.75180522	    -12.60828549	     20.49930789	      0.86445906	      0.02848041	    -23.91568174	     10.62161810	      2.20194200	    -31.26766811	     23.72034974	      3.78307824	      0.00000000	      2.87121471	     -3.51482950	    -19.48377709	   -141.85820284	    -12.74058094	     18.38647515	      0.00000000	    -41.65951581	      2.67913742	      8.50044619
      3.36666700	     21.19507471	     -2.10442646	     -9.28716803	     20.63292787	      0.86317803	      0.02495644	    -30.97819155	      7.93214999	     -1.95768099	    -28.77054546	     11.67956512	      3.88338274	      0.00000000	     14.12587354	     -0.78941686	    -13.31014965	   -137.44090787	     -3.45417415	     14.81405935	      0.00000000	    -39.67201678	      2.61962389	     10.02026688
      3.38333300	     20.91453403	     -0.29919093	     -5.29791017	     20.76796751	      0.86753765	      0.01955945	    -38.35853558	      5.89098683	     -6.87590432	    -25.52554214	     -6.82239244	      9.75598485	      0.00000000	     24.39307238	      3.78145105	     -6.17789561	   -126.53993337	     -3.42786887	      6.37258448	      0.00000000	    -37.83318275	      2.25562023	     11.48849775
      3.40000000	     20.52073610	      1.48397074	     -1.53980985	     20.89972082	      0.87003962	      0.01556035	    -43.15333136	      5.85570183	     -9.05629831	    -26.58338023	    -21.20447513	     15.98235394	      0.00000000	     31.45111141	      7.59598708	     -0.78036839	   -113.59718001	    -10.96644481	     -0.59589850	      0.00000000	    -36.55213228	      1.44553462	     12.37146208
      3.41666700	     20.57796329	      3.65747130	      2.08674380	     21.02766266	      0.87175080	      0.01067074	    -44.63919662	      7.63775887	     -7.85770951	    -34.71599315	    -27.24874867	     18.08316667	      0.00000000	     34.11193592	      9.93367339	      1.58483399	    -98.85315284	    -10.40795555	     -7.16219242	      0.00000000	    -36.62613376	      0.73161535	     12.14387250
      3.43333300	     20.81905323	      6.28701148	      5.12862725	     21.15297713	      0.87426907	      0.00737889	    -43.45555817	      9.77967527	     -6.27727285	    -47.78880801	    -31.95311313	     22.69226835	      0.00000000	     33.49260032	     11.49608017	      2.39141239	    -81.67753142	     -5.18933365	     -7.05453427	      0.00000000	    -37.62546464	     -0.51112185	     11.41881840
      3.45000000	     20.31556048	      7.58136200	      7.68114405	     21.27806698	      0.87476599	      0.00550583	    -40.37901929	     11.06038089	     -7.72691290	    -61.29329329	    -36.20894123	     28.66440449	      0.00000000	     31.19420457	     12.04214772	      2.61794939	    -65.94419682	     -5.32989941	     -1.88800889	      0.00000000	    -38.12733786	     -0.90560824	     10.98819360
      3.46666700	     20.11560258	      7.83746028	      9.04683079	     21.40385822	      0.87583357	      0.00836235	    -36.84606150	     10.40443364	    -11.28514769	    -75.14973946	    -36.86748987	     31.25770780	      0.00000000	     24.98253500	     13.29955240	      4.07939161	    -51.50176065	     -8.74339900	      2.73159765	      0.00000000	    -39.40235377	     -1.62035110	     10.54330164
      3.48333300	     20.34098345	      6.91625178	      8.94441584	     21.52891671	      0.87663424	      0.01314470	    -32.54085504	      8.28801360	    -15.02487095	    -90.35266182	    -35.42209485	     28.66149999	      0.00000000	     15.74898130	     13.83311681	      6.29891413	    -37.33134939	    -10.08829408	      6.29773030	      0.00000000	    -41.23115433	     -2.02728596	     11.18042243
      3.50000000	     21.30637741	      5.72742778	      9.22244484	     21.65716035	      0.87533823	      0.01735282	    -28.39404783	      7.09918753	    -18.55505445	   -103.57123667	    -33.14760444	     22.16756217	      0.00000000	      6.71094212	     13.35954651	      8.93136471	    -27.87825196	     -7.72698127	      7.45034979	      0.00000000	    -42.78695057	     -1.75740996	     10.72121253
      3.51666700	     23.80583312	      5.26571307	      9.24742730	     21.79088788	      0.87310290	      0.02107090	    -24.79759055	      6.08227581	    -21.89537463	   -114.99486887	    -29.82247538	     15.54107528	      0.00000000	     -1.47647402	     12.19137433	      8.50559809	    -26.56729298	      2.18003369	      7.07070234	      0.00000000	    -44.47771842	     -1.85197735	     11.02388225
      3.53333300	     25.83194263	      4.80435992	      9.53168342	     21.92554705	      0.86849307	      0.02426563	    -19.11958521	      5.51770264	    -25.40492606	   -125.13160780	    -24.51664132	     10.48227278	      0.00000000	     -7.71210670	     10.37965172	      6.45641176	    -30.95959310	     15.93381086	      7.12234263	      0.00000000	    -45.03409954	     -1.80133836	     10.57610210
      3.55000000	     27.67047574	      4.00928752	      9.26380736	     22.05903258	      0.86334917	      0.02727360	    -12.37515006	      5.43488059	    -27.11174125	   -132.01968897	    -18.07314163	      7.65005537	      0.00000000	    -14.27847832	      7.72696646	      3.60751279	    -35.13284428	     26.48352382	      8.56236803	      0.00000000	    -45.39297546	     -1.35176795	      9.82480647
      3.56666700	     28.66759158	      3.09725530	      9.55512046	     22.19107056	      0.85685093	      0.02923500	     -4.48794729	      6.17381185	    -26.38982474	   -134.31403794	    -12.22227428	      7.74988882	      0.00000000	    -22.46230674	      3.98535149	      0.41754022	    -36.33908538	     32.92534103	     13.45161458	      0.00000000	    -45.31728514	     -0.21075249	      7.52237851
      3.58333300	     28.20380833	      1.87872489	      9.47139990	     22.32149591	      0.84710774	      0.03249947	      6.05391402	      7.29966871	    -23.97477788	   -133.62480519	     -8.22248013	      7.26690974	      0.00000000	    -29.98431143	      0.29033763	     -2.89780293	    -36.64971613	     34.01874930	     16.90046154	      0.00000000	    -43.84811451	      1.09851128	      4.68334973
      3.60000000	     28.21542778	      0.19087006	      8.43456418	     22.45468868	      0.84018261	      0.03685933	     14.99863168	      9.06377574	    -20.48392362	   -129.34200877	     -4.68539475	      6.61355950	      0.00000000	    -37.52657463	     -2.17821418	     -4.80904579	    -35.61491452	     27.46848533	     15.76515580	      0.00000000	    -42.59975952	      2.54994611	      1.86186202
      3.61666700	     27.86128438	     -2.05840503	      3.73028190	     22.59271890	      0.83888684	      0.04578127	     22.66331679	     12.18730141	    -14.31106320	   -120.23112519	     -2.31784031	     -0.34300634	      0.00000000	    -44.28329063	     -1.56512653	     -6.92218493	    -31.57371667	      6.33114608	     10.35529546	      0.00000000	    -40.90438501	      2.74440247	      1.08340755
      3.63333300	     27.47270162	     -5.12502092	     -2.48849390	     22.73125805	      0.84304201	      0.05641586	     28.42065222	     16.77801373	     -7.06121728	   -107.60856104	     -0.26435985	     -8.13460521	      0.00000000	    -50.26504183	      0.12782334	     -9.85964657	    -27.36948827	    -19.58940714	     10.91755693	      0.00000000	    -39.59689740	      3.33035509	      0.63859548
      3.65000000	     26.82665533	     -7.50080175	     -8.21984749	     22.86491775	      0.84742865	      0.06537061	     30.73500313	     20.71861969	     -0.95078416	    -93.72665625	      1.37434820	    -11.31136121	      0.00000000	    -52.82286860	      2.49622981	    -12.86563622	    -29.58585094	    -36.18969463	     18.08781729	      0.00000000	    -39.10868118	      3.88080159	      0.54870216
      3.66666700	     26.80981445	     -8.73931501	    -11.17853630	     22.99130967	      0.85411987	      0.06901256	     27.55630216	     22.10766761	      2.19587853	    -78.21849507	      1.73761056	     -6.05334927	      0.00000000	    -51.07082262	      3.69445054	    -15.02629642	    -42.85735649	    -40.58153497	     27.66201573	      0.00000000	    -40.37650469	      4.44726014	     -0.62428112
      3.68333300	     26.56187841	     -9.81116050	    -12.82340989	     23.11261981	      0.86032069	      0.07052837	     21.68176300	     22.38163630	      3.28757867	    -61.23212415	      4.48579919	      3.81994697	      0.00000000	    -46.00923007	      3.34637697	    -17.28800041	    -62.66603650	    -41.09274872	     34.99353654	      0.00000000	    -42.26764792	      5.37791251	     -1.88798327
      3.70000000	     26.22975796	    -10.46957304	    -13.97788238	     23.23673392	      0.86400442	      0.07256577	     14.96474450	     22.16825392	      3.78069525	    -46.79045225	      4.41055900	      9.40100980	      0.00000000	    -40.86635804	      2.06957783	    -19.53074064	    -80.73229041	    -39.73832659	     36.05675920	      0.00000000	    -43.58110041	      6.18462796	     -1.91691522
      3.71666700	     27.14433442	    -10.19942684	    -14.35235135	     23.36469728	      0.86513986	      0.07560546	      6.72097348	     20.99106605	      5.30429970	    -36.47580186	      3.56474737	      5.82607053	      0.00000000	    -36.75054839	      0.91463430	    -20.47649389	    -95.42574181	    -36.64243751	     32.96604271	      0.00000000	    -45.07865693	      6.45696241	     -1.19739264
      3.73333300	     26.91824573	     -8.65228751	    -14.97759336	     23.49523942	      0.86195484	      0.07768104	     -0.39305919	     18.37373291	      7.10659021	    -29.41483309	      5.66380430	     -0.47834522	      0.00000000	    -30.24580357	      0.11462367	    -22.11621259	   -109.49659919	    -30.63701547	     25.12720890	      0.00000000	    -44.69413932	      6.08436400	      0.65386193
      3.75000000	     27.68970732	     -7.63764924	    -15.31603798	     23.62508303	      0.85807057	      0.08115027	     -8.14414568	     15.79248425	      6.97344164	    -25.65355669	     11.40982893	     -3.69057116	      0.00000000	    -24.56396012	     -0.73583143	    -23.33849583	   -120.56410735	    -24.32594607	     17.94550441	      0.00000000	    -45.50661865	      5.62062186	      2.64942511
      3.76666700	     27.05008923	     -6.85920912	    -15.92616989	     23.75215568	      0.85024663	      0.08697723	    -12.69541924	     13.57383710	      4.18201152	    -28.89014930	     21.88234947	     -1.54240723	      0.00000000	    -15.96741417	     -1.87203046	    -23.81813285	   -129.37464725	    -18.09667493	     14.71846239	      0.00000000	    -45.22401618	      4.92021542	      4.72399243
      3.78333300	     25.32134625	     -6.11275844	    -16.44783260	     23.87887610	      0.83796665	      0.09364838	    -15.31904855	     11.81507729	      2.52175805	    -36.75949431	     31.90949983	     -0.97213924	      0.00000000	     -4.76692811	     -3.25672864	    -23.05717494	   -135.85713492	    -11.89317652	     14.74302696	      0.00000000	    -43.92998108	      4.21531084	      7.05576134
      3.80000000	     23.97965633	     -5.17373035	    -15.36675348	     24.00810131	      0.82908781	      0.09836366	    -18.87934997	     10.03950886	      1.21273471	    -42.61282246	     33.70099901	     -2.59649607	      0.00000000	      7.12479214	     -3.72149104	    -19.61197042	   -138.58380302	     -4.54307296	     17.42332558	      0.00000000	    -42.33666586	      3.86602074	      8.69927967
      3.81666700	     23.70414726	     -3.62341545	    -12.23312092	     24.14446521	      0.82983473	      0.09782023	    -25.38126071	      6.97833597	     -2.35136567	    -42.67146695	     26.44994460	      0.19948945	      0.00000000	     18.95297609	     -1.20251033	    -13.94651142	   -135.57299417	      5.49610695	     17.99584501	      0.00000000	    -40.52863021	      3.59901766	      9.99689552
      3.83333300	     24.46345384	     -1.69492283	     -7.98234290	     24.28444322	      0.83635630	      0.09427865	    -34.35871627	      4.04776037	     -7.55519982	    -39.75055258	     11.10058989	      8.37185359	      0.00000000	     29.29729848	      3.68177550	     -7.72005749	   -127.00671563	      7.87313650	     14.87082929	      0.00000000	    -39.13671341	      3.05539752	     10.60228334
      3.85000000	     24.63619469	      0.02856765	     -4.54266139	     24.42122894	      0.84108487	      0.09138809	    -40.87003521	      3.34220523	     -9.73556757	    -38.89645324	     -3.57399276	     14.70022019	      0.00000000	     36.95252600	      7.12471107	     -4.15359260	   -115.88493088	      3.51374651	     10.19412367	      0.00000000	    -38.01412362	      2.29712698	     11.62237438
      3.86666700	     24.98697488	      2.16371052	     -1.20185185	     24.55287819	      0.84459734	      0.08752222	    -44.39164437	      5.35748381	     -7.18988165	    -42.36459902	    -13.92850026	     15.56858707	      0.00000000	     40.46519645	      9.50563556	     -2.80029143	   -102.43276492	      7.13220872	      7.00677049	      0.00000000	    -37.95786317	      1.63875552	     10.94389954
      3.88333300	     24.58337937	      4.67692683	      1.82629991	     24.68289586	      0.84787008	      0.08361979	    -44.64219890	      8.08306365	     -3.65580252	    -49.57792011	    -21.68853057	     19.15961860	      0.00000000	     41.59965267	     11.21479072	     -2.77089365	    -86.30605481	     12.39663103	      8.20650738	      0.00000000	    -37.59659796	      0.56698445	      9.44926954
      3.90000000	     24.36948760	      6.46015185	      4.28311484	     24.81087710	      0.85255148	      0.08257645	    -43.36946337	      9.21079166	     -3.93020146	    -58.79018175	    -26.92188540	     27.28920625	      0.00000000	     39.48726687	     12.77028248	     -2.93636348	    -71.31790185	     11.03944318	     11.95031563	      0.00000000	    -38.11324350	     -0.42017127	      8.70856985
      3.91666700	     23.88670960	      6.35163113	      5.83798197	     24.93809308	      0.85827866	      0.08516973	    -40.21168178	      7.91036342	     -8.06942983	    -70.72042557	    -29.40132266	     34.29145835	      0.00000000	     33.94624286	     14.53143658	     -1.34602129	    -57.81917262	      6.98663875	     14.31121690	      0.00000000	    -39.07286385	     -0.67333829	      8.63151504
      3.93333300	     23.67151097	      5.28640352	      6.85673108	     25.06521691	      0.86428853	      0.09009813	    -36.07460957	      5.17786666	    -13.39700778	    -84.39102646	    -31.16302869	     35.09537704	      0.00000000	     25.20370272	     15.94515282	      1.84118481	    -44.86003690	      4.92337040	     14.93368000	      0.00000000	    -40.46999748	     -0.81741462	      9.26807851
      3.95000000	     24.18499585	      4.25225374	      7.50570090	     25.19519227	      0.86643799	      0.09539607	    -31.89830441	      2.86829522	    -17.23980508	    -97.07159292	    -31.14028854	     31.11557629	      0.00000000	     15.96087318	     16.61376149	      5.44304761	    -36.00527767	      6.12290281	     13.17762269	      0.00000000	    -41.79075391	     -0.80758781	      9.62428913
      3.96666700	     25.67115262	      3.70956283	      7.98060017	     25.33017727	      0.86318934	      0.10085244	    -27.55819817	      1.61151162	    -20.05373566	   -108.44270739	    -27.37392832	     26.41997250	      0.00000000	      6.79927337	     16.01077891	      6.47836181	    -33.54157314	     13.13451649	     10.60978516	      0.00000000	    -42.61617659	     -1.19599407	      9.43863321
      3.98333300	     27.68294657	      3.05838794	      8.63585768	     25.46810358	      0.85592646	      0.10629580	    -22.54810077	      1.39982811	    -22.65077328	   -118.65021761	    -20.54536714	     23.92009361	      0.00000000	     -2.36621867	     14.16510748	      5.80935777	    -35.64710933	     22.21692047	      8.27653095	      0.00000000	    -43.16884939	     -1.33949244	      8.59502126
      4.00000000	     29.49530859	      2.21371026	      8.98411112	     25.60500481	      0.85000418	      0.11158896	    -16.61726003	      2.07733861	    -23.91642845	   -125.75524239	    -13.15289491	     21.92438920	      0.00000000	    -11.09896691	     11.18211648	      3.75689902	    -38.10973212	     29.06904171	      8.96169100	      0.00000000	    -43.53446555	     -1.05697630	      7.66360879
      4.01666700	     30.64790607	      1.72140813	     10.07596688	     25.73999919	      0.84786423	      0.11342432	     -9.51515404	      3.18595885	    -23.81834743	   -129.05730417	     -6.96550621	     18.74863360	      0.00000000	    -19.50009104	      7.68567211	      1.26118325	    -40.25170100	     33.98064645	     12.70302801	      0.00000000	    -43.58023740	     -0.07315424	      5.47451952
      4.03333300	     30.51472665	      0.97345049	     10.96142563	     25.87442702	      0.84522711	      0.11355628	     -0.02272474	      4.73718875	    -21.95183093	   -129.52928644	     -3.10251499	     15.59503169	      0.00000000	    -26.80069551	      3.98691920	     -1.02282449	    -42.21191233	     35.22148135	     15.62147765	      0.00000000	    -42.37471716	      1.26317033	      3.28077766
      4.05000000	     30.40450826	      0.15701401	     10.11086788	     26.01076441	      0.84381589	      0.11695838	      8.91698337	      6.25936989	    -18.51177897	   -127.00521035	      1.13170739	     12.12252666	      0.00000000	    -33.92600734	      1.80444192	     -2.46734344	    -42.29948306	     28.86944083	     15.43922989	      0.00000000	    -41.23380055	      1.89181752	      1.03024429
      4.06666700	     30.80853993	     -2.16647167	      5.84687871	     26.14901912	      0.84739115	      0.12454057	     17.19663006	     10.20848212	    -12.16776688	   -120.49334370	      6.48252174	      4.27296869	      0.00000000	    -42.51735425	      0.95803745	     -5.75544642	    -36.13568701	      8.57514282	     12.70006627	      0.00000000	    -40.55933222	      2.26715624	     -0.37826559
      4.08333300	     30.28475015	     -5.33577058	     -0.21997994	     26.28804545	      0.85248251	      0.13503807	     24.78417987	     15.77551484	     -4.71342379	   -109.91995663	      6.00664847	     -5.68187412	      0.00000000	    -50.24586351	      1.23347084	    -11.75275012	    -28.56217379	    -16.20346701	     19.65017003	      0.00000000	    -39.32208003	      2.77735381	     -1.36526632
      4.10000000	     30.10310214	     -7.78068348	     -4.97231891	     26.42165067	      0.85883949	      0.14192289	     27.81882152	     19.89581719	      0.82604668	    -96.72568917	      0.94827112	    -10.72129436	      0.00000000	    -55.07621392	      2.43153995	    -15.81934417	    -27.63316696	    -34.57351739	     29.56445708	      0.00000000	    -39.44446510	      3.50269546	     -2.68222272
      4.11666700	     29.56930252	     -8.86337288	     -7.29521428	     26.54856613	      0.86511980	      0.14495244	     26.74113441	     21.15924592	      3.53984926	    -80.59901643	      2.25361459	     -6.14645363	      0.00000000	    -53.72938477	      3.20905583	    -15.53162508	    -39.52275932	    -40.78519368	     37.83963805	      0.00000000	    -40.06505662	      4.00461195	     -3.39219048
      4.13333300	     29.38066080	     -9.81808891	     -8.48891282	     26.67085809	      0.87113829	      0.14614209	     21.96549305	     21.44524369	      4.74080376	    -61.84799271	      5.70866842	      3.86240777	      0.00000000	    -49.52525478	      3.35423203	    -14.56043529	    -58.39294623	    -41.93075434	     43.72233854	      0.00000000	    -41.63218698	      4.70686763	     -3.49664152
      4.15000000	     28.89457902	    -10.06078817	     -9.31621520	     26.79532528	      0.87589357	      0.14694257	     16.27719334	     20.89562444	      4.81161949	    -46.00211559	      3.85866109	      8.37030152	      0.00000000	    -44.79070892	      2.98970128	    -14.64625384	    -75.72667079	    -41.50980945	     43.13356597	      0.00000000	    -42.62604553	      5.07544700	     -3.09471320
      4.16666700	     28.59770576	     -9.96101083	     -9.99906078	     26.92480601	      0.87863326	      0.14906464	      9.64555029	     20.68431438	      6.09060648	    -35.43620569	     -1.06690237	      4.09165248	      0.00000000	    -40.63118284	      1.79599600	    -16.02888802	    -90.00395376	    -38.32440125	     39.12000782	      0.00000000	    -43.02408498	      5.50953930	     -2.15446749
      4.18333300	     29.19208555	     -9.19061479	    -10.53721433	     27.05577883	      0.88052640	      0.14984690	      0.99522583	     19.28045754	      7.55221431	    -27.79250025	     -3.52089710	     -2.55350456	      0.00000000	    -36.57360884	      0.98515977	    -17.83891966	   -103.29670179	    -32.79255526	     31.52548097	      0.00000000	    -44.02715729	      5.30122240	     -0.55125667
      4.20000000	     29.52916108	     -8.45765068	    -10.89218074	     27.18645448	      0.87965983	      0.15065743	     -7.04961531	     17.64828827	      7.86798242	    -23.56172871	     -0.93126038	     -6.53413987	      0.00000000	    -31.41049525	     -0.09536738	    -19.38748130	   -115.03251718	    -26.93487034	     23.96074027	      0.00000000	    -44.46659578	      5.19953712	      1.18320956
      4.21666700	     29.80475257	     -7.62088358	    -11.80077295	     27.31719887	      0.87481261	      0.15410426	    -14.94044856	     15.40892131	      7.07887337	    -23.78203770	     11.27741553	     -3.84182320	      0.00000000	    -24.81470317	     -1.13379969	    -20.58215229	   -125.40064671	    -21.78144121	     19.48602559	      0.00000000	    -44.71896839	      4.48894731	      2.50637735
      4.23333300	     28.78585184	     -6.31928866	    -12.38054129	     27.44618177	      0.86527810	      0.15698735	    -20.75115421	     12.81087621	      5.80202965	    -27.84987009	     24.28563250	     -1.11702526	      0.00000000	    -14.65407928	     -2.16170766	    -20.90907596	   -134.58778192	    -15.78373720	     18.29567909	      0.00000000	    -43.57405951	      3.82974907	      3.72906832
      4.25000000	     26.58992911	     -4.90320859	    -11.92153128	     27.57563799	      0.85618530	      0.15805252	    -24.39309955	     10.43644796	      3.67392462	    -31.99976662	     29.93109168	      0.94224291	      0.00000000	     -2.24638015	     -2.81373593	    -19.31396920	   -140.01495178	     -8.52335326	     19.84233118	      0.00000000	    -41.04769195	      3.50163419	      4.93356536
      4.26666700	     25.71483741	     -3.07715653	    -10.07132401	     27.70869362	      0.85473981	      0.15571719	    -30.28600165	      7.13546918	     -0.81722334	    -32.31912112	     26.24263697	      5.42570383	      0.00000000	      9.33232374	     -0.77210403	    -15.19719742	   -139.06005540	     -0.38039952	     22.57693015	      0.00000000	    -39.25915272	      2.66903682	      6.19402403
      4.28333300	     24.71719217	     -1.74969266	     -7.43708438	     27.84114737	      0.85590038	      0.15278568	    -35.92977586	      5.30899520	     -4.78222833	    -32.27096799	     15.29040303	     10.31089348	      0.00000000	     20.83972852	      2.05063753	    -10.11917377	   -133.33437248	      3.07544524	     21.23240228	      0.00000000	    -37.51513649	      2.22027676	      7.94714674
      4.30000000	     24.61558790	     -0.03853305	     -4.45801200	     27.97424249	      0.85806596	      0.14860769	    -41.35250729	      4.56792439	     -7.48633987	    -33.39792653	      3.53980985	     13.98951829	      0.00000000	     29.19736612	      5.56337672	     -6.44572866	   -124.47083963	      2.90798029	     16.66758037	      0.00000000	    -36.85762309	      1.49031571	      9.24307637
      4.31666700	     24.79771089	      2.10851761	     -0.95553381	     28.10669061	      0.86098291	      0.14256985	    -44.72425478	      6.24503993	     -6.07335953	    -37.03017444	     -9.23221836	     11.70125505	      0.00000000	     34.63898079	      8.24019159	     -3.86787665	   -112.55777213	      8.71305449	      9.16271053	      0.00000000	    -36.81581938	      1.10575162	     10.90152767
      4.33333300	     24.76535147	      5.45881018	      3.69859272	     28.23826480	      0.86557740	      0.13463710	    -46.02453518	      8.53438351	     -5.72267974	    -43.09592662	    -19.67262404	     14.48736392	      0.00000000	     37.82295205	     12.11386262	     -1.44269903	    -96.83509527	     12.41851745	      3.03910095	      0.00000000	    -37.01651434	      0.24194682	     10.92312284
      4.35000000	     24.43732907	      7.42153338	      7.07300414	     28.36780807	      0.87091214	      0.13114620	    -45.14057628	     10.03394302	     -6.96216942	    -52.14351204	    -26.69368066	     21.58479724	      0.00000000	     37.25030770	     14.77611947	      0.70002889	    -81.00440519	      9.28175135	      3.76927667	      0.00000000	    -37.55544761	     -0.29509352	     11.63390939
      4.36666700	     23.82195619	      7.48540650	      9.01575365	     28.49267598	      0.87776007	      0.13271301	    -42.08331612	      9.65136295	    -10.75987122	    -65.06686719	    -29.35953497	     29.08780846	      0.00000000	     31.88694217	     16.40456150	      2.85718586	    -65.16948315	      7.40848656	     11.27782756	      0.00000000	    -39.01539937	     -0.49871386	     11.81591286
      4.38333300	     23.29213097	      6.86398445	      9.79645072	     28.61709219	      0.88512976	      0.13580873	    -37.74070889	      7.70181553	    -14.67306605	    -80.56145226	    -31.97059021	     32.17795361	      0.00000000	     22.87092622	     17.77390007	      5.46647348	    -48.25594736	      7.30892283	     19.33099308	      0.00000000	    -40.83242334	     -0.90358713	     11.82815291
      4.40000000	     23.77542507	      6.53316156	     10.19960489	     28.74527883	      0.88833341	      0.13934762	    -34.21534912	      5.62653406	    -17.91815167	    -94.50465050	    -32.62626539	     29.85987427	      0.00000000	     12.51881585	     18.48657382	      8.67355949	    -34.25507383	      6.56864269	     21.60479906	      0.00000000	    -42.75763711	     -1.49070906	     11.30635423
      4.41666700	     25.09493265	      6.17941262	     10.17316066	     28.87991232	      0.88517619	      0.14146843	    -30.65391286	      4.26032341	    -20.05372228	   -106.82932709	    -29.32438201	     26.84412034	      0.00000000	      3.41148078	     17.29692367	      8.17081429	    -27.18823170	      6.88993756	     18.20676643	      0.00000000	    -43.82841609	     -1.99335152	     10.82776717
      4.43333300	     27.27847691	      5.69943020	     10.27002626	     29.01820544	      0.87835964	      0.14221951	    -26.87379271	      3.87696572	    -22.09848513	   -117.84913254	    -23.17245354	     23.92593709	      0.00000000	     -6.12953609	     14.94598160	      5.29697138	    -24.11759010	      9.54124155	     14.26840729	      0.00000000	    -44.68626928	     -1.97350299	      9.86678640
      4.45000000	     28.86206569	      4.78025780	     10.35173410	     29.15599110	      0.87096922	      0.14265087	    -21.77717525	      3.84663029	    -23.29682530	   -126.29634852	    -16.51169906	     21.88826619	      0.00000000	    -14.48813293	     12.07449424	      1.27521104	    -23.77373934	     15.06843158	     13.45849942	      0.00000000	    -45.05269281	     -1.40641634	      8.41097839
      4.46666700	     29.63086560	      4.05076268	     11.40468893	     29.29272727	      0.86449586	      0.14344654	    -15.12116734	      4.55207347	    -23.93764777	   -131.11422600	    -10.49964994	     19.79899900	      0.00000000	    -21.60541299	      9.04490890	     -0.92161598	    -27.28547739	     24.78481549	     16.74916275	      0.00000000	    -44.84903277	     -0.31298743	      6.98921929
      4.48333300	     29.86606535	      3.30426414	     12.70531793	     29.42888451	      0.85684183	      0.14385235	     -7.08054787	      5.27829531	    -23.69948197	   -132.91721064	     -5.79384895	     18.22554807	      0.00000000	    -27.76069785	      5.72832819	     -0.98768174	    -33.47464634	     32.23753979	     18.27415943	      0.00000000	    -44.31386426	      1.04664705	      4.70112734
      4.50000000	     29.84825807	      1.76043054	     11.98620382	     29.56742216	      0.85143706	      0.14701767	      1.76705037	      6.67908531	    -21.49708451	   -131.64072940	     -0.48402872	     15.29025321	      0.00000000	    -33.88419668	      2.85720086	     -1.33879722	    -36.38687387	     30.84655465	     17.18753233	      0.00000000	    -43.06443476	      2.15451604	      2.95039795
      4.51666700	     30.44467097	     -0.47833703	      7.75821520	     29.71037250	      0.85389374	      0.15397459	      9.91617089	      9.26640957	    -15.22825906	   -125.81952278	      7.09049129	      7.20877707	      0.00000000	    -42.16911775	      1.32677823	     -5.87217796	    -31.60734583	     15.10717575	     15.02316476	      0.00000000	    -42.04026717	      2.38343146	      0.96143139
      4.53333300	     30.54026647	     -3.70609613	      1.25616742	     29.85411933	      0.85957824	      0.16375524	     17.57206210	     13.79278053	     -6.29511683	   -115.45396185	      5.63283549	     -3.92646194	      0.00000000	    -50.80182378	      1.01182540	    -15.64417180	    -24.05370904	     -9.62395439	     22.95661948	      0.00000000	    -40.44558732	      2.70044901	     -0.32695131
      4.55000000	     30.03425467	     -6.09992640	     -3.62165809	     29.99248103	      0.86344454	      0.17080021	     22.22058764	     17.25926973	      0.30509477	   -102.52830332	      0.09999981	     -8.85940992	      0.00000000	    -55.81139364	      1.85900903	    -21.62166059	    -23.34400355	    -31.07203061	     32.71833355	      0.00000000	    -39.43738612	      3.30645027	     -2.16322109
      4.56666700	     29.44755389	     -7.18982002	     -5.97549525	     30.12416648	      0.86706135	      0.17430530	     22.73117131	     18.43196676	      3.45085029	    -86.31944755	      1.99266778	     -7.00709806	      0.00000000	    -55.13634880	      2.80984268	    -18.86806402	    -34.82548159	    -38.38507823	     38.37876835	      0.00000000	    -39.52139566	      3.74578734	     -3.34028908
      4.58333300	     29.34107644	     -8.28561139	     -6.95831419	     30.24947743	      0.86999602	      0.17663238	     19.63304111	     19.04217992	      4.10071902	    -66.76197288	      5.44158756	     -3.10483745	      0.00000000	    -51.81948105	      3.00516025	    -15.54555863	    -53.22407158	    -42.84382928	     45.37001565	      0.00000000	    -40.99211409	      4.44817223	     -3.96634499
      4.60000000	     28.53139863	     -8.50143066	     -8.22371641	     30.37641749	      0.87096833	      0.17903155	     15.48688581	     18.92057171	      4.60897321	    -49.75205832	      2.81928622	     -1.04347187	      0.00000000	    -47.49500211	      3.30623428	    -14.54886011	    -70.41637673	    -45.07413835	     47.08781427	      0.00000000	    -41.50876443	      4.46827842	     -4.26526330
      4.61666700	     28.22701742	     -8.41318635	     -9.33834760	     30.50546835	      0.87163183	      0.17937840	      8.64998166	     18.66211219	      6.04703563	    -35.85799366	     -2.18939061	     -3.92907628	      0.00000000	    -43.73113756	      2.88728029	    -15.82042124	    -85.34762652	    -43.22492797	     44.68022782	      0.00000000	    -42.34872092	      4.50705751	     -3.54653213
      4.63333300	     28.51915910	     -8.31185195	    -10.46812005	     30.63548220	      0.87181898	      0.17874539	     -0.62712718	     17.81159248	      7.30668417	    -23.76887108	     -4.30494949	     -6.02265444	      0.00000000	    -40.09698404	      2.16335327	    -18.34232246	    -99.64844088	    -38.61177797	     38.65102584	      0.00000000	    -43.76353232	      4.63549280	     -2.41786147
      4.65000000	     29.12404391	     -7.91451561	    -10.93459173	     30.76569208	      0.87001777	      0.17890777	     -9.99435102	     16.35938272	      6.27457069	    -15.64907987	     -0.99023569	     -5.33500691	      0.00000000	    -35.81899734	      0.87226682	    -20.32008544	   -112.69377332	    -32.94648287	     29.84017519	      0.00000000	    -44.98265239	      4.56139565	     -1.30422537
      4.66666700	     28.79829720	     -7.09228749	    -12.13990718	     30.89604859	      0.86490820	      0.18086411	    -16.90471035	     14.59951685	      6.08214108	    -15.86866316	     11.10014463	     -3.33223413	      0.00000000	    -28.97125241	     -0.57684977	    -22.22064535	   -124.65046766	    -27.75977021	     24.04833260	      0.00000000	    -44.55439558	      3.97047730	      0.27548927
      4.68333300	     28.52883718	     -6.12322705	    -13.04959147	     31.02632503	      0.85711209	      0.18413869	    -22.99839814	     12.61878915	      6.02635318	    -21.79074181	     24.71489049	     -3.54142015	      0.00000000	    -20.56551479	     -2.43433973	    -23.32036705	   -135.10117208	    -22.07895234	     20.83464193	      0.00000000	    -43.62789690	      3.19113343	      2.71703105
      4.70000000	     27.42919246	     -4.65544918	    -12.82282174	     31.15679066	      0.85052998	      0.18489134	    -27.97946076	     10.13727430	      4.70032242	    -26.06968203	     30.70594523	     -4.46271184	      0.00000000	     -9.96799820	     -3.42399947	    -21.90062167	   -141.39283367	    -14.91385437	     23.23281094	      0.00000000	    -41.90542063	      2.60011626	      3.97653676
      4.71666700	     25.87639974	     -2.89299046	    -11.52420746	     31.28704583	      0.84637697	      0.18277563	    -32.78193580	      6.92357894	      1.35784195	    -26.33681579	     27.25264090	     -3.81693246	      0.00000000	      2.39270972	     -2.03659635	    -18.06118606	   -141.71162759	     -5.61514477	     28.94376251	      0.00000000	    -39.68963599	      1.92268302	      5.27995590
      4.73333300	     24.79991855	     -1.23228950	     -9.31672334	     31.41816257	      0.84409283	      0.17968826	    -38.43797067	      4.14462002	     -3.02068218	    -25.47007775	     19.28448818	     -0.24590016	      0.00000000	     14.65978362	      0.87197359	    -13.37940504	   -136.84020555	     -0.98589581	     29.55688388	      0.00000000	    -38.08012992	      1.27444066	      5.93014141
      4.75000000	     24.39549643	      0.05118407	     -6.75578495	     31.55167575	      0.84253879	      0.17686006	    -43.83934562	      3.18593938	     -5.28490227	    -26.14309262	      9.98159106	      2.74197161	      0.00000000	     24.03137962	      3.49215865	     -9.48752646	   -128.64530892	      0.41700557	     26.40169233	      0.00000000	    -37.02394045	      0.82389087	      7.17560516
      4.76666700	     24.06983331	      2.55484171	     -2.89838288	     31.68696044	      0.84590876	      0.17171822	    -46.82431155	      3.62166935	     -5.90985400	    -28.93096417	     -6.85582934	     -1.18659513	      0.00000000	     30.77609605	      6.59825923	     -6.50331883	   -115.23643492	      3.41912598	     17.43029753	      0.00000000	    -36.16032594	      0.08617250	      8.47446069
      4.78333300	     24.13639196	      5.25263640	      1.89014513	     31.82332050	      0.85191939	      0.16457756	    -48.45099514	      5.38359983	     -6.11554901	    -34.81125410	    -22.85250106	      0.45201929	      0.00000000	     34.78983963	     10.31300560	     -2.18961467	    -98.91121885	      5.71634757	      7.72838800	      0.00000000	    -36.01428107	     -0.58227572	      9.49259764
      4.80000000	     24.00827487	      7.23281493	      5.79630522	     31.95607789	      0.85922126	      0.16061778	    -48.25691347	      6.70960797	     -7.76463105	    -43.54337175	    -32.59176209	      9.10679383	      0.00000000	     35.47818884	     13.63551759	      1.63717290	    -82.82604611	      7.86722297	      4.05905470	      0.00000000	    -36.53017872	     -1.22499649	      9.91844938
      4.81666700	     23.80010871	      7.39348844	      7.54982614	     32.08136951	      0.86776104	      0.16183820	    -45.59868023	      6.68067494	    -10.63795735	    -57.53097456	    -35.74072357	     18.69606344	      0.00000000	     31.06192442	     15.55950770	      3.50200890	    -66.77853268	      5.64099353	      9.69108778	      0.00000000	    -38.58331385	     -1.68710009	     10.73592130
      4.83333300	     23.37644470	      6.76840606	      8.25549161	     32.20348134	      0.87645357	      0.16418645	    -41.29359001	      5.68917623	    -13.43748300	    -74.25604788	    -36.76239252	     24.37706959	      0.00000000	     23.57463874	     17.20855737	      5.22488086	    -50.07925115	      6.72370377	     17.12424958	      0.00000000	    -40.95390237	     -2.01635470	     11.24167792
      4.85000000	     23.43227348	      6.06499716	      8.61225713	     32.33072527	      0.88139018	      0.16629850	    -37.17475668	      4.54603070	    -15.62747658	    -89.34498427	    -37.11558514	     26.06068335	      0.00000000	     15.12000948	     18.07916563	      7.28788941	    -36.34334332	      6.28019190	     18.93766825	      0.00000000	    -42.56298828	     -2.33165805	     11.13140200
      4.86666700	     24.39582136	      5.33828202	      8.67052041	     32.46550126	      0.87967954	      0.16733045	    -33.46498654	      3.73454446	    -17.41583607	   -102.43797864	    -34.16558037	     25.71867273	      0.00000000	      6.73366998	     17.28671017	      7.87076581	    -28.00270248	      4.66789844	     13.76083762	      0.00000000	    -43.17752855	     -2.61541586	      9.80670257
      4.88333300	     25.97541753	      4.54019016	      8.25738032	     32.60498700	      0.87435657	      0.16732101	    -29.54091017	      2.97087551	    -19.25980615	   -114.61463726	    -28.14421141	     23.03233180	      0.00000000	     -2.43225133	     15.45784999	      5.77600585	    -22.76186178	      5.23864937	      8.00114549	      0.00000000	    -43.15492574	     -2.90640908	      8.15557547
      4.90000000	     28.23923427	      3.76736912	      8.01172819	     32.74421085	      0.86935583	      0.16721910	    -25.88508009	      2.74713845	    -20.70385709	   -123.83386461	    -22.11725383	     19.90865513	      0.00000000	    -11.87760646	     13.39630928	      2.81098420	    -20.94392485	     10.19557731	      6.40948723	      0.00000000	    -43.98760719	     -2.67908667	      6.59389225
      4.91666700	     29.57564023	      3.09927470	      8.69632444	     32.88103554	      0.86235913	      0.16617145	    -20.53900337	      3.12738249	    -21.90103130	   -130.03326039	    -16.33564133	     17.00921551	      0.00000000	    -19.28371215	     11.44182961	      1.11534562	    -25.34795272	     21.93717395	      9.49035725	      0.00000000	    -44.52871018	     -1.85652526	      5.31298356
      4.93333300	     29.47199249	      2.01883252	     10.30301878	     33.01603292	      0.85325870	      0.16479970	    -12.15144860	      4.23170507	    -23.41953797	   -133.54142359	    -11.68712892	     13.65623676	      0.00000000	    -24.14181681	      8.32308517	      0.52921867	    -34.19782594	     31.79529681	     13.03613274	      0.00000000	    -43.70413531	     -0.05035925	      3.80947851
      4.95000000	     29.63705447	      0.92144829	      9.65268367	     33.15359984	      0.84706592	      0.16595245	     -3.60826510	      5.24449420	    -22.11385486	   -133.80295882	     -6.00464431	     10.81331893	      0.00000000	    -29.92949328	      5.93984746	     -0.35139086	    -39.13503818	     32.31313927	     13.98662373	      0.00000000	    -42.90071965	      0.74094690	      2.27192627
      4.96666700	     30.77551950	     -1.39555875	      5.49292296	     33.29733842	      0.85160312	      0.17095566	      4.27196651	      8.10288582	    -16.11369837	   -129.09310549	      1.34154864	      2.56977397	      0.00000000	    -38.53801163	      3.75453833	     -5.67536078	    -35.27212731	     18.73672025	     14.96720824	      0.00000000	    -42.09063760	      1.27717242	      0.61163611
      4.98333300	     31.04353000	     -4.57442629	     -0.59213851	     33.44139359	      0.85864292	      0.17866435	     12.76727025	     12.63414017	     -7.26369712	   -120.17460949	     -0.35135078	     -7.20531311	      0.00000000	    -47.06268725	      2.61683357	    -15.53813374	    -28.77624300	     -2.84826182	     25.18529141	      0.00000000	    -40.54620076	      1.91080815	     -1.07365017
      5.00000000	     30.86439798	     -6.99925282	     -4.59079161	     33.58147468	      0.86378064	      0.18441805	     18.21679585	     16.37440184	     -1.10152411	   -108.31276829	     -4.94339372	    -12.08505974	      0.00000000	    -52.74528268	      2.45480829	    -21.15763383	    -27.58068727	    -23.42548664	     37.29353804	      0.00000000	    -39.52932442	      2.99181194	     -3.00123662
      5.01666700	     30.63721581	     -8.29413183	     -6.84391957	     33.71416816	      0.86530921	      0.18848556	     20.46286722	     18.33439834	      2.07117002	    -93.70363965	     -0.63993481	    -10.93033612	      0.00000000	    -53.75791075	      3.93475571	    -17.76818271	    -35.94209668	    -32.07590899	     40.02580204	      0.00000000	    -39.63879067	      3.42012060	     -4.29609424
      5.03333300	     29.82000078	     -9.26252052	     -7.76175460	     33.84363477	      0.86549078	      0.19207762	     20.41614215	     19.52720254	      3.29940671	    -75.76943302	      5.84635356	     -7.05511725	      0.00000000	    -51.36094827	      5.05691887	    -12.60519421	    -50.26345516	    -36.98177092	     44.97028908	      0.00000000	    -39.89202046	      3.83548766	     -4.71522496
      5.05000000	     29.41718257	    -10.00527654	     -8.66364364	     33.97231609	      0.86504272	      0.19428748	     17.25845695	     20.57039657	      4.73523978	    -59.24157839	      4.30362290	     -5.52303770	      0.00000000	    -48.45294583	      5.77315442	    -10.63316464	    -64.94761310	    -40.41067201	     48.24396152	      0.00000000	    -40.68878090	      4.24071052	     -4.75474566
      5.06666700	     29.40086319	    -10.17934015	     -9.84538452	     34.10189294	      0.86533021	      0.19390741	     10.40417102	     21.14139501	      7.64858825	    -44.67671571	     -0.96175609	     -6.56064978	      0.00000000	    -45.39339260	      5.21933833	    -12.59554154	    -79.27097814	    -40.62984786	     48.18668470	      0.00000000	    -41.95742760	      4.35858788	     -5.01150317
      5.08333300	     29.08353264	     -9.78539583	    -11.34004039	     34.23121115	      0.86414967	      0.19249860	      1.39436148	     21.00937037	     12.69344425	    -31.01359879	     -5.61717142	     -9.98044886	      0.00000000	    -40.91284578	      4.07851099	    -16.11718867	    -94.27302204	    -38.29000434	     43.45078066	      0.00000000	    -43.06123253	      4.10441590	     -5.00013008
      5.10000000	     28.84422811	     -8.98683549	    -12.57522752	     34.35989384	      0.86141557	      0.19024553	     -7.12117203	     19.25248522	     15.21196941	    -21.94585961	     -4.53720020	    -11.42631584	      0.00000000	    -35.32688826	      3.09149089	    -19.00668074	   -108.26971142	    -33.71729629	     35.04383236	      0.00000000	    -43.88253066	      3.67747400	     -4.19116342
      5.11666700	     29.17397844	     -8.14262770	    -12.69891560	     34.48839807	      0.85710825	      0.18873775	    -14.85206594	     17.53907276	     15.76372017	    -21.06528883	      6.33133913	    -12.94680016	      0.00000000	    -29.18054469	      1.34173200	    -20.30408976	   -121.06200002	    -27.84749723	     29.30296644	      0.00000000	    -44.53687144	      3.58234583	     -2.70526258
      5.13333300	     28.70910191	     -6.56925150	    -12.77088986	     34.61508532	      0.85011437	      0.18681545	    -20.80816976	     15.04336930	     13.82732622	    -25.70855790	     20.34965752	    -13.35291147	      0.00000000	    -19.98411468	      0.06020631	    -21.04350976	   -132.64242312	    -21.64535839	     25.53190954	      0.00000000	    -44.05455875	      3.28806659	     -0.79981812
      5.15000000	     28.11935766	     -5.18052161	    -12.16277383	     34.74410528	      0.84358462	      0.18561471	    -26.66803332	     12.46282281	     10.99064931	    -29.13326553	     27.47448944	    -13.85138352	      0.00000000	    -10.20289076	     -1.03230161	    -20.12760573	   -139.76781678	    -14.28328967	     26.83681014	      0.00000000	    -43.14505493	      2.99897167	      1.23577209
      5.16666700	     26.82604553	     -3.69001775	    -11.64526708	     34.87412342	      0.83833096	      0.18373880	    -31.67907786	      8.70048826	      6.25481219	    -30.09401018	     28.07986626	     -9.36979007	      0.00000000	      1.36617958	     -0.30204843	    -17.89984083	   -140.81730929	     -6.18074145	     30.55784419	      0.00000000	    -41.63580268	      2.18240317	      2.86633698
      5.18333300	     25.08603975	     -2.36126437	    -10.33721096	     35.00605606	      0.83270728	      0.18108232	    -36.54746003	      5.40281590	      0.99975934	    -30.14274981	     23.57691317	     -3.82847698	      0.00000000	     14.04276284	      1.19763727	    -14.92109474	   -137.23529668	     -1.48125512	     30.91686655	      0.00000000	    -39.47752856	      1.62956489	      4.02689416
      5.20000000	     23.94535723	     -1.49748483	     -8.24078180	     35.13997472	      0.82942494	      0.17860548	    -41.19346111	      4.23789157	     -2.15648722	    -30.94202217	     14.66014937	     -3.32482803	      0.00000000	     24.52446641	      2.45039741	    -11.18705796	   -130.26875116	      1.27326778	     28.30114306	      0.00000000	    -37.84786591	      1.53538671	      5.69632596
      5.21666700	     23.94486924	      1.14037813	     -4.16779667	     35.27589420	      0.83279643	      0.17424372	    -45.62268722	      4.08510632	     -4.86605073	    -30.98248167	     -3.72356744	     -7.94774444	      0.00000000	     31.51935343	      5.54037410	     -7.42113393	   -117.54829160	      4.70380475	     19.83988574	      0.00000000	    -37.25696034	      0.41238825	      6.90476184
      5.23333300	     23.73505234	      3.98399137	      0.94048890	     35.41305635	      0.83989165	      0.16814069	    -48.45093833	      5.27979936	     -7.05675145	    -32.72482677	    -23.78304096	     -7.96782895	      0.00000000	     36.86230534	      9.20665362	     -2.37679205	   -101.80621689	      6.43621175	     10.40829330	      0.00000000	    -36.71112508	     -0.50892623	      8.60787413
      5.25000000	     23.53609281	      5.90402380	      5.28924174	     35.54715047	      0.84802151	      0.16345070	    -49.18929702	      6.60338048	     -9.99580598	    -38.90939535	    -34.61132013	      0.47893051	      0.00000000	     38.35082371	     12.63913177	      1.89363689	    -85.66435612	      7.92079724	      5.83120879	      0.00000000	    -37.06494766	     -1.14173764	      9.81573150
      5.26666700	     23.02102306	      6.07922084	      7.66080929	     35.67560012	      0.85685780	      0.16289620	    -46.60983738	      7.29008442	    -12.66947697	    -51.80785654	    -36.74222807	     12.56630245	      0.00000000	     34.92277880	     14.40238108	      3.77375058	    -69.28827401	      4.52051895	      9.87116119	      0.00000000	    -38.47970253	     -1.24922528	     10.41775646
      5.28333300	     22.71519354	      5.72961502	      8.76923038	     35.80135849	      0.86511842	      0.16256492	    -42.41561393	      6.86635387	    -14.76962723	    -68.43980154	    -37.17408419	     23.09920002	      0.00000000	     27.73746606	     15.97216057	      4.81737070	    -52.03154340	      4.86995727	     14.78851461	      0.00000000	    -40.62114923	     -1.46266651	     10.66239462
      5.30000000	     22.61412462	      5.24341580	      9.28751039	     35.93094287	      0.87074585	      0.16324063	    -38.14486220	      5.99613746	    -16.60962194	    -83.69754296	    -37.39843134	     28.22654349	      0.00000000	     19.84111216	     16.54880502	      5.82184819	    -37.64006811	      3.72916545	     16.77780330	      0.00000000	    -42.01694369	     -1.77220183	     10.38189509
      5.31666700	     23.23471765	      4.96985308	      9.35215087	     36.06712685	      0.87112304	      0.16267255	    -34.38329067	      4.53027959	    -18.52952209	    -97.01124243	    -34.91109540	     29.05739595	      0.00000000	     11.58524894	     15.82779656	      5.70215626	    -27.81276128	      1.48609348	     14.29690836	      0.00000000	    -42.41271733	     -2.40581354	      8.70111459
      5.33333300	     25.12866086	      4.60386367	      8.76090312	     36.20729579	      0.86928872	      0.16232069	    -31.30042334	      2.95556090	    -20.26787517	   -108.96993241	    -30.60946509	     26.86027471	      0.00000000	      1.64900451	     14.07442010	      3.78975727	    -21.04832287	      2.80895144	     12.05098642	      0.00000000	    -43.08398338	     -3.07643575	      6.15700271
      5.35000000	     27.24560040	      4.17420251	      8.18761776	     36.34768608	      0.86663647	      0.16021302	    -28.10276104	      1.78099526	    -21.31553746	   -118.55111419	    -25.37014561	     23.27183402	      0.00000000	     -8.10835013	     12.44698624	      0.77665931	    -18.03393634	      8.33522689	     12.70187922	      0.00000000	    -43.88452810	     -3.21619399	      4.28617826
      5.36666700	     28.76160875	      3.80005954	      9.47365402	     36.48539844	      0.86073585	      0.15564086	    -23.48336608	      1.91340379	    -22.97549763	   -125.52142029	    -20.60618518	     18.24477948	      0.00000000	    -16.26242024	     11.07302316	      0.50507835	    -21.72420253	     21.20475388	     14.15215597	      0.00000000	    -44.43012441	     -2.00455912	      2.64525201
      5.38333300	     29.37674099	      3.15527045	     10.54592695	     36.62167295	      0.85270259	      0.15173362	    -16.56529181	      2.40168306	    -23.71980349	   -130.58886595	    -15.52910845	     13.73293956	      0.00000000	    -22.52572919	      9.12327406	      0.75361355	    -29.76431895	     32.56183053	     14.66485101	      0.00000000	    -44.18415323	     -0.69669219	      1.31524272
      5.40000000	     28.98853477	      2.06044864	     10.12123434	     36.75942076	      0.84696071	      0.15044637	     -7.62789412	      3.10289536	    -22.43970230	   -132.35631165	    -10.49505263	      9.42961017	      0.00000000	    -28.03882176	      7.36218143	      1.34395996	    -34.85265763	     35.03972478	     13.82644750	      0.00000000	    -42.63738015	      0.10350391	     -0.14776403
      5.41666700	     30.17393867	     -0.35739696	      6.30462783	     36.90185615	      0.85178244	      0.15381647	      0.38975922	      5.91834080	    -16.29929527	   -129.32924970	     -5.52871038	      1.49347452	      0.00000000	    -37.25621413	      4.93821187	     -3.74674149	    -31.36765845	     24.76575556	     15.49820741	      0.00000000	    -42.16142563	      0.95333122	     -1.15097541
      5.43333300	     30.72893110	     -3.80275615	      1.17449669	     37.04537723	      0.86079193	      0.15998104	      8.67880635	     10.74000121	     -8.02200649	   -121.87543361	     -7.85659525	     -8.53851890	      0.00000000	    -46.98704086	      2.98693600	    -13.64221389	    -24.84861713	      5.75089225	     28.33237298	      0.00000000	    -41.07754008	      2.22847070	     -2.16201275
      5.45000000	     29.99590095	     -5.83582454	     -2.68304184	     37.18519177	      0.86540473	      0.16399187	     15.65570927	     14.03092037	     -1.77290441	   -111.79117495	    -12.58012960	    -14.35627006	      0.00000000	    -52.84549827	      3.07949097	    -19.57789068	    -23.39535511	    -13.47621436	     41.95056964	      0.00000000	    -39.50192271	      3.02333544	     -3.61423833
      5.46666700	     29.88226507	     -6.93188152	     -4.72036473	     37.32142200	      0.86805314	      0.16659312	     18.53390708	     15.84647013	      1.43065036	    -97.73386139	     -8.92472422	    -17.63771994	      0.00000000	    -55.02207157	      3.87599160	    -17.17097852	    -30.47175668	    -23.31078993	     41.15129515	      0.00000000	    -39.35273301	      3.44303188	     -4.07983108
      5.48333300	     29.30371894	     -7.49423634	     -5.96746471	     37.45539418	      0.87019522	      0.16911070	     19.14418198	     17.17321555	      3.72279587	    -79.89029264	     -3.95342999	    -18.82025440	      0.00000000	    -53.87016894	      4.98533109	    -12.35783487	    -42.98041620	    -29.15407535	     40.94590191	      0.00000000	    -39.15847463	      3.61819053	     -4.37471037
      5.50000000	     28.62545364	     -7.66923633	     -7.15198933	     37.58646285	      0.87126189	      0.16908584	     16.97337909	     17.95172782	      6.07340566	    -62.73272022	     -6.06490914	    -19.78855914	      0.00000000	    -51.15602921	      5.95776331	    -10.14859580	    -56.90194781	    -33.06955743	     42.09964192	      0.00000000	    -39.37245199	      3.67770853	     -4.34431999
      5.51666700	     28.34876690	     -8.20913859	     -8.75426194	     37.71660473	      0.87256614	      0.16602264	     10.54937546	     19.38031067	      9.56752232	    -46.05482129	    -10.75390387	    -19.42286556	      0.00000000	    -48.26954154	      6.01214279	    -11.97331008	    -70.94896162	    -34.01050289	     44.32096744	      0.00000000	    -40.70184065	      4.30704850	     -4.43796523
      5.53333300	     28.14320671	     -8.14228677	    -10.53351597	     37.84407271	      0.87378487	      0.16320165	      1.20032686	     19.87235746	     14.79563839	    -29.24515537	    -14.65323875	    -18.90311346	      0.00000000	    -43.92445510	      5.73733271	    -14.78163117	    -86.60613711	    -33.82143243	     43.47505253	      0.00000000	    -42.61488097	      4.24014316	     -4.88404422
      5.55000000	     27.49284210	     -7.38925158	    -11.78267303	     37.97070598	      0.87270665	      0.15914035	     -7.05396533	     18.55006902	     18.20504559	    -17.68011641	    -14.40398502	    -19.35693021	      0.00000000	    -38.15078880	      5.41389420	    -17.03107232	   -101.44986705	    -30.45392632	     38.97035259	      0.00000000	    -43.46733768	      4.02331700	     -4.82048553
      5.56666700	     27.71780221	     -6.91470763	    -12.19554610	     38.09598231	      0.87335202	      0.15682733	    -15.36724852	     16.89901093	     18.70302306	    -14.64488067	     -5.17584983	    -20.51420945	      0.00000000	    -32.22795563	      3.69338785	    -18.86940217	   -115.45251497	    -25.02267817	     32.90217193	      0.00000000	    -44.43310225	      4.22321807	     -3.11736027
      5.58333300	     27.68369325	     -5.80317849	    -12.02759356	     38.22087695	      0.87278190	      0.15636953	    -23.10957962	     14.47878179	     16.74859653	    -16.70584990	      8.68811808	    -19.98184297	      0.00000000	    -24.66770155	      1.47493290	    -20.12153655	   -128.19178127	    -18.31207204	     27.26926596	      0.00000000	    -44.39105595	      4.05789632	     -0.90528232
      5.60000000	     26.41866761	     -4.36350789	    -12.03394534	     38.34696306	      0.86862427	      0.15574865	    -28.52175388	     11.62729608	     13.34308553	    -19.34870984	     17.20110161	    -17.88216695	      0.00000000	    -15.08290584	      0.21730675	    -20.64232177	   -136.73299883	    -11.08946722	     24.93997873	      0.00000000	    -43.02089924	      3.54369307	      1.20387489
      5.61666700	     25.09038636	     -3.11749253	    -12.32773250	     38.47518247	      0.86009269	      0.15559154	    -33.61393776	      8.48551980	      9.66772427	    -20.47767224	     20.56113249	    -13.69387178	      0.00000000	     -4.97564491	      0.44308429	    -19.56456547	   -139.23784975	     -4.21693063	     28.17668939	      0.00000000	    -41.69801899	      2.68254075	      2.78099197
      5.63333300	     22.85163090	     -2.18040026	    -12.48652083	     38.60629219	      0.84789393	      0.15619013	    -37.71752371	      5.94031868	      6.76233284	    -21.64033872	     19.54344967	    -11.07985372	      0.00000000	      6.33010593	      0.60899526	    -17.85983379	   -137.12222217	      0.03395639	     30.43138442	      0.00000000	    -39.25325915	      1.88766934	      4.64909961
      5.65000000	     21.50870926	     -0.94132868	    -11.29036334	     38.73919072	      0.83953265	      0.15549604	    -41.83053454	      4.30880681	      4.11486595	    -23.35575330	     12.62081041	    -12.29775317	      0.00000000	     16.31377520	      1.48781584	    -15.07596735	   -131.51812772	      5.40380930	     30.94015246	      0.00000000	    -37.48897005	      1.11089160	      6.32226344
      5.66666700	     21.05494428	      1.26482711	     -6.95552973	     38.87530091	      0.84174324	      0.14868323	    -46.30869497	      3.63699696	     -1.25966339	    -23.17653148	     -5.62190752	    -13.26657811	      0.00000000	     24.81782885	      4.56028929	     -9.86071898	   -120.19578932	      9.23741861	     22.89044543	      0.00000000	    -36.30885650	      0.76262553	      7.39761324
      5.68333300	     20.72435288	      4.43781730	     -0.68282908	     39.01270928	      0.84913699	      0.14013040	    -50.19811853	      4.31806129	     -7.35251707	    -24.03199197	    -25.13055775	     -7.32001309	      0.00000000	     32.12699675	      9.83436824	     -2.43959488	   -104.96569340	     10.72776106	     12.50717233	      0.00000000	    -35.43124451	     -0.00289780	      7.92740895
      5.70000000	     20.71866036	      6.38634013	      4.28457306	     39.14632846	      0.85730508	      0.13399885	    -52.03507164	      5.92714493	    -11.01564015	    -29.38195097	    -36.92773542	      4.54009220	      0.00000000	     35.11694688	     13.78636640	      3.38649275	    -88.72927500	     11.14000210	      6.06490377	      0.00000000	    -35.94379171	     -0.51397841	      8.77610742
      5.71666700	     20.64920304	      7.26107034	      6.91921192	     39.27593226	      0.86272534	      0.13173407	    -50.32624702	      7.43077008	    -12.07961241	    -41.98622977	    -39.48845661	     15.87259716	      0.00000000	     33.07391012	     15.92563160	      5.38406431	    -72.05444117	      9.54222511	      7.73450638	      0.00000000	    -37.54249963	     -1.02296377	      9.90820921
      5.73333300	     19.94302638	      7.44059920	      8.29279864	     39.40204904	      0.86763661	      0.13003897	    -45.39982767	      8.45797966	    -12.45505077	    -58.81929569	    -40.14771265	     26.07954985	      0.00000000	     28.60016856	     17.06035087	      5.78476874	    -54.00597211	     11.10787488	     13.17851821	      0.00000000	    -39.14710385	     -1.32594177	     11.52435318
      5.75000000	     19.64173534	      7.23162029	      9.05365922	     39.53182806	      0.86922923	      0.12852864	    -40.67983720	      8.79609018	    -13.36176256	    -74.55416559	    -39.87027016	     32.65289880	      0.00000000	     22.69810533	     17.24791500	      5.69839561	    -38.83243124	      9.44390181	     16.19303335	      0.00000000	    -40.29421771	     -1.58328535	     11.62815658
      5.76666700	     20.33522927	      7.22418599	      8.92621478	     39.66947129	      0.86824325	      0.12786458	    -37.56448356	      7.40052859	    -15.10655338	    -87.71622966	    -38.68601700	     35.91415570	      0.00000000	     15.19196626	     16.87471175	      6.25757181	    -28.11671041	      5.59142158	     14.70695898	      0.00000000	    -41.00796988	     -2.54897240	     10.26979579
      5.78333300	     21.89295291	      6.65854023	      7.54274222	     39.80951062	      0.86546919	      0.12841368	    -34.68209110	      5.38594683	    -16.38670243	   -100.32620944	    -35.29573471	     34.98641917	      0.00000000	      6.11702574	     15.17139903	      5.09363506	    -20.08111897	      4.16145327	     13.44461496	      0.00000000	    -41.75459743	     -3.72401477	      8.09394689
      5.80000000	     23.76038713	      6.51104095	      6.93318261	     39.95001091	      0.86163796	      0.12686913	    -31.70016134	      3.57911098	    -18.25434465	   -110.98228995	    -31.15156477	     31.47681099	      0.00000000	     -3.44124832	     14.32011337	      4.08438573	    -15.95731700	      8.22696176	     13.50425241	      0.00000000	    -42.53183404	     -4.50763120	      5.74894470
      5.81666700	     25.52888846	      6.16137175	      7.18316200	     40.08736150	      0.85672647	      0.12378419	    -27.17101274	      2.51154425	    -20.49639586	   -120.02853876	    -27.27915064	     25.31375932	      0.00000000	    -12.50419052	     13.57374752	      3.73113700	    -18.01413797	     19.82922579	     13.64242557	      0.00000000	    -43.35999175	     -4.36579190	      4.81711021
      5.83333300	     26.88501120	      5.61239110	      8.20600884	     40.22384991	      0.84918505	      0.11997734	    -20.81249255	      2.38547046	    -22.88843213	   -127.20949775	    -22.49395559	     19.99743687	      0.00000000	    -20.96857685	     12.15970905	      4.69128667	    -24.21889678	     31.48811980	     12.93153444	      0.00000000	    -43.51758937	     -3.47684752	      3.79901189
      5.85000000	     27.19181287	      4.11302569	      8.51749647	     40.36147917	      0.84384019	      0.11866696	    -12.30329284	      3.35033017	    -23.50783982	   -130.86896668	    -17.37153019	     16.02041066	      0.00000000	    -27.61260188	      9.40535087	      4.22252349	    -29.27115488	     35.07207619	     12.55398205	      0.00000000	    -42.47110664	     -2.09835963	      2.88804763
      5.86666700	     27.92723376	      1.81867663	      6.48476236	     40.50111751	      0.84605370	      0.12028585	     -2.84692889	      5.52539155	    -19.79833144	   -130.36769521	    -11.90440998	      9.79519604	      0.00000000	    -35.16413543	      5.91822735	     -0.12103527	    -29.46104798	     29.16630687	     18.70782813	      0.00000000	    -41.55971459	     -0.69914208	      1.54984423
      5.88333300	     28.22939406	     -0.61685275	      2.87835838	     40.64184184	      0.85085155	      0.12379390	      7.34395477	      8.63420551	    -12.96753886	   -126.09306341	    -11.66830071	      2.87825217	      0.00000000	    -42.55570592	      3.61833010	     -6.94308781	    -28.20740205	     14.87324004	     28.57465136	      0.00000000	    -40.39680065	      0.53752744	     -0.45489695
      5.90000000	     28.19799092	     -2.47992384	     -0.24073041	     40.78222492	      0.85372825	      0.12759726	     15.50197644	     11.50223120	     -7.08343631	   -118.19672338	    -14.55537067	     -3.13668802	      0.00000000	    -48.24752926	      2.72549819	    -11.54086818	    -28.86213490	     -0.06837995	     36.14997985	      0.00000000	    -39.38881021	      1.39880488	     -2.26498880
      5.91666700	     27.84353095	     -3.84830404	     -2.95775559	     40.92188705	      0.85409883	      0.13247273	     20.95145261	     13.59239093	     -2.74434258	   -106.13037748	    -11.19976625	    -11.54261388	      0.00000000	    -51.47593304	      3.09315836	    -12.57075411	    -32.31603970	    -13.75792496	     35.77162359	      0.00000000	    -38.37223876	      1.57648588	     -3.64178954
      5.93333300	     27.48095139	     -5.64568825	     -6.29866666	     41.06040173	      0.85501071	      0.13884228	     23.42096887	     16.40593437	      1.78412679	    -89.67719937	     -9.02925462	    -20.31289538	      0.00000000	    -52.98888569	      4.53122241	    -11.82678638	    -38.41155844	    -25.16911598	     34.58655160	      0.00000000	    -37.77798946	      1.61107787	     -3.98579273
      5.95000000	     27.40088161	     -6.96225702	     -9.17519472	     41.19600705	      0.85569830	      0.14257529	     22.00352502	     18.49091621	      5.92334964	    -72.68748551	    -13.21443901	    -23.98858587	      0.00000000	    -52.88174830	      5.81112778	    -12.18782894	    -47.74081468	    -32.22547471	     37.32350813	      0.00000000	    -38.22549991	      1.74180961	     -4.34505991
      5.96666700	     27.04260296	     -7.90444466	    -11.51757137	     41.32829340	      0.85887348	      0.14183678	     16.75465567	     20.24808989	      9.87686267	    -54.68348248	    -17.07326381	    -22.33881399	      0.00000000	    -50.07528801	      6.41583537	    -14.09276905	    -62.39209698	    -34.81586515	     43.47812284	      0.00000000	    -39.37784897	      2.25148390	     -5.49463004
      5.98333300	     26.82377877	     -8.45350831	    -13.63496875	     41.45697347	      0.86098194	      0.13975616	      8.34379714	     21.11316894	     14.34816933	    -35.79388771	    -19.24780151	    -17.12349999	      0.00000000	    -45.66343149	      6.77859035	    -16.05787314	    -80.18322573	    -38.10796390	     49.63875077	      0.00000000	    -41.37269979	      2.52602043	     -6.68138850
      6.00000000	     26.58219421	     -8.75713222	    -15.02550609	     41.58674681	      0.86194266	      0.13834082	     -0.86382005	     20.39420293	     18.24480179	    -21.64361973	    -19.59696854	    -13.31875789	      0.00000000	    -40.93373991	      6.09265930	    -17.99241249	    -96.29155756	    -39.59750114	     48.75500148	      0.00000000	    -42.74756272	      2.93121835	     -6.71250197
      6.01666700	     26.82928926	     -8.34001779	    -15.06320244	     41.71538767	      0.86085639	      0.13850157	     -9.36095200	     17.67821041	     18.80509893	    -17.83112093	    -12.31389812	     -9.47638809	      0.00000000	    -35.92543958	      4.11198856	    -19.19470230	   -110.78309958	    -35.79384053	     43.55895300	      0.00000000	    -43.38706678	      3.24753047	     -5.21485648
      6.03333300	     26.76406320	     -7.59804024	    -14.52824092	     41.84489636	      0.85702411	      0.14024133	    -17.78517572	     14.20346255	     16.76199721	    -19.25186145	     -2.61994765	     -6.32933485	      0.00000000	    -29.63190708	      1.38989000	    -20.26544479	   -124.28067632	    -29.21118813	     36.04823105	      0.00000000	    -43.19954868	      3.73201544	     -1.97982298
      6.05000000	     26.81824821	     -6.21015948	    -14.31845581	     41.97612764	      0.85249900	      0.14179822	    -25.19299965	     10.03737842	     13.08080833	    -21.63097291	      4.20416501	     -2.64982664	      0.00000000	    -22.78830738	      0.32858745	    -20.71175278	   -133.57909596	    -22.72378811	     30.82992305	      0.00000000	    -42.65726912	      3.15493347	      0.54456223
      6.06666700	     25.75094167	     -5.15644850	    -15.28767377	     42.10771764	      0.84694244	      0.14506771	    -29.70187548	      6.93077862	     11.24549725	    -25.10751040	      9.54631028	      0.50326775	      0.00000000	    -13.93065140	      0.18789373	    -20.59786128	   -138.27630677	    -17.25133374	     30.31667558	      0.00000000	    -41.67245781	      1.91543158	      2.07941630
      6.08333300	     24.18655325	     -4.47229411	    -15.95884285	     42.24032131	      0.84114384	      0.14846585	    -32.92435315	      4.67787986	      9.59103559	    -30.26356532	     13.60803917	      2.18154674	      0.00000000	     -3.62479235	     -0.11192729	    -18.98943215	   -139.24865302	    -12.53619169	     33.13813657	      0.00000000	    -40.23880721	      1.06828452	      3.47095034
      6.10000000	     22.33406840	     -3.62774644	    -15.05288235	     42.37569599	      0.83653167	      0.14976286	    -35.80973665	      3.01021658	      7.24568184	    -33.87489820	     10.02795096	      1.46237634	      0.00000000	      7.59674401	      0.02456594	    -15.73691824	   -137.22131746	     -6.13421075	     36.62362655	      0.00000000	    -38.20750132	      0.79340853	      5.40746119
      6.11666700	     22.01099793	     -2.05003477	    -11.27059825	     42.51444001	      0.84121492	      0.14577088	    -41.13380659	      1.11548746	      2.14645816	    -31.70504511	     -7.78158794	     -0.38046097	      0.00000000	     18.14770495	      2.99402323	    -10.39572911	   -130.00082698	     -0.85939796	     30.44315079	      0.00000000	    -37.10598649	      0.79385768	      6.78887928
      6.13333300	     21.78816645	     -0.26839682	     -5.92592181	     42.65712649	      0.84860389	      0.14007615	    -47.68057192	      0.44119001	     -5.12082762	    -27.20327412	    -32.21780727	      4.37992274	      0.00000000	     28.29786048	      7.49824020	     -3.42629120	   -119.02037461	      1.74039910	     19.77769215	      0.00000000	    -35.66703141	      0.99459457	      8.31606387
      6.15000000	     21.86852247	      1.42377339	     -1.86640921	     42.79484081	      0.85539331	      0.13525679	    -52.19515315	      0.85320722	     -9.12097678	    -27.75495388	    -50.80443336	     12.21235627	      0.00000000	     34.23829222	     11.63390651	      1.04778492	   -104.60603179	      1.01730110	     10.02361219	      0.00000000	    -35.44628353	      0.58037340	      9.91351373
      6.16666700	     21.77735825	      2.68742205	      1.30289914	     42.92755328	      0.85961960	      0.13093657	    -52.48519187	      3.11742517	     -8.09489956	    -37.54586812	    -55.35723977	     18.66494619	      0.00000000	     34.71958371	     13.91313865	      3.27381075	    -87.57311707	      0.36559208	      4.75771233	      0.00000000	    -36.02424779	      0.28698737	      9.85395585
      6.18333300	     20.66432334	      3.68985318	      3.74162088	     43.05701459	      0.86275355	      0.12746946	    -48.95659500	      5.89931948	     -5.98590340	    -52.62805935	    -54.76296367	     25.00251976	      0.00000000	     32.74326331	     15.11560743	      4.63259001	    -67.96419504	      3.35249540	      4.62433453	      0.00000000	    -36.17286911	     -0.02149962	      9.20834706
      6.20000000	     20.17424254	      4.49531394	      5.42647546	     43.18757560	      0.86591018	      0.12549428	    -45.62678993	      7.03274085	     -6.70778300	    -67.43203441	    -52.88943993	     29.29568208	      0.00000000	     28.28879402	     15.77149305	      4.52053548	    -50.43496790	      0.76525816	      5.82942147	      0.00000000	    -36.74071409	     -0.52348958	      8.62529463
      6.21666700	     20.03289543	      4.61924928	      5.97139066	     43.32029077	      0.86884021	      0.12513164	    -42.41109303	      5.68555713	     -9.57486559	    -81.64999792	    -51.07215543	     30.01080944	      0.00000000	     22.08265773	     16.18920760	      4.20640496	    -36.88510970	     -2.98314775	      8.31771034	      0.00000000	    -37.51063290	     -1.05051408	      8.53234005
      6.23333300	     20.98215048	      4.40534766	      6.01007971	     43.45552905	      0.87215088	      0.12499287	    -40.01866511	      3.18634811	    -13.35778026	    -95.64875946	    -48.10386883	     24.97134850	      0.00000000	     12.93181989	     16.57174108	      3.97764376	    -25.28151178	     -3.37594391	     12.40420925	      0.00000000	    -39.16903434	     -1.46949302	      8.33606228
      6.25000000	     22.43380859	      4.23291272	      5.52489400	     43.59317565	      0.87187177	      0.12639200	    -37.53901558	      0.75108425	    -16.35899586	   -108.27585604	    -44.72371574	     16.37239190	      0.00000000	      3.54298714	     16.87627888	      2.90890375	    -17.78509107	     -0.14876693	     16.20437224	      0.00000000	    -40.31871807	     -2.31304676	      8.25022299
      6.26666700	     24.21220486	      3.15788321	      5.43255085	     43.73424310	      0.86602705	      0.12546126	    -33.97325083	     -0.15994524	    -18.23262039	   -119.25470959	    -41.67552530	      9.89337879	      0.00000000	     -4.75612302	     16.65383491	      2.92914790	    -17.65088111	      9.63001278	     16.23134479	      0.00000000	    -40.35014744	     -1.79408052	      8.45959317
      6.28333300	     26.07561347	      2.14260169	      5.91622402	     43.87754397	      0.85693856	      0.12508480	    -29.42895761	     -0.01223401	    -20.38243528	   -128.89788081	    -36.94105973	      5.12508310	      0.00000000	    -12.80883317	     16.21429714	      3.65970500	    -22.23306392	     21.11238466	     14.35004732	      0.00000000	    -39.54762494	     -1.16904549	      7.54686465
      6.30000000	     27.82594582	      0.65688048	      5.77348494	     44.01978732	      0.85195814	      0.12615030	    -23.73700683	      1.18047712	    -20.92288357	   -135.15458370	    -31.83643477	      3.19713426	      0.00000000	    -20.98168813	     14.39306598	      2.72316720	    -25.69806262	     26.98096298	     14.61841667	      0.00000000	    -38.99840886	     -0.30578802	      6.88296656
      6.31666700	     29.01544669	     -1.11531549	      5.25502762	     44.16134190	      0.85439968	      0.12732028	    -16.32908155	      3.78916200	    -18.90054126	   -137.23846527	    -26.45669221	      2.63495662	      0.00000000	    -30.11118105	     11.07430190	      0.43985141	    -25.05412546	     25.04845734	     19.39658821	      0.00000000	    -38.62795608	      1.05555621	      5.31075621
      6.33333300	     29.41694623	     -3.08147210	      4.51461076	     44.30306691	      0.85861853	      0.12900993	     -7.34304461	      7.71812799	    -15.48873997	   -135.63005280	    -23.76060933	      2.50499233	      0.00000000	    -39.13237826	      7.34829289	     -3.39199181	    -23.02161274	     17.72476731	     27.95609916	      0.00000000	    -37.69713237	      2.76109584	      3.36661159
      6.35000000	     28.73087145	     -4.14435289	      2.72249543	     44.44255613	      0.86021441	      0.13269139	      2.35492964	     10.94179603	    -11.82438702	   -131.52113348	    -21.68239406	      1.19575388	      0.00000000	    -45.47556446	      5.72210405	     -6.25177397	    -22.29038662	      7.89808408	     34.82960339	      0.00000000	    -36.21960875	      3.10131072	      1.29301142
      6.36666700	     28.40070385	     -5.67738643	     -0.19356206	     44.58306450	      0.86308663	      0.13616434	     10.43864782	     14.73921892	     -7.46304160	   -123.36265342	    -17.39390581	     -7.18587464	      0.00000000	    -50.82472314	      4.74804252	    -10.83414860	    -21.27518663	     -8.08875026	     31.21244622	      0.00000000	    -35.13059513	      3.58493963	     -0.01654525
      6.38333300	     27.61557216	     -7.21223164	     -4.27573026	     44.72228916	      0.86687679	      0.13962855	     17.09804526	     18.68861875	     -1.11184983	   -111.05718337	    -16.92324760	    -16.52869029	      0.00000000	    -54.28333572	      5.11924821	    -14.66383024	    -22.13272751	    -24.71552350	     27.45306458	      0.00000000	    -34.09741500	      3.88041972	     -1.10312424
      6.40000000	     27.14883801	     -8.40856899	     -7.89415585	     44.85754991	      0.87152504	      0.14317356	     19.79020343	     21.99295431	      4.65593625	    -96.39139418	    -21.82110500	    -19.68534600	      0.00000000	    -56.06421118	      6.11475251	    -16.73317916	    -27.41570253	    -35.53231251	     28.19447542	      0.00000000	    -34.16645068	      3.98950503	     -1.36884611
      6.41666700	     27.12831704	     -9.17237902	     -9.96484369	     44.98616965	      0.87741115	      0.14285091	     18.45363603	     23.50619167	      8.31214319	    -79.40566885	    -20.85788290	    -13.87621113	      0.00000000	    -54.83518893	      7.31985394	    -15.27726237	    -40.90232753	    -39.79173987	     35.95232054	      0.00000000	    -35.70828157	      4.23083210	     -2.58131220
      6.43333300	     26.44292519	    -10.32401886	    -12.06336432	     45.10956455	      0.88123650	      0.14332582	     14.88158917	     24.87891359	     11.14055698	    -59.90208940	    -18.30192875	     -4.10897320	      0.00000000	    -50.89243073	      8.24910375	    -14.74935468	    -58.98177739	    -44.46683376	     46.99996731	      0.00000000	    -37.54523060	      4.56493994	     -2.46252700
      6.45000000	     25.82478763	    -10.76941683	    -13.22971071	     45.23540167	      0.88323157	      0.14264485	      9.53623753	     25.08470372	     13.39436041	    -42.48030062	    -20.53379295	      0.00190358	      0.00000000	    -46.84447071	      8.28496762	    -14.69626194	    -75.35965476	    -47.14904811	     49.96843497	      0.00000000	    -38.75214415	      4.81430977	     -2.64646623
      6.46666700	     25.46683538	    -10.72783109	    -13.89478919	     45.36538170	      0.88321477	      0.14288664	      2.54968549	     24.55922385	     16.35648052	    -29.00173616	    -24.83071269	     -3.41874005	      0.00000000	    -43.22259293	      7.06808854	    -15.60730121	    -88.80205656	    -43.86330896	     46.68724373	      0.00000000	    -39.29475602	      4.96185877	     -1.88332448
      6.48333300	     25.92397270	    -10.73607379	    -13.51151631	     45.49795701	      0.88130450	      0.14186006	     -6.40608718	     22.98690835	     16.39363265	    -17.66134206	    -25.01132399	     -6.60581113	      0.00000000	    -40.05386371	      4.74776319	    -16.84951191	   -101.25806770	    -36.94612751	     38.71721249	      0.00000000	    -40.16410399	      5.56795935	     -0.36066841
      6.50000000	     26.44607575	     -9.85132858	    -13.05123132	     45.63150778	      0.87774419	      0.14032348	    -14.24818234	     20.72283203	     14.29685796	    -10.99713538	    -19.31480585	     -6.23132705	      0.00000000	    -35.69289966	      3.33450264	    -17.56685486	   -112.41766132	    -29.30627981	     29.64891441	      0.00000000	    -40.73100504	      5.43601319	      0.64017404
      6.51666700	     26.86605456	     -8.89625985	    -13.07856877	     45.76651402	      0.87108625	      0.14036089	    -19.64359210	     19.49746422	     13.44128901	    -12.84248879	     -5.17486038	     -6.81640060	      0.00000000	    -29.99006976	      2.00557345	    -18.02738277	   -122.11921958	    -24.75783957	     24.08509389	      0.00000000	    -40.81288603	      4.86839484	      2.40051661
      6.53333300	     26.79241660	     -7.63034921	    -13.34377748	     45.89960060	      0.86227428	      0.14086717	    -22.49846598	     18.46817796	     12.68575785	    -21.38736363	     11.03510295	     -7.59854341	      0.00000000	    -21.73354364	      0.58528745	    -18.34726900	   -130.61659064	    -21.18061249	     20.98806997	      0.00000000	    -40.55656395	      3.88258661	      4.10677255
      6.55000000	     26.03493800	     -6.32402864	    -12.83697320	     46.03332334	      0.85525396	      0.13912872	    -24.97224540	     16.76364987	     10.51331491	    -28.34525993	     20.38722192	     -7.02368413	      0.00000000	    -11.73391697	     -0.19530827	    -16.87884338	   -135.72510541	    -15.62188957	     23.85318420	      0.00000000	    -39.52741843	      3.40920027	      5.39989901
      6.56666700	     25.29637786	     -4.58137680	    -11.69977356	     46.16986571	      0.85273514	      0.13545964	    -28.92071221	     13.22966573	      6.49209117	    -30.52458031	     16.56079055	     -6.15853959	      0.00000000	     -0.99673013	      1.39049869	    -13.54020050	   -135.04690890	     -8.16064540	     30.72921464	      0.00000000	    -38.06281608	      2.51708936	      5.41010432
      6.58333300	     24.83056135	     -2.80733011	    -10.40275234	     46.30763561	      0.85253460	      0.13015357	    -33.91405377	      8.78028331	      0.95428995	    -31.27176771	      7.49252244	     -1.42793748	      0.00000000	      9.71238173	      4.44483477	    -10.88016833	   -129.52504326	     -3.62875199	     33.02719114	      0.00000000	    -36.66533434	      1.41826468	      5.20595863
      6.60000000	     24.69285975	     -1.42824959	     -8.00274042	     46.44572083	      0.85372825	      0.12515932	    -38.99345474	      6.36288317	     -3.16208375	    -32.13932860	     -3.17284807	      1.52087228	      0.00000000	     18.61713620	      7.06873947	     -8.08316678	   -121.50497943	     -2.62604109	     30.53387546	      0.00000000	    -35.72424229	      0.96776158	      5.09543404
      6.61666700	     24.52715220	     -0.01746181	     -4.43551225	     46.58271029	      0.85809482	      0.11905235	    -43.42152160	      5.71983935	     -4.82588821	    -31.03606064	    -19.40485146	     -4.44299001	      0.00000000	     25.88265963	      9.31232150	     -4.77030995	   -110.96557414	      2.88652787	     22.62630048	      0.00000000	    -34.99956713	      0.95375259	      6.50141023
      6.63333300	     24.35155117	      2.00857638	     -0.04673188	     46.71801266	      0.86445688	      0.11359157	    -47.16508354	      6.13945139	     -5.28825133	    -30.79311445	    -35.37960458	     -8.33939434	      0.00000000	     31.14375227	     12.07501568	     -0.78970297	    -96.69980459	      3.47928990	     12.89149120	      0.00000000	    -34.46884838	      0.54403722	      7.98374409
      6.65000000	     23.93268494	      3.29638969	      3.43648538	     46.85224787	      0.87006152	      0.10848120	    -49.07096028	      6.89081134	     -6.14963721	    -34.35052819	    -45.48549385	     -5.87921445	      0.00000000	     32.89552587	     14.48414192	      3.08035702	    -80.85207317	     -1.76323887	      9.26013084	      0.00000000	    -34.02725205	      0.22289594	      8.87170122
      6.66666700	     23.71841083	      3.32899207	      4.72695835	     46.98366752	      0.87395870	      0.10642522	    -48.94988172	      7.20214789	     -7.70661088	    -43.86973649	    -48.23823293	      1.95319115	      0.00000000	     30.31734685	     15.54253831	      5.66527714	    -63.49698725	     -3.47050052	     11.49584567	      0.00000000	    -34.49994664	     -0.10262875	      8.67944032
      6.68333300	     22.82890900	      2.87011097	      5.19396541	     47.11390893	      0.87519490	      0.10392990	    -46.42288326	      7.07577403	     -9.30997896	    -57.47754785	    -47.79186836	      9.98012737	      0.00000000	     25.45929603	     16.31429541	      8.21827440	    -44.25309036	     -3.01368756	     13.46208694	      0.00000000	    -34.41712174	     -0.41541178	      7.76078331
      6.70000000	     22.38791459	      2.58865743	      5.60129355	     47.24518042	      0.87475342	      0.10199129	    -43.74425969	      6.41823942	    -10.96428193	    -70.57625133	    -47.36004303	     15.52126041	      0.00000000	     19.25806476	     16.55602052	      9.32604961	    -27.48566063	     -7.20171567	     11.48686980	      0.00000000	    -34.61884131	     -0.86534571	      6.53292256
      6.71666700	     23.30948936	      2.34759096	      5.95525425	     47.37874007	      0.87297469	      0.10060174	    -42.05028472	      5.00961946	    -13.33438340	    -82.10709246	    -46.49009916	     16.26817622	      0.00000000	     12.04971927	     15.42348934	      5.72296470	    -15.74623923	    -13.96408981	     12.63442109	      0.00000000	    -35.32100515	     -1.17051219	      6.15386643
      6.73333300	     25.09958401	      2.67122232	      5.44062987	     47.51418730	      0.86945960	      0.09747100	    -40.63170413	      1.81620348	    -15.57524785	    -93.83587723	    -44.16787414	     14.90231374	      0.00000000	      3.60809312	     14.91754350	     -1.84109935	     -7.53333171	    -19.24033544	     17.26934208	      0.00000000	    -36.55191129	     -2.00127140	      6.25113978
      6.75000000	     26.85243070	      2.84490226	      5.47773885	     47.64930785	      0.86471060	      0.09295635	    -38.47652197	     -0.38902674	    -17.49970766	   -103.80170754	    -42.07714476	     11.15684502	      0.00000000	     -4.33065596	     15.28617888	     -5.08451358	     -4.92997541	    -16.52247847	     20.35088730	      0.00000000	    -37.55328158	     -2.35081061	      5.04731754
      6.76666700	     28.63586559	      2.51425456	      5.70788761	     47.78345521	      0.85656442	      0.08993171	    -35.27850180	     -1.08116815	    -18.63204254	   -112.31114816	    -39.39364768	      8.21218377	      0.00000000	    -11.45806700	     15.67793467	     -2.60115007	    -10.45134057	     -1.34131653	     14.72320846	      0.00000000	    -38.62185219	     -2.28226299	      3.98798028
      6.78333300	     29.88800087	      1.79389137	      6.59107121	     47.91618349	      0.84591206	      0.08621632	    -30.16568009	     -0.24242303	    -19.70659659	   -119.53438500	    -35.55652059	      6.21826553	      0.00000000	    -17.47883906	     15.90347488	      3.58087020	    -20.95655341	     12.83292996	      5.19253465	      0.00000000	    -39.27165982	     -1.55477019	      1.65456991
      6.80000000	     30.57325240	      0.12515315	      6.10868644	     48.05120890	      0.84143010	      0.08536013	    -23.30160107	      1.41320523	    -18.70248619	   -123.89676459	    -30.71483128	      5.86122645	      0.00000000	    -23.45649518	     14.48594014	      5.43720710	    -28.14795018	     18.43645064	      2.92451196	      0.00000000	    -38.91169568	     -0.64489026	      0.66296568
      6.81666700	     32.16059818	     -1.87705671	      4.55845968	     48.18781537	      0.84938108	      0.08653930	    -16.32226039	      4.61357141	    -14.76603049	   -123.81488809	    -25.31763598	      5.81801978	      0.00000000	    -31.27243536	     11.16564839	      1.41794251	    -29.44222276	     13.44002692	      7.72878671	      0.00000000	    -39.51564725	      0.34793240	     -0.44022332
      6.83333300	     32.88166019	     -4.32677711	      2.18985436	     48.32540530	      0.86349131	      0.08961815	     -7.74564926	      9.27398983	     -9.52826689	   -120.15004924	    -23.62275456	      3.43307830	      0.00000000	    -38.73077965	      6.95155977	     -6.99122426	    -28.63179568	      3.86691347	     22.62771390	      0.00000000	    -39.27766496	      1.30445789	     -1.62118983
      6.85000000	     32.12437749	     -5.62240487	     -0.29278609	     48.46229371	      0.87372575	      0.09120985	      1.11184274	     13.09737603	     -5.13784695	   -114.51028813	    -25.21690192	     -0.85362695	      0.00000000	    -44.09654983	      5.09393192	    -12.09543171	    -28.03942323	     -8.33220545	     36.49195094	      0.00000000	    -37.77840320	      1.51926462	     -3.05773733
      6.86666700	     31.96094352	     -6.59939823	     -2.48994546	     48.59893989	      0.88101471	      0.09046522	      7.73418361	     16.72227621	     -1.60102772	   -106.97315954	    -24.62345614	     -7.71924718	      0.00000000	    -50.21249553	      4.29366857	    -14.86553667	    -24.75625278	    -23.95665267	     32.96169374	      0.00000000	    -36.78843838	      2.03419157	     -4.98089980
      6.88333300	     31.70802386	     -7.41215301	     -4.64440418	     48.73427396	      0.88800181	      0.08872982	     12.79935867	     19.95278640	      2.12140427	    -96.80515962	    -25.97897907	    -16.19483896	      0.00000000	    -55.87092073	      4.46352827	    -14.53440605	    -21.08232463	    -38.06949106	     28.23086212	      0.00000000	    -35.94985211	      2.66306679	     -6.89352179
      6.90000000	     31.10634792	     -7.62896133	     -6.28578522	     48.86725267	      0.89201402	      0.08666250	     15.85936027	     21.57194034	      5.44480150	    -84.94152413	    -29.55179129	    -21.23983118	      0.00000000	    -59.07029616	      5.02368987	    -12.80877537	    -21.68474304	    -47.42988648	     27.34892994	      0.00000000	    -35.08193803	      2.86104381	     -8.34577324
      6.91666700	     30.82589555	     -7.36665711	     -7.18535335	     48.99510828	      0.89489968	      0.08316723	     16.36686274	     20.82833355	      7.28674004	    -71.08123058	    -29.46906303	    -18.57619047	      0.00000000	    -59.26719736	      6.29432891	     -9.59652717	    -29.46858661	    -49.54012582	     29.61316010	      0.00000000	    -35.28714436	      3.01452505	     -8.26770585
      6.93333300	     30.44901982	     -7.31916112	     -7.66722116	     49.12041977	      0.89498316	      0.08028007	     14.98633843	     19.52915245	      7.68324432	    -55.38016434	    -27.30569588	    -10.60900636	      0.00000000	    -57.48299506	      7.30363330	     -7.93508409	    -41.50529509	    -48.75774847	     32.72266328	      0.00000000	    -35.82063195	      3.35865176	     -7.52775605
      6.95000000	     30.38199686	     -7.21633862	     -7.93525871	     49.24605830	      0.89462563	      0.07714924	     11.30344719	     18.46566300	      7.80238664	    -40.62621993	    -28.29498274	     -4.42686445	      0.00000000	    -55.45855277	      7.54719389	     -8.13971810	    -52.96498592	    -47.90884603	     34.63618327	      0.00000000	    -36.76097319	      3.64887921	     -6.57207732
      6.96666700	     30.14286712	     -7.32724906	     -8.56002231	     49.37537865	      0.89404058	      0.07427426	      4.69543692	     18.84176834	     11.55567569	    -26.95080718	    -32.86466310	     -5.11895752	      0.00000000	    -53.43062573	      6.68292788	    -10.95883577	    -62.47713774	    -47.05590813	     34.29878689	      0.00000000	    -37.17039626	      4.11158843	     -6.00341475
      6.98333300	     29.86428654	     -6.80683944	     -9.24537408	     49.50623004	      0.89191329	      0.06942769	     -3.69339722	     18.19177679	     17.14979058	    -14.09636112	    -36.27562241	     -8.96776217	      0.00000000	    -50.54646353	      5.91102245	    -13.95005312	    -71.95003919	    -45.29773991	     32.21775968	      0.00000000	    -37.39399739	      4.12941917	     -5.54900276
      7.00000000	     29.72474828	     -5.55452437	     -9.52917306	     49.63599211	      0.88782226	      0.06507744	    -10.59112620	     16.40781937	     17.31523280	     -4.74103200	    -35.51616708	    -10.03851624	      0.00000000	    -46.66544034	      5.31979161	    -15.87256100	    -81.42365359	    -42.46023014	     27.88439736	      0.00000000	    -37.39195970	      3.64508898	     -5.43266585
      7.01666700	     30.81386311	     -4.16542082	     -9.25948669	     49.76566863	      0.88348173	      0.06135340	    -16.22100738	     15.48360897	     14.95492142	     -0.73769317	    -29.05172922	     -7.96887785	      0.00000000	    -43.14569981	      4.58332294	    -16.99704385	    -90.59212182	    -37.75154353	     22.93626348	      0.00000000	    -38.23861559	      2.99543878	     -5.29909853
      7.03333300	     32.10487914	     -2.13835332	     -8.01187839	     49.89379925	      0.87850609	      0.05809209	    -20.48566114	     15.10708776	     13.87830733	     -0.91675271	    -18.60612175	     -7.72088912	      0.00000000	    -38.47456063	      3.91996417	    -16.85913575	    -99.42011652	    -32.87750818	     17.25382644	      0.00000000	    -39.07957304	      2.13450997	     -5.99275623
      7.05000000	     32.98356454	     -0.86784381	     -7.46517190	     50.02193156	      0.87322417	      0.05613904	    -24.34514514	     15.56072145	     16.17606985	     -4.24396459	     -7.82833296	    -10.55241507	      0.00000000	    -32.96992775	      3.51095109	    -16.98145641	   -106.28863512	    -27.90932876	     14.13829160	      0.00000000	    -39.71647849	      1.67745369	     -5.49440793
      7.06666700	     33.84508553	      0.17562615	     -6.56162192	     50.15016446	      0.86748574	      0.05489741	    -28.20033472	     16.96012755	     20.49061805	    -12.31990348	      4.04527292	    -16.51174607	      0.00000000	    -26.61792261	      3.59336073	    -15.66758548	   -110.65405838	    -24.24196712	     14.48799891	      0.00000000	    -40.63599088	      1.29294172	     -3.93587312
      7.08333300	     34.62899171	      1.38225157	     -5.56091947	     50.27997291	      0.86023964	      0.05296090	    -32.35675908	     17.75284055	     19.48821834	    -22.48560399	     15.86945925	    -13.68727956	      0.00000000	    -19.61686764	      4.73105847	    -13.51297243	   -112.77794452	    -21.46834421	     16.54975771	      0.00000000	    -41.25628836	      0.73693154	     -2.13980439
      7.10000000	     34.38163236	      2.57919873	     -4.45425236	     50.40637112	      0.85664219	      0.04935416	    -35.38988899	     16.88607078	     14.79565880	    -30.27955713	     19.34478168	     -6.22428491	      0.00000000	    -10.90793966	      6.52130630	    -11.40621702	   -112.91926052	    -18.58533224	     19.76642085	      0.00000000	    -41.02334676	      0.43476726	     -0.62031114
      7.11666700	     33.58670919	      4.44247508	     -2.67310283	     50.53234354	      0.86193541	      0.04387440	    -39.52711236	     14.34243023	      8.85649507	    -32.07213455	      8.04428892	     -2.00702034	      0.00000000	     -1.14026023	      9.89551163	     -8.72410425	   -110.41653095	    -12.80564235	     21.54690705	      0.00000000	    -39.79265293	     -0.23233395	      0.33825677
      7.13333300	     32.82137038	      6.37371000	     -0.69486543	     50.65758115	      0.87143454	      0.03504687	    -44.94268829	     11.01865339	      0.57367230	    -30.85344564	    -10.92124346	     10.06081381	      0.00000000	      8.36787597	     14.56096659	     -6.20639608	   -104.70728919	    -10.55523802	     19.01440416	      0.00000000	    -38.41304159	     -0.69795798	      1.36630258
      7.15000000	     31.10113526	      7.09348957	      0.88435224	     50.78366860	      0.87841410	      0.02971458	    -48.61922165	      9.82675559	     -3.69745404	    -30.38436842	    -27.07955594	     17.27517626	      0.00000000	     16.61236000	     17.37600497	     -4.02652427	    -96.53514445	    -11.99862674	     15.45950709	      0.00000000	    -36.23033893	     -0.62321741	      3.43235696
      7.16666700	     30.15365485	      7.88032923	      2.42255486	     50.91147075	      0.88278719	      0.02669929	    -52.26808344	      9.98569127	     -4.31667995	    -30.18522920	    -34.33693071	     11.36747715	      0.00000000	     20.84324183	     19.67207529	     -1.73952545	    -85.55624909	    -10.67521050	     10.56382837	      0.00000000	    -34.78322606	     -0.95048100	      5.60563474
      7.18333300	     28.65163532	      8.07920350	      4.32853534	     51.03898695	      0.88619467	      0.02581739	    -54.21771957	     11.33170542	     -3.30201978	    -31.11300095	    -37.26119422	      1.14506592	      0.00000000	     23.24175509	     20.91887850	      1.22802225	    -72.36968180	    -10.50724537	      3.76336568	      0.00000000	    -33.02754551	     -0.86663492	      7.96059966
      7.20000000	     27.94572315	      7.73501043	      5.33854024	     51.16511350	      0.88846848	      0.02533334	    -55.31717102	     12.13826905	     -3.34937671	    -34.52514908	    -39.44194237	     -4.70151656	      0.00000000	     22.98200514	     21.12879260	      3.91657559	    -59.10968044	    -13.17779407	      0.20470478	      0.00000000	    -32.35675214	     -0.76161548	     10.29629560
      7.21666700	     27.34118063	      7.56523322	      5.88524987	     51.29025265	      0.89159075	      0.02354688	    -54.41381182	     11.66218302	     -6.11543638	    -41.76023863	    -39.92730046	     -1.42887515	      0.00000000	     20.35644433	     21.50442039	      7.29276105	    -45.44129844	    -15.17868112	      3.51942515	      0.00000000	    -32.26010953	     -0.89115248	     10.85141803
      7.23333300	     26.59579206	      7.12255977	      6.29027945	     51.41455603	      0.89325694	      0.02181456	    -51.80188505	     10.76308759	     -9.50240830	    -51.36026368	    -40.75138924	      3.75718101	      0.00000000	     16.23416723	     21.04289304	     10.72101160	    -31.45136534	    -15.96055920	     10.75265730	      0.00000000	    -32.38081426	     -1.01422017	     10.83315831
      7.25000000	     27.08652639	      6.98440101	      6.32074865	     51.53893404	      0.89378557	      0.02010808	    -49.82540450	      9.32404356	    -12.66539495	    -61.13168300	    -41.21847675	      6.79091862	      0.00000000	     10.30465724	     20.35336355	     11.75718131	    -19.36675737	    -19.19794839	     14.85060782	      0.00000000	    -33.49268941	     -1.31617688	     10.25318616
      7.26666700	     27.81374951	      6.65916475	      6.64617107	     51.66481358	      0.89202900	      0.01660031	    -47.50902946	      7.90639765	    -15.80656640	    -70.11800206	    -40.68118208	      7.13655022	      0.00000000	      4.46903872	     19.46944013	      8.91211932	    -11.73551783	    -25.90792368	     16.65322088	      0.00000000	    -34.27793353	     -1.37004287	      9.33609608
      7.28333300	     29.38498230	      6.45446428	      6.68117425	     51.78898631	      0.88899794	      0.01227060	    -45.15345341	      6.13767986	    -18.60865857	    -79.12188106	    -39.63185938	      5.94841502	      0.00000000	     -2.18879270	     19.05834261	      4.73501937	     -7.51172958	    -31.66959496	     17.68026415	      0.00000000	    -35.76999644	     -1.33365948	      7.94111497
      7.30000000	     31.34587750	      6.26268688	      6.35377614	     51.91648781	      0.88490960	      0.00824895	    -42.81635848	      4.44179529	    -20.26009725	    -87.04590616	    -37.77593652	      4.48607752	      0.00000000	     -9.32856737	     19.10900086	      2.53998022	     -6.45393360	    -29.26201204	     16.22989564	      0.00000000	    -37.29638755	     -1.53829211	      6.13114771
      7.31666700	     33.10687771	      4.76983877	      5.11102692	     52.04630470	      0.87582143	      0.00784149	    -39.24862751	      3.68909245	    -20.16065246	    -94.53497738	    -34.48232921	      1.36930338	      0.00000000	    -15.20560355	     18.66232557	      5.51982616	    -11.06235101	    -10.96749255	     11.50495719	      0.00000000	    -38.26273700	     -1.28473054	      5.17486069
      7.33333300	     34.43673733	      2.72475295	      4.42429655	     52.17710138	      0.86498476	      0.00862329	    -34.22903594	      4.59151457	    -19.81374794	   -100.95620540	    -30.66144119	     -1.83196821	      0.00000000	    -20.55597478	     17.50590909	      6.95309543	    -18.31768918	      8.62677798	      9.62355509	      0.00000000	    -38.62034903	     -0.46454864	      3.18185393
      7.35000000	     35.72645814	      0.45941126	      2.84365574	     52.30685393	      0.86048943	      0.01116833	    -28.72663269	      5.90198219	    -18.07902169	   -104.82098559	    -26.77790500	     -3.06493777	      0.00000000	    -26.29575503	     15.86253114	      5.40774256	    -23.65368649	     20.14093964	     11.71225193	      0.00000000	    -38.99395160	      0.20300252	      2.25504966
      7.36666700	     36.93542756	     -1.87688622	      1.36486821	     52.43456897	      0.86714749	      0.01519467	    -22.59485195	      8.52748415	    -14.95906131	   -105.06894237	    -22.03428457	     -0.67203715	      0.00000000	    -33.08139028	     14.08354136	      4.38552674	    -26.00535089	     20.11508959	     11.66768651	      0.00000000	    -39.23444026	      1.23794368	      1.18135804
      7.38333300	     37.81570872	     -4.17797652	     -0.61249734	     52.56184842	      0.87914727	      0.02022193	    -16.03825829	     12.19196610	    -10.69763177	   -102.33825915	    -20.25690089	      0.79694689	      0.00000000	    -40.35638008	     12.34547608	      1.12262848	    -26.38067021	     14.10835489	     15.68483891	      0.00000000	    -39.22976785	      2.22890505	      0.67712384
      7.40000000	     37.32165994	     -6.43411340	     -2.72578886	     52.68717320	      0.88955675	      0.02370462	     -8.74577531	     16.23608583	     -6.99989246	    -97.75322496	    -20.65099384	      0.19945330	      0.00000000	    -45.64435995	     10.74015958	     -3.20502077	    -26.44040636	      5.57029361	     23.06024755	      0.00000000	    -38.14367005	      3.39089119	      0.00647376
      7.41666700	     36.56290685	     -7.25240509	     -4.76846226	     52.81219199	      0.89770027	      0.02454588	     -2.58791557	     18.84441798	     -4.09277011	    -91.53456533	    -19.93994514	     -4.26697806	      0.00000000	    -51.18071368	      9.87268554	     -8.49095772	    -23.46779732	     -9.96739697	     24.65027668	      0.00000000	    -37.01256928	      3.50041453	     -2.30957129
      7.43333300	     35.63130370	     -8.01686443	     -6.29286486	     52.93720574	      0.90658861	      0.02484560	      2.46513041	     21.39373480	     -1.65537388	    -82.88585898	    -21.49289085	    -10.99390020	      0.00000000	    -56.75634035	      8.72467049	    -12.98087859	    -19.21990656	    -28.43160995	     29.91208686	      0.00000000	    -35.83610306	      3.96702152	     -4.93167451
      7.45000000	     34.35073222	     -8.53482853	     -7.38622828	     53.06162573	      0.91134488	      0.02353530	      6.25971548	     22.88217905	      0.57581879	    -72.95111672	    -24.30566668	    -15.01693112	      0.00000000	    -60.00387447	      8.33161420	    -15.58110356	    -18.46405233	    -42.01445294	     32.29323619	      0.00000000	    -34.23652595	      4.65685154	     -7.07271619
      7.46666700	     33.93068222	     -8.34886070	     -7.26214492	     53.18427115	      0.91415264	      0.02295461	      7.42658437	     23.06515410	      2.21405875	    -61.25901022	    -23.48580919	    -13.14772372	      0.00000000	    -60.85222611	      8.37116761	    -13.17378381	    -24.22772068	    -44.09166960	     29.00587190	      0.00000000	    -33.62384424	      4.56893514	     -8.61295345
      7.48333300	     34.23011499	     -8.67716610	     -5.75180068	     53.30734945	      0.91539028	      0.02189282	      5.98186301	     23.27986256	      2.97046586	    -47.26924379	    -21.26188650	     -8.75179175	      0.00000000	    -60.69417577	      7.28465305	    -10.77274197	    -33.66061437	    -41.37316520	     22.51444421	      0.00000000	    -33.74363644	      5.38670484	    -10.09811167
      7.50000000	     34.01943583	     -8.46604593	     -5.22157080	     53.42863488	      0.91478357	      0.02137241	      3.87499703	     23.14273568	      5.12496268	    -34.55414705	    -22.55603111	     -5.79855336	      0.00000000	    -59.10732429	      7.23559731	     -9.43344183	    -43.30832583	    -38.41166940	     18.69781668	      0.00000000	    -33.79369124	      5.49188098	    -10.32329730
      7.51666700	     33.97195124	     -8.28614337	     -5.54875319	     53.54953074	      0.91308783	      0.02138028	     -0.03595415	     23.37308225	      9.91233584	    -23.60899451	    -25.75430495	     -4.33711354	      0.00000000	    -57.11640646	      7.06991253	    -10.65879288	    -52.62865544	    -36.99325354	     20.47985924	      0.00000000	    -34.36766275	      5.26421386	     -9.68094110
      7.53333300	     33.58640172	     -8.26301196	     -6.09753485	     53.67059865	      0.91048550	      0.02159455	     -4.89638626	     23.51115221	     15.40941267	    -13.34561140	    -29.06557086	     -4.65987829	      0.00000000	    -54.11487657	      6.29177395	    -12.94803183	    -62.27292540	    -35.55848318	     24.53729933	      0.00000000	    -34.78830923	      5.23162585	     -8.42921806
      7.55000000	     33.43964021	     -7.83406974	     -6.52680169	     53.79148239	      0.90489830	      0.02085449	     -9.51778768	     22.82044372	     17.94925808	     -5.92065027	    -30.94851942	     -4.58377794	      0.00000000	    -50.71485081	      5.90865763	    -14.58811936	    -71.44250072	    -32.93691293	     26.12604265	      0.00000000	    -35.28351407	      4.87839288	     -7.54580269
      7.56666700	     33.77953673	     -6.53116360	     -6.31322680	     53.91231442	      0.89636376	      0.01957892	    -13.55044772	     21.40459808	     16.25338475	     -1.84524045	    -32.23304602	     -3.84785250	      0.00000000	    -47.04539044	      5.14585239	    -16.18872881	    -79.85229602	    -30.12889660	     22.66019080	      0.00000000	    -35.86622651	      4.05789248	     -7.81001702
      7.58333300	     34.58722449	     -4.96577143	     -5.21119121	     54.03456011	      0.88576151	      0.01913824	    -17.80962485	     20.34600457	     14.11634497	     -0.36291300	    -31.69269822	     -4.51653527	      0.00000000	    -43.36213118	      3.70673619	    -17.36795301	    -87.33947390	    -26.87893296	     16.82456902	      0.00000000	    -36.57394262	      3.15222763	     -9.04736802
      7.60000000	     35.12748105	     -3.66291786	     -4.37513184	     54.15575728	      0.87692912	      0.01886911	    -21.63612189	     19.96325104	     14.71572510	     -2.38681247	    -25.46401946	     -6.95296652	      0.00000000	    -38.62817387	      2.82208210	    -17.89210491	    -93.51849791	    -23.66976417	     12.92915030	      0.00000000	    -37.15612746	      2.47400096	     -8.76669720
      7.61666700	     35.64721237	     -2.77508496	     -3.79280770	     54.27664188	      0.86975278	      0.01894220	    -24.96352860	     20.79742542	     18.35209737	    -10.12303485	    -10.22878585	    -10.66982504	      0.00000000	    -32.88264061	      2.63047440	    -16.95816041	    -98.39176080	    -21.17297625	     13.47587067	      0.00000000	    -37.89472792	      2.09444532	     -6.55224334
      7.63333300	     36.91780723	     -2.15511126	     -3.10818265	     54.39716733	      0.86466809	      0.01827230	    -29.38726312	     21.58458850	     16.79903950	    -20.17737061	      7.29173183	     -6.72720385	      0.00000000	    -27.33037096	      2.99761195	    -15.25575071	   -101.40333210	    -18.98736203	     15.59862701	      0.00000000	    -39.47166079	      1.99971869	     -3.20059666
      7.65000000	     36.90949950	     -0.79782998	     -2.10037720	     54.51620983	      0.86359641	      0.01535880	    -32.51283856	     20.52888644	     12.15683000	    -28.18341822	     15.69309012	     -0.18753773	      0.00000000	    -19.86555880	      4.52337849	    -12.80255712	   -102.40127747	    -16.35732003	     18.49614994	      0.00000000	    -39.52017308	      1.67444970	     -1.06197941
      7.66666700	     36.69073863	      0.88249841	     -1.07415239	     54.63411329	      0.87055979	      0.01009193	    -37.30417700	     17.72053655	      6.95785098	    -30.75609498	      9.65948069	      3.76493885	      0.00000000	    -12.01379503	      7.29607121	    -10.27280494	   -100.74405366	    -11.06774975	     19.98089943	      0.00000000	    -39.12314830	      0.91388193	     -0.92291219
      7.68333300	     35.07566801	      2.92539225	      0.05649222	     54.75040436	      0.88095004	      0.00237334	    -41.31978398	     14.23983736	      0.68363835	    -31.06581004	     -5.07340994	     10.81992645	      0.00000000	     -2.46038227	     11.74663973	     -7.38205254	    -96.17213281	     -8.63348371	     18.32522955	      0.00000000	    -37.23818859	     -0.07491183	     -1.40123383
      7.70000000	     33.98633502	      4.36688161	      1.21568539	     54.86829146	      0.89051686	     -0.00358140	    -45.88181145	     11.97108395	     -3.93562830	    -30.69864218	    -18.14075484	     16.84377181	      0.00000000	      4.26601080	     15.47428347	     -4.58886368	    -88.91136295	     -8.57597070	     15.12847560	      0.00000000	    -35.81135667	     -0.78118958	     -0.42010934
      7.71666700	     32.48206141	      4.77926334	      2.69193511	     54.98624536	      0.89604351	     -0.00658700	    -49.35123695	     11.81829000	     -5.33102447	    -29.78065333	    -27.28214391	     10.18839966	      0.00000000	      9.04018069	     17.21647836	     -1.89928286	    -79.25839747	     -8.10792973	      9.73574607	      0.00000000	    -34.22389503	     -0.53765418	      2.82779548
      7.73333300	     30.81199452	      5.25348268	      4.54969154	     55.10485686	      0.90027127	     -0.00860517	    -52.26430185	     12.42427344	     -5.37858062	    -28.29599792	    -34.11751447	      1.57632923	      0.00000000	     11.80888366	     18.62685193	      1.05329546	    -67.02616367	     -9.03564168	      2.25639294	      0.00000000	    -32.52810391	     -0.37089469	      6.94052128
      7.75000000	     29.13900950	      4.93214224	      5.47450955	     55.22195267	      0.90167114	     -0.00974971	    -53.44830687	     12.76372311	     -5.41721702	    -29.64976938	    -38.79807517	     -2.91061876	      0.00000000	     13.27292023	     18.95958252	      3.77257120	    -54.51977842	    -12.74467411	     -2.37415369	      0.00000000	    -30.99078498	     -0.13755892	      9.78068778
      7.76666700	     28.55047552	      4.50626243	      4.43038851	     55.33873646	      0.90185375	     -0.00940949	    -54.11550233	     11.66817852	     -5.68723494	    -34.52198305	    -39.84752229	     -2.57166419	      0.00000000	     12.13806488	     18.34622027	      5.19981136	    -41.36720276	    -14.76458780	      0.30033567	      0.00000000	    -30.85705788	     -0.66075813	      9.60177687
      7.78333300	     27.72812048	      3.80797833	      2.67937558	     55.45477407	      0.90031009	     -0.00768152	    -52.73447947	     10.20433119	     -5.80448607	    -42.17381999	    -40.36312665	     -1.41788915	      0.00000000	      9.89574620	     16.70611119	      5.27554585	    -27.36776015	    -15.59798800	      7.84015266	      0.00000000	    -30.66292760	     -1.44914543	      7.97946601
      7.80000000	     28.07271879	      3.25081611	      1.49409692	     55.57102225	      0.89831671	     -0.00819989	    -51.90794789	      8.73745869	     -7.03819899	    -49.79035846	    -40.34889250	     -0.60207934	      0.00000000	      5.71547700	     15.45124591	      4.89125487	    -15.28621407	    -18.99280890	     13.94943952	      0.00000000	    -31.59904554	     -1.95304965	      6.71840526
      7.81666700	     28.55241692	      2.95049700	      1.23699918	     55.68646570	      0.89421983	     -0.01170870	    -50.38515543	      7.35436955	     -9.60832551	    -57.73309599	    -39.42075645	      1.01833983	      0.00000000	      1.63570583	     15.09033063	      2.95791856	     -6.70853863	    -25.73208159	     18.19410623	      0.00000000	    -32.40682625	     -1.85297615	      6.80352942
      7.83333300	     29.71128767	      3.07994116	      1.35194015	     55.80247165	      0.89035627	     -0.01687969	    -48.81429910	      5.63918069	    -12.89537917	    -65.91896995	    -38.86302099	      0.94314910	      0.00000000	     -3.60128824	     15.69687031	      1.57869074	     -0.84614238	    -31.42025179	     21.30900440	      0.00000000	    -33.87662297	     -1.97827103	      7.38901082
      7.85000000	     31.21340856	      2.49630526	      1.41523050	     55.91877241	      0.88452393	     -0.02135358	    -46.88767293	      4.68347877	    -14.87916961	    -73.64032425	    -37.59963490	      0.04530429	      0.00000000	     -8.69164927	     15.81067386	      1.63546836	      0.39414271	    -28.56529706	     22.41172435	      0.00000000	    -35.50372938	     -1.43892279	      7.30919359
      7.86666700	     31.84896795	      1.60136656	      1.33341194	     56.03725366	      0.87259271	     -0.02437027	    -43.21510979	      4.29465822	    -16.09831657	    -81.23033473	    -35.76641013	     -3.53923836	      0.00000000	    -12.15554787	     16.37214748	      6.10840360	     -4.40520613	    -13.71330130	     13.05754357	      0.00000000	    -35.92808121	     -1.09013470	      6.35775743
      7.88333300	     32.98113060	      0.16557090	      1.25326065	     56.15637851	      0.85883227	     -0.02537937	    -39.40307769	      4.71595526	    -16.82558314	    -87.94791165	    -32.77319728	     -7.05090983	      0.00000000	    -15.95833545	     16.85541987	      8.84430218	    -12.82477274	      2.81844496	      2.98624568	      0.00000000	    -36.58944847	     -0.41881538	      4.99709937
      7.90000000	     34.36426356	     -1.26250954	      0.51828985	     56.27403902	      0.85297732	     -0.02408306	    -35.38097675	      5.57951127	    -16.15881522	    -92.44723538	    -29.33313978	     -8.99027482	      0.00000000	    -20.39498971	     16.61531385	      7.19145312	    -20.23362922	     14.16959287	      2.01367772	      0.00000000	    -37.62788986	     -0.03526094	      4.11768428
      7.91666700	     35.40756273	     -2.61957591	     -0.12765573	     56.38936552	      0.85879369	     -0.02096060	    -30.34507276	      8.02750172	    -13.31597473	    -93.87120628	    -25.56485630	     -6.20590919	      0.00000000	    -25.09439751	     15.65840374	      5.02947700	    -26.13868347	     19.56630127	      5.65350560	      0.00000000	    -38.45984780	      0.56457297	      2.90218421
      7.93333300	     36.12541354	     -4.00595399	     -1.34303655	     56.50293643	      0.87123685	     -0.01591139	    -24.62012086	     11.10392638	     -9.25409129	    -92.80484547	    -23.17663259	     -2.63745798	      0.00000000	    -29.93320279	     14.07689007	      1.42942043	    -31.12476796	     19.83900490	     12.64297531	      0.00000000	    -39.07671808	      1.05156845	      2.01841415
      7.95000000	     36.84675932	     -5.33095016	     -2.60085573	     56.61576927	      0.88470130	     -0.01140528	    -19.58320286	     14.74368281	     -5.57616430	    -89.64397936	    -22.49619016	     -2.76865866	      0.00000000	    -35.59512294	     12.03960569	     -2.57877321	    -32.93704557	     14.43796132	     20.08283262	      0.00000000	    -39.72715047	      1.48712266	      1.03218934
      7.96666700	     36.69241331	     -7.04946134	     -4.40913612	     56.72640510	      0.89825248	     -0.00902316	    -14.41605193	     18.44568300	     -2.25467850	    -84.90012929	    -20.68289986	     -7.13817415	      0.00000000	    -41.14944734	      9.49044082	     -8.27041216	    -30.35490567	      1.29706597	     27.99440597	      0.00000000	    -39.80515303	      2.32207400	      0.29647801
      7.98333300	     36.22220928	     -8.53975790	     -6.50323077	     56.83700314	      0.91248756	     -0.00758249	     -9.74105839	     21.74419196	      1.55990229	    -78.25150390	    -20.92271423	    -12.48507938	      0.00000000	    -47.42982144	      7.25362538	    -16.64705716	    -24.55852472	    -20.08897112	     37.84172540	      0.00000000	    -39.58480415	      3.01421876	     -0.96798683
      8.00000000	     35.47090918	     -9.37218317	     -7.60197652	     56.94752289	      0.92237516	     -0.00729441	     -5.83865858	     23.86949471	      4.12962805	    -70.37795437	    -22.40128492	    -16.29515236	      0.00000000	    -52.26829508	      6.21152292	    -22.19567015	    -20.62533020	    -38.01801285	     38.86028896	      0.00000000	    -38.93644511	      3.54164190	     -2.81673097
      8.01666700	     34.16780816	     -9.54937976	     -8.10229937	     57.06121787	      0.92554071	     -0.00731938	     -2.82179925	     24.65256749	      5.51762839	    -60.73982749	    -22.82655089	    -17.52834063	      0.00000000	    -54.53258729	      7.03889321	    -19.02514841	    -21.02702644	    -38.62412224	     27.51280529	      0.00000000	    -37.25622865	      3.86069188	     -5.04081478
      8.03333300	     33.37072369	     -9.46249713	     -7.44797447	     57.17527425	      0.92553031	     -0.00847819	     -1.66531427	     24.59368633	      5.27013214	    -49.04119251	    -23.59716028	    -19.15611841	      0.00000000	    -56.08181176	      7.80807376	    -12.26228018	    -24.02061939	    -34.02672707	     11.46986058	      0.00000000	    -35.89848521	      4.22856878	     -8.02830257
      8.05000000	     32.23368559	     -9.11174998	     -7.48310081	     57.28826028	      0.92382831	     -0.00877939	     -1.11182892	     24.32931071	      5.96714665	    -38.13739151	    -25.51012727	    -17.54753087	      0.00000000	    -56.22835206	      8.56978571	     -8.16306319	    -28.36764420	    -32.29404038	      2.58051612	      0.00000000	    -34.55208993	      4.15647351	     -9.02418600
      8.06666700	     32.08790218	     -9.00078120	     -7.03733721	     57.39834766	      0.92319132	     -0.01041536	     -2.72926768	     24.54338829	      8.56412678	    -27.48472771	    -27.49817114	    -12.51821901	      0.00000000	    -56.12180352	      7.52834176	     -9.50470903	    -34.96153954	    -31.30307628	      4.63025586	      0.00000000	    -34.80222711	      4.63560745	     -8.08590642
      8.08333300	     31.91937901	     -8.29604503	     -6.72185924	     57.50697296	      0.92177799	     -0.01165457	     -4.97865206	     24.10034772	     12.58293106	    -17.50442117	    -28.55256997	     -6.07254482	      0.00000000	    -54.74238272	      6.16773470	    -11.98269974	    -43.27697868	    -30.49512968	     10.65383878	      0.00000000	    -35.35966779	      4.43660659	     -5.67684059
      8.10000000	     32.03386303	     -8.09349435	     -6.70559143	     57.61647654	      0.91762210	     -0.01242655	     -8.22234656	     23.97070832	     15.93583243	     -9.17644220	    -30.92677846	     -3.19248816	      0.00000000	    -53.36399987	      4.89695116	    -14.52347220	    -51.30658455	    -30.13428548	     13.34314522	      0.00000000	    -36.19347418	      4.44063317	     -3.49368360
      8.11666700	     31.77717457	     -7.20000101	     -6.56897403	     57.72707737	      0.91054079	     -0.01231530	    -11.10653946	     23.34095828	     15.28150250	     -3.15521248	    -35.28823681	     -2.44885939	      0.00000000	    -50.66558486	      4.28231043	    -15.50066705	    -59.23315002	    -28.76428614	     14.10015531	      0.00000000	    -36.22874262	      3.90820508	     -3.87102880
      8.13333300	     32.13723179	     -6.52076068	     -6.08309539	     57.83839149	      0.90109660	     -0.01224113	    -15.11254613	     23.20815339	     11.58083744	      1.07882095	    -38.73492134	     -0.93748221	      0.00000000	    -48.19154732	      3.44505604	    -16.36496268	    -66.98904378	    -26.27193640	     14.03468887	      0.00000000	    -36.85807042	      3.53427195	     -5.37103235
      8.15000000	     32.19645373	     -5.34018393	     -5.45536122	     57.94958823	      0.89094516	     -0.01237807	    -18.45899312	     22.90552676	     10.58710020	      2.02762045	    -35.53346631	     -2.44237301	      0.00000000	    -44.47276117	      2.85213038	    -16.50400013	    -74.45914065	    -23.90317320	     12.75009511	      0.00000000	    -37.07059330	      2.81895763	     -6.29689105
      8.16666700	     32.96495475	     -3.68019106	     -3.90417411	     58.06137780	      0.87706909	     -0.01515512	    -21.58037995	     22.60789144	     14.69603066	     -1.97533717	    -22.24914696	    -10.38695466	      0.00000000	    -40.83850733	      2.21242972	    -15.78518588	    -81.35183027	    -21.92040633	      8.87271395	      0.00000000	    -37.85237128	      2.22109886	     -6.34494311
      8.18333300	     33.49813039	     -1.75799397	     -2.03167911	     58.17235647	      0.86182567	     -0.01795441	    -24.27080078	     22.84640215	     19.33534901	     -8.78824781	     -6.85669854	    -18.79162503	      0.00000000	    -36.06979390	      1.82139490	    -14.58561026	    -87.91635126	    -19.26033915	      4.23190219	      0.00000000	    -38.37878125	      1.53972172	     -6.13679061
      8.20000000	     34.62131091	     -0.22860082	     -0.56786299	     58.28255783	      0.85331984	     -0.02116562	    -28.28694522	     22.86635081	     18.34070974	    -14.73499624	      6.47198553	    -16.50888539	      0.00000000	    -31.70794048	      1.99548276	    -13.17091170	    -92.19057356	    -16.28150298	      2.27377181	      0.00000000	    -39.57792273	      1.23431266	     -5.05405658
      8.21666700	     34.68717768	      1.01056568	     -0.18803883	     58.39126379	      0.85489348	     -0.02390876	    -31.59411842	     21.89917031	     13.79109598	    -19.63591840	     13.05670139	     -9.00083232	      0.00000000	    -25.58639534	      3.76460015	    -10.93512214	    -93.74061161	    -12.74701680	      5.69344007	      0.00000000	    -39.74564865	      0.71807028	     -2.86118784
      8.23333300	     34.55136568	      1.90354111	     -0.42139805	     58.49888202	      0.86179247	     -0.02742924	    -34.92013816	     20.37545361	      9.73419170	    -24.77132487	     13.97604297	     -3.03492847	      0.00000000	    -18.82183360	      6.25067587	     -8.77860748	    -92.90407547	    -10.84694104	     10.30114961	      0.00000000	    -39.64089207	      0.25953611	     -0.19106155
      8.25000000	     34.19540288	      2.80352413	     -0.07965708	     58.60614738	      0.86968457	     -0.03134173	    -38.40972847	     18.57619922	      6.11262051	    -27.92758665	      9.39384196	      2.25402081	      0.00000000	    -12.34361409	      8.74036412	     -6.68999110	    -90.10820318	     -9.21342920	     12.59218908	      0.00000000	    -39.34165590	      0.01569006	      2.37262517
      8.26666700	     33.49869159	      4.49900577	      1.60272533	     58.71234271	      0.87909335	     -0.03648915	    -42.42014199	     15.76321860	     -0.70150085	    -26.44189774	     -4.95887942	      5.90598141	      0.00000000	     -6.21498731	     11.80665735	     -4.13099937	    -85.43014562	     -6.00810078	     10.76522573	      0.00000000	    -38.61026532	     -0.39087038	      3.56768042
      8.28333300	     32.72060863	      6.07973171	      3.59902334	     58.81900748	      0.88976831	     -0.04302162	    -47.04618478	     13.12062129	     -8.48098715	    -23.30480336	    -23.58189357	     15.32136589	      0.00000000	     -1.10899005	     14.97297043	     -1.72033694	    -78.24766993	     -5.26796983	      5.70535447	      0.00000000	    -37.61162290	     -0.63937787	      4.25265907
      8.30000000	     31.18322902	      7.23185380	      5.36377600	     58.92643087	      0.89702438	     -0.04766869	    -50.16208971	     12.05512762	    -13.20412007	    -21.38652560	    -37.95294549	     19.56787416	      0.00000000	      3.33366996	     17.41998581	      0.37420140	    -69.46001648	     -6.74864957	      1.80882268	      0.00000000	    -35.80688133	     -0.89151702	      5.23649299
      8.31666700	     29.87266664	      7.29604478	      5.92017324	     59.03490829	      0.89947632	     -0.05008623	    -52.19482713	     12.56217438	    -10.95026286	    -22.12682396	    -41.67090988	     10.96304340	      0.00000000	      5.68921292	     18.40026750	      1.95036506	    -58.33549418	     -7.24089856	      1.71938242	      0.00000000	    -34.08267184	     -0.87475029	      6.83154677
      8.33333300	     28.60841101	      7.24793886	      6.15894211	     59.14476231	      0.89834129	     -0.05158433	    -53.43724373	     13.45884375	     -6.69482091	    -24.42190318	    -41.31239647	     -4.18090072	      0.00000000	      6.54275582	     18.90909235	      3.26149266	    -45.57483146	     -7.94825657	      2.21465681	      0.00000000	    -32.18024995	     -0.88366621	      7.84925708
      8.35000000	     27.61731788	      7.11067124	      5.89940122	     59.25402750	      0.89623685	     -0.05228757	    -53.79436959	     13.59308337	     -4.42104137	    -28.39242705	    -41.13009943	    -14.38792388	      0.00000000	      6.14046752	     19.06512898	      4.63687458	    -33.19844112	    -11.96607640	      3.17692973	      0.00000000	    -30.85474811	     -1.21706625	      8.75823476
      8.36666700	     27.30307506	      6.62351975	      5.27529385	     59.35987698	      0.89386132	     -0.05276226	    -53.23445653	     12.48544333	     -6.61518347	    -34.59348564	    -40.34855166	    -14.13382582	      0.00000000	      4.43232823	     18.33319947	      5.64518726	    -21.86475082	    -16.61564914	      9.96276684	      0.00000000	    -30.82359138	     -1.15815194	      8.86135586
      8.38333300	     27.49726944	      5.96339878	      4.11575509	     59.46480818	      0.89032859	     -0.05230394	    -52.08588738	     10.70035171	     -9.28164717	    -42.52490714	    -39.19140113	    -11.24169214	      0.00000000	      1.40472642	     17.23174564	      5.64524387	    -11.04537325	    -20.72447697	     20.00816916	      0.00000000	    -31.57698072	     -1.35753201	      9.09474567
      8.40000000	     28.28229662	      5.42426566	      3.01654317	     59.57146811	      0.88547526	     -0.05351422	    -51.02182318	      8.59067557	    -11.63483298	    -50.44107717	    -37.56594075	     -8.13677042	      0.00000000	     -2.73718854	     16.69342016	      5.11626195	     -2.68437057	    -24.06455046	     25.37104515	      0.00000000	    -32.63395819	     -1.36650879	      8.58666609
      8.41666700	     29.48820424	      4.57013758	      2.44389908	     59.67908251	      0.87577070	     -0.05583403	    -49.84288577	      7.14653497	    -13.76732517	    -58.32728765	    -36.01809027	     -7.93287199	      0.00000000	     -6.44558064	     16.43769944	      5.65614682	     -0.04203910	    -22.05596325	     22.14683832	      0.00000000	    -33.61060498	     -0.99894056	      8.05098237
      8.43333300	     31.12402585	      3.04891839	      1.86577023	     59.78657211	      0.86502266	     -0.05712070	    -48.28481849	      6.51665779	    -14.97731542	    -66.02770643	    -34.72114390	     -8.58108582	      0.00000000	    -10.38486443	     15.64346309	      5.49270061	     -1.04845175	    -15.47751820	     16.89371568	      0.00000000	    -34.98864994	     -0.05962573	      7.71762505
      8.45000000	     32.71223352	      2.20099723	      1.67799508	     59.89236291	      0.85736368	     -0.05803832	    -45.92586452	      6.09826065	    -16.14439877	    -73.00573869	    -32.77420442	    -10.19633716	      0.00000000	    -14.20460397	     15.70847470	      6.31429402	     -4.89641961	     -5.99950964	     12.27262156	      0.00000000	    -36.45211610	      0.37905424	      6.59724542
      8.46666700	     33.72427178	      1.32910370	      0.93137338	     59.99545022	      0.85341208	     -0.05784732	    -41.93211833	      6.13372118	    -15.74255503	    -79.11565650	    -30.10347804	    -11.31762384	      0.00000000	    -17.21125129	     16.62459250	      9.45503840	    -12.97440804	      6.61059283	      6.64324417	      0.00000000	    -37.69749618	      0.39623862	      6.04791448
      8.48333300	     34.91393590	      0.27570017	      0.43994123	     60.09689044	      0.85303436	     -0.05595443	    -37.33222535	      7.46433511	    -14.72518582	    -83.98792553	    -27.26284039	    -12.43168094	      0.00000000	    -20.79742354	     17.34869260	     11.14335494	    -23.04919455	     17.57011536	      5.19569840	      0.00000000	    -39.22754191	      0.54575495	      5.18135290
      8.50000000	     35.65651555	     -1.07957256	     -0.03696056	     60.19878878	      0.85738592	     -0.05327872	    -32.17881625	      9.47349126	    -13.48545937	    -86.48262382	    -23.55181779	    -13.17289624	      0.00000000	    -24.59078568	     16.65809547	     10.47095188	    -30.37051730	     22.35481403	      7.80428318	      0.00000000	    -40.05500091	      0.99943157	      4.44569251
      8.51666700	     37.06281835	     -2.85193464	     -1.32565792	     60.30305668	      0.87026163	     -0.04909122	    -28.00578383	     12.05930487	    -10.05361428	    -85.87194776	    -18.76652402	    -11.28696393	      0.00000000	    -30.55881968	     14.38673091	      5.81819940	    -32.15614667	     20.48662680	     14.10249324	      0.00000000	    -40.94228572	      1.64403987	      4.03601774
      8.53333300	     36.93849094	     -4.99309103	     -3.02780063	     60.40745226	      0.88663868	     -0.04434092	    -22.17098504	     15.54298082	     -5.68734533	    -83.20890010	    -15.66549551	     -9.98151067	      0.00000000	    -35.28639061	     11.27338360	     -1.67316265	    -31.95663483	     13.23127046	     23.31603186	      0.00000000	    -40.18358726	      2.77399396	      3.70711548
      8.55000000	     37.23917092	     -6.37751142	     -3.96695050	     60.51232453	      0.90272913	     -0.04048566	    -17.94382138	     18.74188249	     -2.32267288	    -78.34129727	    -14.06334562	    -10.12766477	      0.00000000	    -41.03287569	      8.52269802	     -8.44499057	    -30.20899317	      1.90123598	     30.50338991	      0.00000000	    -39.80792831	      3.52699752	      2.01791768
      8.56666700	     36.27493328	     -7.00196669	     -5.06446892	     60.61532683	      0.91580870	     -0.03757158	    -13.46857543	     20.84459107	     -0.58811682	    -71.62282575	    -13.51011526	    -15.27377525	      0.00000000	    -45.79281279	      6.84577230	    -13.77110854	    -26.34421493	    -13.71569532	     32.69429591	      0.00000000	    -38.33760511	      3.61610863	     -1.00647502
      8.58333300	     35.76491435	     -7.57726912	     -5.72830209	     60.71729313	      0.92832239	     -0.03653261	    -10.49072678	     22.75212836	      0.76193077	    -62.95988975	    -15.00385816	    -22.52901255	      0.00000000	    -51.69357830	      5.71602781	    -17.66253209	    -20.23861374	    -31.64225955	     36.54548782	      0.00000000	    -37.47108982	      4.06878202	     -4.26809492
      8.60000000	     34.60442793	     -7.87697930	     -6.20814844	     60.81967978	      0.93663796	     -0.03447287	     -7.62546187	     23.98293714	      1.84120076	    -53.68157269	    -17.81251387	    -26.94150566	      0.00000000	    -55.32514113	      5.27619835	    -18.89525399	    -16.92357197	    -43.34324510	     36.24880962	      0.00000000	    -35.92773590	      4.33139511	     -6.47853603
      8.61666700	     33.75342189	     -7.66382606	     -5.73430358	     60.92049869	      0.94015164	     -0.03501473	     -5.40735165	     24.10670962	      2.29155514	    -44.18860974	    -19.13089407	    -24.18566158	      0.00000000	    -57.16147888	      5.33394346	    -16.23945570	    -18.10838300	    -41.54995461	     26.87734193	      0.00000000	    -34.91027749	      4.67164647	     -7.94474174
      8.63333300	     33.25385613	     -7.61988412	     -4.92656032	     61.02055611	      0.94077404	     -0.03538849	     -4.51966480	     23.84863877	      2.39759989	    -33.63480451	    -20.20855631	    -16.58872327	      0.00000000	    -57.96204851	      5.39180874	    -11.87536770	    -22.18266508	    -34.98544788	     13.43457234	      0.00000000	    -34.51048731	      5.15842880	     -8.09180935
      8.65000000	     32.59427225	     -6.99559980	     -4.34642230	     61.12057575	      0.93906339	     -0.03614172	     -4.26853536	     23.25952569	      3.52157255	    -23.99694963	    -23.14019114	    -11.10892011	      0.00000000	    -57.66013779	      5.64469918	     -9.30819512	    -27.45112787	    -30.93504100	      4.35212147	      0.00000000	    -33.83505237	      5.11416195	     -7.98872930
      8.66666700	     32.94000418	     -6.53891338	     -3.62173716	     61.22024823	      0.93706580	     -0.03563474	     -6.17932582	     23.38966678	      7.16868866	    -15.10541293	    -27.09576496	     -9.60073093	      0.00000000	    -57.63193043	      4.71246079	    -10.00260516	    -33.72414620	    -29.92997725	      4.59909371	      0.00000000	    -34.34984654	      5.12712627	     -7.18966046
      8.68333300	     32.88176523	     -6.04667734	     -3.48200817	     61.31863105	      0.93277726	     -0.03553458	     -8.30310654	     23.16392543	     10.60038469	     -7.21937943	    -29.79152943	     -8.27255736	      0.00000000	    -56.11879624	      3.84059847	    -11.50109367	    -41.72740637	    -29.24322996	      9.35647745	      0.00000000	    -34.65076996	      5.04270373	     -5.56000977
      8.70000000	     33.21187067	     -5.18022030	     -3.02049809	     61.41767284	      0.92693205	     -0.03441312	    -10.70367326	     22.60350958	     11.47571326	     -1.51516363	    -32.74234199	     -7.07624840	      0.00000000	    -54.41685317	      2.85011732	    -12.52719374	    -49.66068608	    -28.69158639	     11.73022798	      0.00000000	    -35.20525017	      4.56605319	     -5.26471840
      8.71666700	     33.46865297	     -4.43495308	     -2.73660408	     61.51721581	      0.91772835	     -0.03487822	    -12.92338030	     22.22109647	     10.33076840	      1.55380844	    -36.92384879	     -5.57781576	      0.00000000	    -52.33702696	      2.28580989	    -13.61564823	    -56.90875983	    -27.21760145	     11.73930606	      0.00000000	    -35.70541077	      4.11997472	     -5.88183480
      8.73333300	     34.10517652	     -3.66135241	     -2.38231705	     61.61731540	      0.90671393	     -0.03277865	    -15.53532956	     22.12357055	      9.07334102	      2.39758974	    -40.70656739	     -5.33832154	      0.00000000	    -50.15441837	      1.77797097	    -14.30322781	    -64.07606841	    -24.62248514	     10.97602943	      0.00000000	    -36.44709255	      3.50960708	     -6.99741347
      8.75000000	     34.39987234	     -2.68560916	     -1.94626049	     61.71678194	      0.89436138	     -0.03175432	    -17.48659241	     22.05712697	     10.83659081	      0.26331386	    -37.99375204	     -8.80547835	      0.00000000	    -46.89058407	      1.46132018	    -14.71865747	    -70.90619139	    -22.36838730	      9.25595443	      0.00000000	    -36.77792665	      2.84352013	     -7.65869692
      8.76666700	     35.01641733	     -1.34089778	     -0.59329036	     61.81660991	      0.87860230	     -0.03156255	    -19.90248440	     22.51199463	     16.37837245	     -4.83776697	    -26.00729967	    -18.23385692	      0.00000000	    -43.29547202	      0.93138436	    -14.07957758	    -77.47253720	    -20.28011978	      5.57104057	      0.00000000	    -37.42780897	      2.31077329	     -8.08027063
      8.78333300	     35.49401960	      0.48501167	      0.73368495	     61.91550732	      0.86139040	     -0.03049072	    -22.75919420	     23.13362202	     20.77070305	    -11.22723747	    -10.71091739	    -25.63909420	      0.00000000	    -38.90395281	      1.23510710	    -12.87583586	    -83.24041760	    -18.38728399	      1.85968325	      0.00000000	    -37.98352204	      1.21821002	     -7.86762401
      8.80000000	     36.66451144	      1.94130028	      1.88400323	     62.01324704	      0.85234722	     -0.03103782	    -27.07129705	     23.16692943	     18.32300195	    -16.05159380	      3.19190215	    -20.93967819	      0.00000000	    -35.03972011	      1.79359080	    -11.71469044	    -87.10235697	    -15.73283229	     -0.44501749	      0.00000000	    -39.13305071	      0.67793949	     -7.34907806
      8.81666700	     36.95161599	      2.91815348	      1.91836451	     62.10982020	      0.85330874	     -0.03181181	    -31.21283921	     22.54762223	     15.01713374	    -19.53678836	     11.14607017	    -13.57322000	      0.00000000	    -29.77740659	      3.43304669	    -10.72547487	    -88.48645553	    -12.68457534	      0.04910974	      0.00000000	    -39.32132795	      0.14608839	     -5.73796661
      8.83333300	     37.38783175	      3.74253324	      0.96367336	     62.20505737	      0.86106969	     -0.03383071	    -36.18724980	     21.12924845	     12.83426446	    -22.32676924	     12.94701336	     -8.43492063	      0.00000000	    -24.42108766	      6.26257952	     -9.71839466	    -87.52618024	    -10.43629312	      2.79760489	      0.00000000	    -39.55247339	     -0.53011411	     -3.56028192
